id,version,name,category,status,complexity,domains,last_updated,tuple_notation,definition_desc,num_components,num_properties,num_operations,num_type_definitions,num_manifestations,component_names,property_names,operation_names,requires,uses,specializes,specialized_by,manifestation_names
C1,1.1,Graph Structure,concept,stable,medium,Data Structures|Graph Theory,2025-11-23,"$G = (N, E, \lambda_n, \lambda_e)$","A graph structure represents entities (nodes) and their relationships (edges), fundamental to modeling connected data.",2,2,3,0,7,\lambda_n|\lambda_e,Connectivity|Cycle Detection,Path|Traverse|Neighbors,,,,,Knowledge graphs|File trees|Feature history|Axiom dependencies|Part hierarchies|Social networks|Dependency graphs
C2,1.1,Document/Artifact,pattern,stable,medium,Data Structures|Formal Methods,2025-11-23,"$doc = (state, process, visualize, interact) : \text{Input} \to \text{Output}$","Documents and artifacts process input to produce output, encapsulating computational transformation patterns.",4,4,3,3,3,input|process|output|display,Correctness|Performance|Consistency|Usability,Process|Display|Update,,,,,Document/Artifact in modern applications|Web-based document/artifact|Mobile document/artifact
C3,1.1,Symbolic Expression,concept,stable,medium,Formal Methods|Type Systems,2025-11-23,"$T = (root, children)$",Symbolic expressions represent mathematical and computational formulas as structured tree data.,2,3,3,0,6,root|children,Parseability|Evaluability|Transformability,Parse|Evaluate|Simplify,,,,,Symbolic math|Tags/taxonomies|Code AST|Mathematical formulas|Constraints|Queries
C4,1.1,Metadata Schema,concept,stable,medium,Metadata|Schema Design,2025-11-23,"$M = (schema, data, validators)$",Metadata schemas define structured data fields with types and validation rules.,3,3,3,0,5,schema|data|validators,Type Safety|Validation|Extensibility,Add Field|Query|Index,,,,,Tags|Properties|Attributes|Annotations|Labels
C5,1.1,Version History,concept,stable,medium,Version Control|History Tracking,2025-11-23,"$H = (states, deltas, branches)$",Version history tracks changes over time as immutable states and deltas.,3,3,3,0,6,states|deltas|branches,Immutability|Reconstructability|Branching,Checkout|Diff|Revert,,,,,Git commits|Document revisions|Database transaction log|Edit history|Feature sequence|Proof versions
F1.1,1.1,Input Capture Flow,pattern,stable,medium,Process Flow|Architecture,2025-11-23,"$F = (source, validator, normalizer, store)$",Input capture validates and normalizes external inputs before storing in the system.,4,3,3,4,5,source|validator|normalizer|store,Validation Required|Normalization|Persistence,Capture|Validate|Normalize,,,,,User input forms|File upload handlers|API request handlers|Sensor data ingestion|Clipboard paste operations
F1.2,1.1,Data Import Flow,pattern,stable,medium,Process Flow|Architecture,2025-11-23,"$I = (source, parser, transformer, integrator)$",Data import parses external formats and transforms them to internal schema.,4,3,3,4,5,source|parser|transformer|integrator,Format Support|Schema Transformation|Conflict Resolution,Import|Parse|Transform,,,,,File importers|Database migration tools|API integrations|Bulk data imports|Document converters
F1.3,1.1,Live Data Stream Flow,pattern,stable,medium,Process Flow|Architecture,2025-11-23,"$L = (stream, buffer, processor, emitter)$",Live data stream processes continuous event flows with buffering and backpressure.,4,3,3,3,5,stream|buffer|processor|emitter,Ordering Preservation|Backpressure Handling|At-Least-Once Delivery,Stream|Process|Emit,,,,,Real-time data feeds|WebSocket connections|Event streaming|Live metrics collection|Chat/messaging systems
F2.1,1.1,Processing Pipeline Flow,pattern,stable,medium,Process Flow|Architecture,2025-11-23,"$P = (stages, ir, error\_handler, compose)$",Processing pipelines compose sequential transformation stages with intermediate representations.,4,3,3,3,5,stages|ir|error\_handler|compose,Sequential Composition|Error Propagation|Determinism,Execute Pipeline|Compose Stages|Handle Error,,,,,Compiler pipelines|Data transformation|Build systems|Markdown renderers|Image processing
F2.3,1.1,Validation Flow,pattern,stable,medium,Process Flow|Architecture,2025-11-23,"$I = (graph, cache, invalidate, recompute)$",Validation flows check data integrity and business rules at processing boundaries.,4,3,6,5,5,graph|cache|invalidate|recompute,Complete Validation|Fail-Fast|Violation Reporting,Update|Invalidate|Recompute|Validate Schema|Validate Business Rules|Report Violations,,,,,Spreadsheet recalculation|Build systems|Reactive frameworks|Query optimization|Dataflow programming
F2.4,1.1,Enrichment Flow,pattern,stable,medium,Process Flow|Architecture,2025-11-23,"$E = (base, enrichers, combine, output)$",Enrichment flows augment data with additional context from external sources.,4,3,4,6,5,base|enrichers|combine|output,Enrichment Completeness|Fallback on Failure|Original Preservation,Enrich|Fetch Enrichment|Merge|Combine,,,,,Data augmentation|Content enrichment|Profile enrichment|Product enrichment|Log enrichment
F3.1,1.1,State Transition Flow,pattern,stable,medium,Process Flow|Architecture,2025-11-23,"$L = (observe, learn, update, apply)$",State transition flows manage discrete state changes through defined transitions.,4,3,6,7,5,observe|learn|update|apply,Determinism|Completeness|State Validity,Execute Loop|Learn|Apply|Transition|Is Allowed|Get Valid Events,,,,,Reinforcement learning systems|Recommender systems|Adaptive user interfaces|Auto-tuning systems|Online learning algorithms
F3.2,1.1,Event-Driven Flow,pattern,stable,medium,Process Flow|Architecture,2025-11-23,"$V = (validate, report, correct, verify)$",Event-driven flows react to events by dispatching handlers and updating state.,4,3,6,7,5,validate|report|correct|verify,Loose Coupling|Async Processing|Handler Isolation,Execute Validation|Validate|Correct|Emit Event|Subscribe|Handle Event,,,,,Form validation with corrections|Code linters with auto-fix|Data quality checks|Schema validation|Constraint satisfaction solvers
F3.3,1.1,Adaptation Loop Flow,pattern,stable,medium,Process Flow|Architecture,2025-11-23,"$A = (monitor, detect, adjust, measure)$",Adaptation loops monitor system behavior and adjust parameters dynamically.,4,3,4,7,5,monitor|detect|adjust|measure,Convergence|Bounded Adaptation|Monotonic Improvement,Monitor|Analyze|Adapt|Execute,,,,,Auto-scaling systems|Self-healing infrastructure|Adaptive bitrate streaming|Dynamic resource allocation|Traffic load balancing
F3.4,1.1,Feedback Loop Flow,pattern,stable,medium,Process Flow|Architecture,2025-11-23,"$U = (track, infer, personalize, apply)$",Feedback loops use output to adjust input in closed-loop control systems.,4,3,6,8,5,track|infer|personalize|apply,Stability|Zero Steady-State Error|Disturbance Rejection,Personalize|Infer Preferences|Apply Configuration|Sense|Compare|Actuate,,,,,Recommendation engines|Adaptive interfaces|Content personalization|Search result ranking|Notification preferences
F4.1,1.1,Presentation Flow,pattern,stable,medium,Process Flow|Architecture,2025-11-23,"$R = (state, render, diff, patch)$",Presentation flows prepare and format data for display to users.,4,3,6,7,5,state|render|diff|patch,Separation of Concerns|Localization Support|Responsive Formatting,Update|Diff|Apply Patch|Format|Localize|Paginate,,,,,React/Vue/Svelte rendering|Virtual DOM frameworks|Incremental rendering|Reactive UI libraries|Real-time dashboards
F4.2,1.1,Query Flow,pattern,stable,medium,Process Flow|Architecture,2025-11-23,"$N = (trigger, route, format, deliver)$",Query flows retrieve and filter data based on criteria and return results.,4,3,3,7,5,trigger|route|format|deliver,Correctness|Completeness|Efficiency,Read Model|Project|Aggregate,,,,,Alert systems|Email notifications|Push notifications|In-app messages|Webhook deliveries
F4.3,1.1,Export and Publishing Flow,pattern,stable,medium,Process Flow|Architecture,2025-11-23,"$E = (source, transform, validate, publish)$",Export flows transform internal data to external formats and publish to destinations.,4,3,3,4,5,source|transform|validate|publish,Format Compliance|Lossless Export|Atomic Publish,Export|Transform|Publish,,,,,Document export|API publishing|Data export|Report generation|Static site generation
F4.4,1.1,Synchronization Flow,pattern,stable,medium,Process Flow|Architecture,2025-11-23,"$M = (query, compute, cache, refresh)$",Synchronization flows keep multiple data sources consistent through coordination.,4,3,3,8,5,query|compute|cache|refresh,Eventual Consistency|Conflict-Free|Idempotence,Publish|Subscribe|Sync,,,,,Database materialized views|Cached aggregations|Precomputed reports|Search indices|Dashboard metrics
F5,1.1,Collaborative Editing Flow,flow,stable,high,Process Flow|Architecture,2025-11-23,"$E = (U, D, O, T, M, \delta_{F5})$",Collaborative editing enables multiple users to edit shared documents concurrently with conflict resolution.,2,1,3,2,4,T|M,Eventual Consistency,Local Edit|Receive Remote Edit|Transform,,,,,Google Docs|Figma multiplayer|VS Code Live Share|Notion collaboration
F6,1.1,Error Recovery Flow,flow,stable,medium,Process Flow|Architecture,2025-11-23,"$E = (detect, classify, strategy, recover)$",Error recovery flows detect failures and apply strategies to restore normal operation.,4,3,3,3,5,detect|classify|strategy|recover,Error Classification|Recovery Exhaustion|State Safety,Retry with Backoff|Circuit Breaker|Graceful Degradation,,,,,Network request retry|File load fallback|Service degradation|Database connection pooling|User retry prompts
P1,1.1,Direct Manipulation Canvas,pattern,stable,low,Software Architecture|Design Patterns,2025-11-23,"$C = (viewport, objects, cursor, tools, state)$",Direct manipulation canvases enable users to interact with visual objects through direct gestures.,5,3,4,3,5,viewport|objects|cursor|tools|state,Direct Feedback|Undo/Redo|Snapping,Select|Drag|Resize|Interpret Gesture,,,,,Graph editor|3D viewport|Drawing canvas|Visual editor|Diagram editors
P10,1.1,Parser/Compiler Pipeline,pattern,stable,low,Software Architecture|Design Patterns,2025-11-23,"$pp = (state, process, visualize, interact) : \text{Input} \to \text{Output}$",Parser/compiler pipelines transform source code through multiple stages to produce executable output.,4,4,8,6,3,input|process|output|display,Correctness|Error Reporting|Optimization|Usability,Process|Display|Update|Scan|Parse|Optimize|Lex|Compile,,,,,Parser/Compiler Pipeline in modern applications|Web-based parser/compiler pipeline|Mobile parser/compiler pipeline
P11,1.1,Validator/Checker,pattern,stable,low,Software Architecture|Design Patterns,2025-11-23,"$val = (state, process, visualize, interact) : \text{Input} \to \text{Output}$",Validators check data against rules and constraints to ensure correctness and completeness.,4,4,3,6,3,input|process|output|display,Completeness|Determinism|Clear Errors|Usability,Type Error|Semantic Error|Syntax Error,,,,,Validator/Checker in modern applications|Web-based validator/checker|Mobile validator/checker
P12,1.1,Solver/Optimizer,pattern,stable,low,Software Architecture|Design Patterns,2025-11-23,"$sol = (state, process, visualize, interact) : \text{Input} \to \text{Output}$",Solvers and optimizers find optimal solutions to constrained problems using algorithms.,4,4,7,6,3,input|process|output|display,Correctness|Optimality|Termination|Usability,Process|Display|Update|Solve|Optimize|Verify|Verify Solution,,,,,Solver/Optimizer in modern applications|Web-based solver/optimizer|Mobile solver/optimizer
P13,1.1,Indexer/Query Engine,pattern,stable,low,Software Architecture|Design Patterns,2025-11-23,"$ie = (state, process, visualize, interact) : \text{Input} \to \text{Output}$",Indexers build searchable indexes and query engines retrieve relevant information efficiently.,4,4,6,6,3,input|process|output|display,Completeness|Query Performance|Ranking Quality|Usability,Process|Display|Update|Index Document|Search|Rebuild Index,,,,,Indexer/Query Engine in modern applications|Web-based indexer/query engine|Mobile indexer/query engine
P14,1.1,Agent Swarm,pattern,stable,low,Software Architecture|Design Patterns,2025-11-23,"$A = (agents, tasks, coord, results)$",Agent swarms coordinate multiple AI agents to solve complex problems collaboratively.,4,3,8,5,4,agents|tasks|coord|results,Load Balancing|Fault Tolerance|Scalability,Task Queue|Priority Queue|Work Stealing|Dispatch Task|Assign to Agent|Deploy Swarm|Coordinate|Aggregate Results,,,,,Multi-agent reasoning|Parallel analysis|Distributed builds|Map-reduce
P15,1.1,Reasoning Chain,pattern,stable,low,Software Architecture|Design Patterns,2025-11-23,"$R = (steps, state, deps, result)$",Reasoning chains show step-by-step logical inference and decision-making processes.,4,3,1,5,4,steps|state|deps|result,Logical Validity|Traceability|Comprehensibility,Display,,,,,AI reasoning|Proof derivation|Build pipelines|Computation traces
P16,1.1,Suggestion/Recommendation System,pattern,stable,low,Software Architecture|Design Patterns,2025-11-23,"$ss = (state, process, visualize, interact) : \text{Input} \to \text{Output}$",Suggestion and recommendation systems analyze context to provide relevant suggestions to users.,4,4,6,5,3,input|process|output|display,Relevance|Personalization|Diversity|Usability,Process|Display|Update|Generate Suggestions|Learn From Feedback|Explain Suggestion,,,,,Suggestion/Recommendation System in modern applications|Web-based suggestion/recommendation system|Mobile suggestion/recommendation system
P17,1.1,Key-Value Store,pattern,stable,low,Software Architecture|Design Patterns,2025-11-23,"$K = (store, get, set, delete)$",Key-value stores provide fast access to data using simple key lookups.,4,3,2,2,4,store|get|set|delete,Fast Lookup|Persistence|Key Uniqueness,Process|Display,,,,,Cache|Settings storage|Session state|Metadata store
P18,1.1,Relational Database,pattern,stable,low,Software Architecture|Design Patterns,2025-11-23,"$R = (tables, schemas, constraints, indices)$",Relational databases organize data in tables with relationships and support SQL queries.,4,3,3,5,4,tables|schemas|constraints|indices,ACID Compliance|Referential Integrity|Query Optimization,Process|Display|Update,,,,,Content database|File metadata|User data|Application state
P2,1.1,Command Interface,pattern,stable,low,Software Architecture|Design Patterns,2025-11-23,"$I = (input, parser, executor, history)$",Command interfaces enable users to execute actions through text-based commands.,4,3,3,1,4,input|parser|executor|history,Discoverability|Error Feedback|Undo Support,Process|Display|Update,,,,,Search bar|Command line|Command palette|Query input
P29,1.1,Centralized State Store,pattern,stable,low,Software Architecture|Design Patterns,2025-11-23,"$S = (store, reducers, selectors, subscriptions)$",Centralized state stores manage application state in a single predictable container.,4,3,4,6,4,store|reducers|selectors|subscriptions,Single Source of Truth|Predictable Updates|Immutable State,Dispatch Action|Subscribe|Get State|Select,,,,,Redux|Vuex|Global state|Application model
P3,1.1,Hierarchical Navigator,pattern,stable,low,Software Architecture|Design Patterns,2025-11-23,"$N = (tree, selection, expansion, breadcrumb)$",Hierarchical navigators display and enable navigation through tree-structured data.,4,3,5,2,5,tree|selection|expansion|breadcrumb,Lazy Loading|Keyboard Navigation|Visual Hierarchy,Expand Node|Collapse Node|Navigate To|Select Node|Navigate,,,,,File explorer|Feature tree|Theorem library|Layer panel|Outline view
P30,1.1,Command Pattern,pattern,stable,low,Software Architecture|Design Patterns,2025-11-23,"$C = (commands, executor, undo\_stack, redo\_stack)$",Command pattern encapsulates requests as objects enabling undo/redo and queuing.,4,3,3,1,4,commands|executor|undo\_stack|redo\_stack,Reversibility|History Tracking|Redo Support,Execute|Undo|Redo,,,,,Undo/redo system|Macro recording|Transaction log|Command history
P31,1.1,Observer Pattern,pattern,stable,low,Software Architecture|Design Patterns,2025-11-23,"$O = (subject, observers, notify)$",Observer pattern enables objects to notify subscribers of state changes automatically.,3,3,5,2,4,subject|observers|notify,Loose Coupling|Automatic Updates|Multiple Observers,Attach|Detach|Notify|Attach Observer|Detach Observer,,,,,Data binding|Event listeners|Reactive subscriptions|Pub/sub systems
P32,1.1,Plugin Architecture,pattern,stable,low,Software Architecture|Design Patterns,2025-11-23,"$P = (interface, registry, loader, lifecycle)$",Plugin architecture enables dynamic extension through loadable modules with defined interfaces.,4,3,5,3,4,interface|registry|loader|lifecycle,Interface Compliance|Isolation|Dynamic Loading,Load Plugin|Call Plugin|Unload Plugin|Activate Plugin|Deactivate Plugin,,,,,VS Code extensions|WordPress plugins|Browser extensions|Plugin systems
P33,1.1,Hook System,pattern,stable,low,Software Architecture|Design Patterns,2025-11-23,"$H = (hooks, handlers, register, invoke)$",Hook systems allow code injection at specific execution points for customization.,4,3,5,3,4,hooks|handlers|register|invoke,Non-Invasive Extension|Priority Ordering|Context Passing,Register Hook|Execute Hooks|Unregister Hook|Register Handler|Invoke Hooks,,,,,Lifecycle hooks|Event handlers|Middleware|Aspect-oriented programming
P34,1.1,Strategy Pattern,pattern,stable,low,Software Architecture|Design Patterns,2025-11-23,"$S = (interface, implementations, selector, current)$",Strategy pattern encapsulates algorithms as interchangeable objects for runtime selection.,4,3,6,4,4,interface|implementations|selector|current,Runtime Selection|Interface Uniformity|Encapsulation,Set Strategy|Execute Strategy|Get Available Strategies|Select Strategy|Execute|Register Strategy,,,,,File format handlers|Solver algorithms|Rendering engines|Compression algorithms
P35,1.1,Split-Pane Layout,pattern,stable,low,Software Architecture|Design Patterns,2025-11-23,"$S = (P, D, R, \delta_{35}, \sigma_{35})$",Split-pane layouts divide screen space into resizable panels for multiple concurrent views.,3,3,4,2,4,R|\delta_{35}|\sigma_{35},Space Conservation|Interactive Resizing|Minimum Size,Split Pane|Resize Pane|Close Pane|Resize,,,,,3-column CMS editor|VS Code panels|Split terminal windows|IDE layouts
P36,1.1,Selection-Driven Panel,pattern,stable,low,Software Architecture|Design Patterns,2025-11-23,"$S = (selection, content, \phi_{36}, observers)$",Selection-driven panels update content automatically based on current selection state.,4,3,5,4,4,selection|content|\phi_{36}|observers,Automatic Updates|Consistency|Contextual Content,Update Selection|Register Panel|Clear Selection|Render Content|Subscribe to Selection,,,,,Inspector Panel|Property Panel|Details Pane|Preview Panel
P37,1.1,Empty State Pattern,pattern,stable,low,Software Architecture|Design Patterns,2025-11-23,"$E = (C, \epsilon_{37}, P, A)$",Empty state pattern provides helpful UI when no data or content is available.,1,3,5,1,4,\epsilon_{37},Contextual Guidance|Actionable|Visual Appeal,Show Empty State|Hide Empty State|Trigger Action|Check Empty|Render Placeholder,,,,,"""No annotations yet""|Empty inbox|Empty canvas|No search results"
P38,1.1,Badge/Indicator Pattern,pattern,stable,low,Software Architecture|Design Patterns,2025-11-23,"$bp = (state, process, visualize, interact) : \text{Input} \to \text{Output}$","Badge and indicator patterns display status, counts, or notifications on UI elements.",4,4,6,4,3,state|measure|visualize|update,Visibility|Compact Display|Color Coding|Usability,Add Badge|Update Count|Remove Badge|Process|Display|Update,,,,,Badge/Indicator Pattern in modern applications|Web-based badge/indicator pattern|Mobile badge/indicator pattern
P39,1.1,Contextual Action Menu,pattern,stable,low,Software Architecture|Design Patterns,2025-11-23,"$M = (T, C, A, \pi_{39}, \sigma_{39}, \delta_{39})$",Contextual action menus provide relevant actions based on current selection and context.,3,3,4,1,4,\pi_{39}|\sigma_{39}|\delta_{39},Context Relevance|Quick Access|Auto Hide,Show Menu|Execute Action|Filter Actions|Open Menu,,,,,Three-dot menu|Right-click context menu|Kebab menu|More actions dropdown
P4,1.1,Property Inspector,pattern,stable,low,Software Architecture|Design Patterns,2025-11-23,"$I = (selection, fields, validators, commit)$",Property inspectors display and enable editing of object properties in structured panels.,4,3,6,1,4,selection|fields|validators|commit,Live Updates|Type Safety|Searchable,Inspect|Edit Property|Filter Properties|Load Properties|Validate Field|Commit Change,,,,,Properties panel|Inspector|Settings panel|Attributes editor
P40,1.1,Mode Toggle System,pattern,stable,low,Software Architecture|Design Patterns,2025-11-23,"$T = (M, m_0, \delta_{40}, \phi_{40}, \iota_{40})$",Mode toggle systems switch between different operational modes with distinct behaviors.,3,3,5,2,4,\delta_{40}|\phi_{40}|\iota_{40},Exclusive Modes|Valid Transitions|Visual Indication,Switch Mode|Get Current Mode|Register Mode Handler|Toggle Mode|Cycle Modes,,,,,Auto-scroll toggle|Edit vs Preview|Tool modes|View modes
P41,1.1,Inline Status Chip,pattern,stable,low,Software Architecture|Design Patterns,2025-11-23,"$S = (I, L, \theta_{41}, \sigma_{41}, \alpha_{41})$",Inline status chips display compact status indicators within text or lists.,2,3,5,2,4,\sigma_{41}|\alpha_{41},Compact Display|Status Colors|Inline Flow,Create Chip|Update Chip|Remove Chip|Update State|Render,,,,,"""AI: Partial"" warning chip|""âœ“ Saved"" success chip|""â± Syncing..."" info chip|""âŒ 2 errors"" error chip"
P42,1.1,Tooltip/Hint System,pattern,stable,low,Software Architecture|Design Patterns,2025-11-23,"$ts = (state, process, visualize, interact) : \text{Input} \to \text{Output}$",Tooltip and hint systems provide contextual help on hover or focus.,4,4,6,4,3,input|process|output|display,Non-Blocking|Smart Positioning|Accessibility|Usability,Show Tooltip|Hide Tooltip|Update Content|Process|Display|Update,,,,,Tooltip/Hint System in modern applications|Web-based tooltip/hint system|Mobile tooltip/hint system
P43,1.1,Application Navigation Drawer,pattern,stable,low,Software Architecture|Design Patterns,2025-11-23,"$D = (S_{43}, C, O, \alpha_{43}, \omega_{43}, \pi_{43})$",Application navigation drawers provide primary navigation through collapsible side panels.,3,3,6,1,4,O|\alpha_{43}|\pi_{43},Responsive Behavior|Persistent State|Keyboard Navigation,Toggle Drawer|Navigate To|Update Badge|Toggle|Pin|Navigate,,,,,Gmail sidebar|VS Code activity bar|Mobile hamburger menus|CMS tool selector
P44,1.1,Keyboard Shortcut System,pattern,stable,low,Software Architecture|Design Patterns,2025-11-23,"$K = (B, M, H, C, P)$",Keyboard shortcut systems enable efficient command execution through key combinations.,4,3,6,2,4,B|H|C|P,Context Awareness|Discoverability|Customizable,Register Shortcut|Handle Key Event|Show Shortcuts|Register Binding|Handle Keypress|Display Hint,,,,,Ctrl+S|Ctrl+Z/Y|Ctrl+F|Esc
P45,1.1,Drag and Drop Interaction,pattern,stable,low,Software Architecture|Design Patterns,2025-11-23,"$D = (S, T, G, F, \phi_{45}, \psi_{45})$",Drag and drop interaction enables intuitive manipulation of UI elements through mouse gestures.,3,3,4,1,4,G|F|\phi_{45},Visual Feedback|Valid Drop Zones|Undo Support,Start Drag|During Drag|End Drag|Drop,,,,,Reorder tabs|Move files|Drag blocks to reorder|Kanban cards
P46,1.1,Focus Management System,pattern,stable,low,Software Architecture|Design Patterns,2025-11-23,"$F = (O, \tau_{46}, R, I, S)$",Focus management systems control keyboard focus flow and accessibility.,4,3,5,1,4,O|\tau_{46}|R|I,Logical Order|Keyboard Navigation|Screen Reader Support,Set Focus|Next Focusable|Create Focus Trap|Move Focus Forward|Trap Focus,,,,,Modal dialog focus trap|Keyboard navigation|Skip links|Accessible widgets
P47,1.1,Inline Editing Pattern,pattern,stable,low,Software Architecture|Design Patterns,2025-11-23,"$E = (M, \sigma_{47}, \tau_{47}, \phi_{47}, \psi_{47})$",Inline editing pattern enables direct content editing without separate forms.,3,3,5,1,4,\tau_{47}|\phi_{47}|\psi_{47},Direct Manipulation|Instant Feedback|Keyboard Support,Start Edit|Save Edit|Cancel Edit|Enter Edit Mode|Commit Changes,,,,,Click paragraph to edit|Spreadsheet cell editing|Filename rename|Tag editing
P48,1.1,Form Validation Pattern,pattern,stable,low,Software Architecture|Design Patterns,2025-11-23,"$V = (fields, rules, state, errors)$",Form validation pattern validates user input and provides helpful error feedback.,4,4,10,5,5,fields|rules|state|errors,Real-Time Validation|Clear Messages|Accessibility|Cross-Field Validation,On Submit|On Blur|On Change|Hybrid (Recommended)|Validate Form|Register Rule|Built-in Validators|Validate Field|Display Errors|Clear Errors,,,,,Registration forms|Login forms|Settings panels|Data entry forms|Survey forms
P49,1.1,Multi-Step Form (Wizard) Pattern,pattern,stable,low,Software Architecture|Design Patterns,2025-11-23,"$W = (steps, current, data, nav, progress)$",Multi-step form wizards guide users through complex processes with sequential steps.,5,4,8,2,5,steps|current|data|nav|progress,Linear Progress|State Preservation|Progress Visibility|Non-Linear Navigation,Linear|Stepped|Breadcrumb|Next Step|Previous Step|Go To Step|Validate Step|Submit Wizard,,,,,Checkout flow|Onboarding wizard|Setup assistant|Multi-page survey|Installation wizard
P5,1.1,Tabbed Workspace,pattern,stable,low,Software Architecture|Design Patterns,2025-11-23,"$W = (tabs, active, buffers, state)$",Tabbed workspaces organize content into switchable tabs for efficient multi-tasking.,4,3,4,1,4,tabs|active|buffers|state,State Preservation|Keyboard Navigation|Visual Active Indicator,Create Tab|Switch Tab|Close Tab|Open Tab,,,,,Editor tabs|Document tabs|Multi-file editing|Chat tabs
P50,1.1,Form Dependency Pattern,pattern,stable,low,Software Architecture|Design Patterns,2025-11-23,"$D = (fields, deps, update, cascade)$",Form dependency pattern manages field interdependencies and conditional visibility.,4,4,9,2,5,fields|deps|update|cascade,Automatic Updates|Cascade Handling|Cycle Prevention|Value Computation,Conditional Visibility|Value Computation|Update Field|Compute Derived Value|Cascading Defaults|Dynamic Options|Register Dependency|Update Dependent|Evaluate Conditions,,,,,Address forms|Product configurators|Tax calculators|Dynamic pricing forms|Conditional survey questions
P51,1.1,Responsive Layout Pattern (NEW),pattern,stable,low,Software Architecture|Design Patterns,2025-11-23,"$L = (breakpoints, layouts, current)$",Responsive layout pattern adapts UI to different screen sizes and orientations.,3,3,9,3,4,breakpoints|layouts|current,Fluid Adaptation|Mobile First|Performance,Collapsing Navigation|Column Reflow|Component Swap|Select Layout|Apply Layout|Register Breakpoint|Detect Viewport|Apply Breakpoint|Reflow,,,,,Responsive web apps|Mobile-first design|Adaptive interfaces|Cross-device layouts
P52,1.1,Pagination Pattern,pattern,stable,low,Software Architecture|Design Patterns,2025-11-23,"$P = (data, page, size, total, nav)$",Pagination pattern divides large datasets into manageable pages for display.,5,3,12,2,5,data|page|size|total|nav,Complete Coverage|Page Size Consistency|Navigation Clarity,Offset-Based (Traditional)|Cursor-Based (API)|Numbered|Simple|Load More|Get Page|Navigate|Change Page Size|Infinite Scroll|Go To Page|Next Page|Set Page Size,,,,,Search results|Product listings|Data tables|Blog archives|API responses
P53,1.1,Filtering Pattern,pattern,stable,low,Software Architecture|Design Patterns,2025-11-23,"$F = (data, filters, active, result, facets)$",Filtering pattern enables users to narrow down displayed data based on criteria.,5,3,9,4,5,data|filters|active|result|facets,Compound Filtering|Real-Time Results|Filter Visibility,Range Filter|Boolean Filter|Apply Filter|Compute Result|Compute Facets|Clear Filters|Add Filter|Remove Filter|Apply Filters,,,,,E-commerce product filters|Search result filters|Data table column filters|Email filters|Log viewers
P54,1.1,Sorting Pattern,pattern,stable,low,Software Architecture|Design Patterns,2025-11-23,"$S = (data, columns, order, comparator)$",Sorting pattern enables users to order data by specified criteria.,4,3,10,3,5,data|columns|order|comparator,Stable Sort|Direction Indication|Performance,Drag to Reorder|Sort Data|Composite Comparator|Toggle Sort|Clear Sort|Single Column|Multi-Column (Shift-Click)|Sort By|Toggle Direction|Multi Sort,,,,,Data tables|File explorers|Email clients|Spreadsheets|Admin panels
P55,1.1,Virtualization Pattern,pattern,stable,low,Software Architecture|Design Patterns,2025-11-23,"$V = (data, viewport, item\_height, buffer, visible)$",Virtualization pattern renders only visible items for efficient handling of large lists.,5,4,8,1,5,data|viewport|item\_height|buffer|visible,Constant Memory|Smooth Scrolling|Accurate Scrollbar|Content Height,Handle Variable Heights|Variable Height (Estimated)|Dynamic Height|Calculate Visible Items|Update On Scroll|Calculate Visible Range|Render Visible|Handle Scroll,,,,,Large lists|Data grids|Feed viewers|Log viewers|File explorers
P56,1.1,Cache Strategy Pattern,pattern,stable,low,Software Architecture|Design Patterns,2025-11-23,"$C = (storage, policy, ttl, evict)$",Cache strategy pattern stores frequently accessed data for faster retrieval.,4,3,9,4,5,storage|policy|ttl|evict,Hit Rate|Bounded Size|Freshness,Cache-Aside|Read-Through|Write-Through|Write-Behind|Get (with Cache-Through)|Set|Get|Put|Evict,,,,,Browser cache|CDN caching|Database query cache|Computed value cache|Image thumbnails
P57,1.1,Data Migration Pattern,pattern,stable,low,Software Architecture|Design Patterns,2025-11-23,"$M = (versions, migrations, current, rollback)$",Data migration pattern transforms and moves data between schema versions or systems.,4,3,9,5,4,versions|migrations|current|rollback,Data Integrity|Rollback Safety|Progress Tracking,Additive (Safe)|Transformative|Destructive (Dangerous)|Migrate Up|Migrate Down|Create Migration|Plan Migration|Execute Migration|Rollback,,,,,Database schema migrations|API version upgrades|File format conversions|Configuration updates
P58,1.1,Authentication Pattern,pattern,stable,low,Software Architecture|Design Patterns,2025-11-23,"$A = (users, credentials, sessions, verify, tokens)$",Batch processing pattern handles large-scale operations in manageable chunks.,5,3,13,6,4,users|credentials|sessions|verify|tokens,Progress Tracking|Error Isolation|Resource Management,Authenticate|Register User|Verify Password|Create Session|Validate Session|Generate Token (JWT)|Session-Based|Token-Based (JWT)|OAuth 2.0|Multi-Factor (MFA)|Create Batch|Process Batch|Retry Failed,,,,,User login systems|API authentication|SSO|Multi-factor authentication
P59,1.1,Authorization Pattern,pattern,stable,low,Software Architecture|Design Patterns,2025-11-23,"$Z = (subjects, objects, permissions, policies, check)$",Rate limiting pattern controls request frequency to prevent overload.,5,3,11,6,4,subjects|objects|permissions|policies|check,Fair Distribution|Precise Enforcement|Clear Feedback,Role-Based Access Control (RBAC)|Attribute-Based Access Control (ABAC)|Access Control Lists (ACL)|Ownership|Evaluate Policy|Check Permission|Grant Permission|Revoke Permission|Allow Request|Reset Limit|Get Limit Info,,,,,File permission systems|API authorization|Database row-level security|Cloud resource access
P6,1.1,Palette/Toolbar,pattern,stable,low,Software Architecture|Design Patterns,2025-11-23,"$pal = (state, process, visualize, interact) : \text{Input} \to \text{Output}$",Contextual menus provide actions relevant to the current selection or location.,4,4,6,4,3,input|process|output|display,Context Awareness|Smart Positioning|Keyboard Support|Usability,Show Menu|Execute Action|Close Menu|Process|Display|Update,,,,,Palette/Toolbar in modern applications|Web-based palette/toolbar|Mobile palette/toolbar
P60,1.1,Input Sanitization Pattern,pattern,stable,low,Software Architecture|Design Patterns,2025-11-23,"$S = (validators, sanitizers, encoders, rules)$",Retry policy pattern handles transient failures with configurable retry strategies.,4,3,11,7,4,validators|sanitizers|encoders|rules,Bounded Attempts|Exponential Backoff|Error Classification,Validate Input|Sanitize Input|XSS (Cross-Site Scripting)|SQL Injection|Path Traversal|Command Injection|LDAP Injection|Encode Output|Execute With Retry|Calculate Backoff|Is Retryable,,,,,Form input validation|API input sanitization|Template rendering|Database query builders
P61,1.1,Unit Test Pattern,pattern,stable,low,Software Architecture|Design Patterns,2025-11-23,"$U = (sut, arrange, act, assert, cleanup)$",Circuit breaker pattern prevents cascading failures by stopping requests to failing services.,5,4,9,5,4,sut|arrange|act|assert|cleanup,Fail Fast|Auto Recovery|State Visibility|Single Assertion Focus,Given-When-Then (BDD style)|Table-Driven Tests|Parameterized Tests|Execute Test|Run Test Suite|Mock Dependency|Call Through Breaker|Open Breaker|Reset Breaker,,,,,Unit tests|TDD|Component tests|Function tests
P62,1.1,Integration Test Pattern,pattern,stable,low,Software Architecture|Design Patterns,2025-11-23,"$I = (components, interactions, environment, verify)$",Bulkhead pattern isolates resources to prevent cascade failures across system components.,4,3,16,4,4,components|interactions|environment|verify,Isolation|Resource Limits|Fair Allocation,Top-Down|Bottom-Up|Big Bang|Sandwich (Hybrid)|Mock|Mock Object|Stub|Spy|Fake|Fixture|Setup Environment|Execute Integration Test|Teardown Environment|Allocate Resource|Release Resource|Create Pool,,,,,API integration tests|Database integration tests|Service-to-service tests|End-to-end user flows
P63,1.1,End-to-End Test Pattern,pattern,stable,low,Software Architecture|Design Patterns,2025-11-23,"$E = (scenario, browser, pages, assertions, data)$",Graceful degradation pattern maintains partial functionality when components fail.,5,3,8,6,4,scenario|browser|pages|assertions|data,Partial Availability|Automatic Fallback|Transparent Recovery,Basic Logging|Structured Logging|Launch Browser|Execute Scenario|Cleanup Session|Check Component Health|Degrade Gracefully|Restore Service,,,,,UI automation|Acceptance tests|Smoke tests|Regression tests
P64,1.1,Generative UI,pattern,stable,high,AI|UI|Generative,2025-11-23,"$G = (T_{lib}, ctx, gen, render, stream) : \text{ctx} \times T_{lib} \to \text{UI}_{dynamic}$",Content delivery strategy pattern optimizes asset delivery through caching and CDNs.,5,4,6,5,4,T_{lib}|ctx|gen|render|stream,Low Latency|Geographic Distribution|Cache Efficiency|Real-Time Morphing,Resolve Asset URL|Invalidate Cache|Preload Assets|Generate Component|Stream Render|Morph UI,,P112|P115,,,Vercel AI SDK streamUI|ChatGPT UI morphing|Claude Artifacts|v0.dev generated interfaces
P65,1.1,Streaming Component,pattern,stable,high,AI|Streaming|UI,2025-11-23,"$S = (\tau_{stream}, buf, Q_{render}, sync) : \text{Token} \to \Delta \text{UI}$",API versioning pattern manages multiple API versions for backward compatibility.,4,4,6,5,4,\tau_{stream}|buf|Q_{render}|sync,Backward Compatibility|Clear Communication|Migration Support|Sync Consistency,Route Request|Deprecate Version|Migrate Client|Accumulate Tokens|Enqueue Render|Flush Buffer,P22|P114,P115,,,ChatGPT streaming responses|Vercel AI SDK useChat|LangChain StreamingStdOutCallbackHandler|Claude streaming API
P66,1.1,Context-Adaptive Interface,pattern,stable,high,AI|Adaptive UI|Personalization,2025-11-23,"$A = (U_{state}, T_{ctx}, T_{ui}, R_{adapt}) : \text{Context} \to \text{UI}_{morphed}$",Webhook pattern enables event-driven integrations through HTTP callbacks.,4,4,6,6,4,U_{state}|T_{ctx}|T_{ui}|R_{adapt},At-Least-Once Delivery|Signature Verification|Idempotency Support|Variant Coverage,Register Webhook|Deliver Event|Retry Failed|Extract Context|Select Variant|Morph Interface,,P136|P137,,,Notion adaptive workspace|Figma context-aware panels|VS Code adaptive UI|Gmail smart compose
P67,1.1,Progressive Disclosure by AI,pattern,stable,high,AI|Progressive Disclosure|UX,2025-11-23,"$D = (H_{info}, score_{rel}, \sigma_{disc}) : \text{Information} \to \text{Revealed}_t$",Event sourcing pattern persists state changes as a sequence of events.,3,4,6,6,4,H_{info}|score_{rel}|\sigma_{disc},Complete History|Event Immutability|Reproducible State|Cognitive Load Management,Append Event|Replay Events|Create Snapshot|Score Relevance|Next To Reveal|Expand Node,,P3|P37,,,Apple Vision Pro spatial UI|GitHub Copilot suggestions|Notion database views|ChatGPT function calling
P68,1.1,Agent Team Visualization,pattern,stable,high,AI|Multi-Agent|Visualization,2025-11-23,"$V_{team} = (A_{roster}, R_{roles}, S_{status}, C_{coord}) : \text{Agents} \to \text{Visualization}$",CQRS pattern separates read and write operations for optimized data access.,4,4,6,6,4,A_{roster}|R_{roles}|S_{status}|C_{coord},Write Optimization|Read Optimization|Eventual Consistency|Coordination Visibility,Execute Command|Execute Query|Project Events|Add Agent|Update Status|Visualize Coordination,P14,P93,,,CrewAI agent dashboard|AutoGPT agent tree|LangGraph agent graph|Mastra agent monitor
P69,1.1,Agent Activity Timeline,pattern,stable,high,AI|UI,2025-11-23,"$T_{activity} = (Events, Timeline, Agents, Actions) : Agent 	imes Time 	o Activity_{log}$",Saga pattern manages distributed transactions across services through coordinated workflows.,4,4,6,6,4,Events|Timeline|Agents|Actions,Atomicity|Idempotency|Compensation Order|Real-Time Updates,Start Saga|Execute Step|Compensate|Log Event|Filter by Agent|Render Timeline,P22,P112|P124,,,LangSmith trace timeline|CrewAI execution log|AutoGPT activity tracker|Datadog APM for AI agents
P7,1.1,Breadcrumb Trail,pattern,stable,low,Software Architecture|Design Patterns,2025-11-23,"$B = (path, separators, actions)$",Dashboard layout pattern organizes information widgets in configurable grid layouts.,3,3,5,3,3,path|separators|actions,Drag and Drop|Responsive Grid|Persistence,Add Widget|Move Widget|Resize Widget|Compute Path|Navigate,,,,,File path|Navigation chain|Context path
P70,1.1,Agent Handoff,pattern,stable,high,AI|Agent Coordination|Handoff,2025-11-23,"$H = (A_{from}, A_{to}, \Sigma_{state}, T_{transfer}, V_{verify}) : \text{Task} \times \text{Context} \to \text{Transfer}$",Message queue pattern enables asynchronous communication through buffered message delivery.,5,4,6,4,4,A_{from}|A_{to}|\Sigma_{state}|T_{transfer}|V_{verify},FIFO Order|At-Least-Once Delivery|Bounded Queue|Verification Required,Enqueue|Dequeue|Acknowledge|Initiate Handoff|Accept Handoff|Rollback Handoff,P14,P69|P91,,,CrewAI task delegation|LangGraph conditional edges|AutoGPT sub-agent spawning|Customer service agent escalation
P71,1.1,Orchestration Dashboard,pattern,stable,high,AI|Orchestration|Dashboard,2025-11-23,"$D_{orch} = (W_{flow}, A_{agents}, M_{metrics}, C_{control}) : \text{Workflow} \to \text{Dashboard}$",Pub/Sub pattern enables event broadcasting to multiple subscribers.,4,4,6,4,4,W_{flow}|A_{agents}|M_{metrics}|C_{control},Decoupling|Broadcast|Async Delivery|Dependency Visualization,Subscribe|Publish|Unsubscribe|Render Workflow|Update Metrics|Execute Control,F2.2|P14,P69|P129,,,LangGraph Studio|Temporal workflow UI|Airflow DAG view|Prefect dashboard
P72,1.1,Agent Role Selector,pattern,stable,high,AI|Agent Roles|Management,2025-11-23,"$S_{role} = (R_{available}, T_{task}, M_{match}, A_{assign}) : \text{Task} \to \text{Agent} \times \text{Role}$",Request/Reply pattern enables synchronous request-response communication.,4,4,6,5,4,R_{available}|T_{task}|M_{match}|A_{assign},Correlation|Timeout Handling|Synchronous Semantics|Load Balancing,Send Request|Handle Request|Send Response|Match Role|Select Best Role|Assign Agent,P14,P71,,,CrewAI role assignment|MetaGPT role system|AutoGen agent selection|LangGraph conditional routing
P73,1.1,Composite Action,pattern,stable,high,AI|Composite Actions|Automation,2025-11-23,"$C = (A_{atomic}, compose, exec, rollback) : \text{Set}\langle \text{Action} \rangle \to \text{Action}_{composite}$",API Gateway pattern provides a unified entry point for microservices.,4,4,6,4,4,A_{atomic}|compose|exec|rollback,Single Entry Point|Service Discovery|Protocol Translation|Compensation Completeness,Route Request|Aggregate Requests|Apply Rate Limit|Compose Actions|Execute Composite|Rollback Composite,P30,P14|P92,,,LangChain sequential chains|Database transactions|Workflow orchestration|API composition patterns
P74,1.1,Continuous AI Monitoring,pattern,stable,high,AI|Monitoring|Observability,2025-11-23,"$M_{cont} = (S_{stream}, D_{detect}, T_{threshold}, A_{alert}) : \text{State}_{stream} \to \text{Anomalies}$",Service mesh pattern manages service-to-service communication through sidecar proxies.,4,4,6,4,4,S_{stream}|D_{detect}|T_{threshold}|A_{alert},Transparent Proxying|mTLS|Observability|False Positive Rate,Intercept Request|Load Balance|Encrypt Traffic|Detect Anomalies|Generate Alert|Update Thresholds,P22|P112,P27|P129,,,LangSmith monitoring|Datadog AI observability|Weights & Biases monitoring|Arize AI monitoring
P75,1.1,Proactive Intervention,pattern,stable,high,AI|Proactive|Intervention,2025-11-23,"$I_{proact} = (P_{predict}, T_{timing}, A_{action}, U_{user}) : \text{Context} \to \text{Intervention}$",Backend for Frontend pattern creates specialized backend services for specific client types.,4,4,6,5,4,P_{predict}|T_{timing}|A_{action}|U_{user},Client Optimization|Backend Abstraction|Independent Evolution|User Acceptance Rate,Handle Client Request|Aggregate Backend Calls|Transform For Client|Predict Need|Determine Timing|Execute Intervention,,P76|P77|P79,,,Gmail Smart Reply|GitHub Copilot proactive suggestions|Notion AI writing assistance|Calendar smart scheduling
P76,1.1,Ambient AI,pattern,stable,high,AI|Ambient|Background,2025-11-23,"$A_{ambient} = (C_{aware}, P_{cont}, I_{subtle}, E_{bg}) : Context \to Actions_{unobtrusive}$",Strangler fig pattern gradually replaces legacy systems with new implementations.,4,3,3,1,3,C_{aware}|P_{cont}|I_{subtle}|E_{bg},Gradual Migration|Zero Downtime|Rollback Safety,Route Request|Migrate Feature|Decommission Legacy,,,,,"AI, Ambient implementation|Enterprise applications|Cloud architectures"
P77,1.1,Intelligent Interruption,pattern,stable,high,AI|Interruption|Attention,2025-11-23,"$I_{int} = (S_{load}, D_{boundary}, score_{urgency}, Sched) : (Task, Interrupt) \to Time_{optimal}$",Anti-corruption layer pattern translates between bounded contexts to maintain domain integrity.,4,3,3,3,3,S_{load}|D_{boundary}|score_{urgency}|Sched,Domain Isolation|Bidirectional Translation|Invariant Preservation,Translate Request|Translate Response|Register Mapping,,,,,"AI, Interruption implementation|Enterprise applications|Cloud architectures"
P78,1.1,Background Task Management,pattern,stable,high,AI|Background Tasks|Management,2025-11-23,"$B_{task} = (Q_{tasks}, I_{progress}, N_{complete}, S_{results}) : Tasks_{async} \to UI_{status}$",Microservices architecture pattern decomposes applications into independently deployable services.,4,3,3,2,3,Q_{tasks}|I_{progress}|N_{complete}|S_{results},Service Independence|Bounded Context|Decentralized Data,Deploy Service|Scale Service|Health Check,,,,,"AI, Background Tasks implementation|Enterprise applications|Cloud architectures"
P79,1.1,Anticipatory Action,pattern,stable,high,AI|Anticipatory|Prediction,2025-11-23,"$A_{antic} = (P_{intent}, Prep_{res}, E_{spec}, V_{gate}) : Context \to Actions_{prepared}$",Monolithic architecture pattern organizes application as a single deployable unit.,4,3,3,1,3,P_{intent}|Prep_{res}|E_{spec}|V_{gate},Single Deployment|Shared Database|Process Coupling,Deploy Application|Scale Application|Update Application,,,,,"AI, Anticipatory implementation|Enterprise applications|Cloud architectures"
P8,1.1,Search-Based Navigation,pattern,stable,low,Software Architecture|Design Patterns,2025-11-23,"$S = (query, index, results, ranker)$","Card-based layouts organize content into self-contained, reusable card components.",4,3,6,2,4,query|index|results|ranker,Self-Contained|Responsive Grid|Consistent Styling,Create Card|Arrange Cards|Make Interactive|Search|Update Index|Rank,,,,,File search|Theorem search|Command palette|Symbol search
P80,1.1,Voice Conversation,pattern,stable,high,AI|Voice|Multimodal,2025-11-23,"$V_{conv} = (I_{speech}, R_{intent}, M_{dialog}, O_{speech}, H_{int}) : \text{Speech} \leftrightarrow \text{Response}$",Layered architecture pattern organizes code into horizontal layers with defined dependencies.,5,4,6,5,4,I_{speech}|R_{intent}|M_{dialog}|O_{speech}|H_{int},Unidirectional Dependencies|Layer Isolation|Testability|Confidence Threshold,Call Layer|Register Handler|Validate Dependencies|Process Speech|Generate Response|Update Dialog State,,P2|P82|P85,,,OpenAI Advanced Voice Mode|Google Assistant|Alexa Conversations|Siri voice interaction
P81,1.1,Voice Command with Visual Feedback,pattern,stable,high,AI|Voice|Feedback,2025-11-23,"$V_{visual} = (I_{voice}, D_{trans}, V_{intent}, UI_{confirm}) : Voice \to (Command, Visualization)$",Hexagonal architecture pattern isolates core domain logic from external concerns through ports and adapters.,4,3,3,2,3,I_{voice}|D_{trans}|V_{intent}|UI_{confirm},Domain Isolation|Adapter Swapping|Testability,Define Port|Register Adapter|Call Through Port,,,,,"AI, Voice implementation|Enterprise applications|Cloud architectures"
P82,1.1,Multimodal Input Fusion,pattern,stable,high,AI|Multimodal|Fusion,2025-11-23,"$F_{multi} = (I_{voice}, I_{gesture}, I_{screen}, E_{fusion}, Intent_{unified}) : Inputs \to Intent$","Clean architecture pattern enforces dependency rules to create maintainable, testable systems.",5,3,3,2,3,I_{voice}|I_{gesture}|I_{screen}|E_{fusion}|Intent_{unified},Dependency Rule|Framework Independence|Testability,Define Entity|Execute Use Case|Validate Dependencies,,,,,"AI, Multimodal implementation|Enterprise applications|Cloud architectures"
P83,1.1,Voice-First Navigation,pattern,stable,high,AI|Voice|Navigation,2025-11-23,"$N_{voice} = (C_{voice}, G_{nav}, S_{shortcuts}, M_{confirm}) : VoiceCommand \to Navigation$",Event-driven architecture pattern enables loose coupling through asynchronous event propagation.,4,3,3,2,3,C_{voice}|G_{nav}|S_{shortcuts}|M_{confirm},Loose Coupling|Asynchronous Processing|Event Persistence,Publish Event|Subscribe To Events|Process Event,,,,,"AI, Voice implementation|Enterprise applications|Cloud architectures"
P84,1.1,Continuous Dictation,pattern,stable,high,AI|Voice|Dictation,2025-11-23,"$D_{cont} = (T_{stream}, D_{struct}, F_{auto}, M_{punct}) : Speech_{stream} \to Text_{structured}$",Plugin architecture pattern enables extensibility through dynamically loadable components.,4,3,3,1,3,T_{stream}|D_{struct}|F_{auto}|M_{punct},Dynamic Loading|Isolation|Standard Interface,Register Plugin|Load Plugin|Call Plugin,,,,,"AI, Voice implementation|Enterprise applications|Cloud architectures"
P85,1.1,Voice Disambiguation,pattern,stable,high,AI|Voice|Disambiguation,2025-11-23,"$D_{voice} = (D_{ambig}, G_{clarify}, P_{choices}, R_{ctx}) : Ambiguous \to Resolved$",Pipe and filter architecture pattern processes data through a sequence of independent filters.,4,3,3,2,3,D_{ambig}|G_{clarify}|P_{choices}|R_{ctx},Filter Independence|Sequential Processing|Composability,Create Pipeline|Execute Pipeline|Add Filter,,,,,"AI, Voice implementation|Enterprise applications|Cloud architectures"
P86,1.1,Approval Checkpoint,pattern,stable,high,AI|Approval|Control,2025-11-23,"$C_{approve} = (T_{checkpoint}, G_{preview}, UI_{approve}, Gate_{exec}) : Action_{critical} \to Approved \cup Rejected$",Space-based architecture pattern scales by distributing processing and data across processing units.,4,3,3,2,3,T_{checkpoint}|G_{preview}|UI_{approve}|Gate_{exec},Linear Scalability|Data Replication|High Availability,Write To Space|Read From Space|Add Processing Unit,,,,,"AI, Approval implementation|Enterprise applications|Cloud architectures"
P87,1.1,Agency Slider,pattern,stable,high,AI|Agency|Control,2025-11-23,"$S_{agency} = (Spectrum_{control}, Level_{current}, Sens_{ctx}, Adj_{dynamic}) : Context \to Control_{distribution}$",Peer-to-peer architecture pattern enables direct communication between nodes without central coordination.,4,3,3,1,3,Spectrum_{control}|Level_{current}|Sens_{ctx}|Adj_{dynamic},Decentralization|Self-Organization|Resilience,Join Network|Send Message|Replicate Data,,,,,"AI, Agency implementation|Enterprise applications|Cloud architectures"
P88,1.1,Collaboration Mode Switcher,pattern,stable,high,AI|Collaboration|Mode Switching,2025-11-23,"$M_{collab} = (Modes, T_{transition}, P_{state}, I_{mode}) : Mode \to \{AI\text{-}Centric, Human\text{-}Centric, Symbiotic\}$",Breadcrumb navigation provides hierarchical location context and navigation.,4,3,3,2,3,Modes|T_{transition}|P_{state}|I_{mode},Hierarchical Display|Clickable Segments|Current Indication,Build Breadcrumbs|Navigate To|Update Active,,,,,"AI, Collaboration implementation|Enterprise applications|Cloud architectures"
P89,1.1,Confidence Indicator,pattern,stable,high,AI|Confidence|Transparency,2025-11-23,"$I_{conf} = (Score_{conf}, V_{vis}, Alert_{threshold}, Link_{explain}) : Decision \to Confidence \in [0,1]$",Stepper navigation guides users through multi-step processes with progress indication.,4,3,3,2,3,Score_{conf}|V_{vis}|Alert_{threshold}|Link_{explain},Progress Visibility|Step Labels|Validation,Create Stepper|Next Step|Previous Step,,,,,"AI, Confidence implementation|Enterprise applications|Cloud architectures"
P9,1.1,Backlinks/References,pattern,stable,low,Software Architecture|Design Patterns,2025-11-23,"$bac = (state, process, visualize, interact) : \text{Input} \to \text{Output}$",Master-detail pattern shows list of items with detailed view of selected item.,4,4,6,4,3,input|process|output|display,Synchronized Views|Selection Persistence|Responsive Layout|Usability,Show List|Select Item|Update Detail|Process|Display|Update,,,,,Backlinks/References in modern applications|Web-based backlinks/references|Mobile backlinks/references
P90,1.1,Explanation on Demand,pattern,stable,high,AI|Explanation|Transparency,2025-11-23,"$E_{explain} = (Trace_{reason}, G_{explain}, P_{present}, Levels_{detail}) : Decision \to Explanation$",Split pane layout divides screen into resizable panels for parallel content viewing.,4,3,3,3,3,Trace_{reason}|G_{explain}|P_{present}|Levels_{detail},Interactive Resize|Size Constraints|State Persistence,Create Split|Resize Pane|Collapse Pane,,,,,"AI, Explanation implementation|Enterprise applications|Cloud architectures"
P91,1.1,Intervention Request,pattern,stable,high,AI|Intervention|Human-in-Loop,2025-11-23,"$R_{int} = (D_{stuck}, R_{help}, Prov_{ctx}, Resp_{human}) : Stuck \to Help_{request}$",Accordion pattern displays collapsible content sections with expand/collapse controls.,4,3,3,2,3,D_{stuck}|R_{help}|Prov_{ctx}|Resp_{human},Smooth Animation|Single Expand Mode|Keyboard Navigation,Create Accordion|Toggle Section|Expand All,,,,,"AI, Intervention implementation|Enterprise applications|Cloud architectures"
P92,1.1,Contextual Undo/Rollback,pattern,stable,high,AI|Undo|Rollback,2025-11-23,"$U_{ctx} = (H_{actions}, Snap_{state}, Track_{dep}, Prev_{undo}) : Action \to State_{previous}$",Carousel pattern displays rotating content items with navigation controls.,4,3,3,2,3,H_{actions}|Snap_{state}|Track_{dep}|Prev_{undo},Smooth Transitions|Navigation Controls|Indicator Dots,Create Carousel|Next Item|Go To Item,,,,,"AI, Undo implementation|Enterprise applications|Cloud architectures"
P93,1.1,Agent Thinking Indicator,pattern,stable,medium,AI|Thinking|Visualization,2025-11-23,"$I_{think} = (P_{reasoning}, V_{display}, Phase_{current}) : Agent_{state} \to Indicator_{thinking}$",Infinite scroll pattern loads content progressively as user scrolls.,3,3,3,1,3,P_{reasoning}|V_{display}|Phase_{current},Seamless Loading|Loading Indicator|Performance,Monitor Scroll|Load More|Reset,,,,,"AI, Thinking implementation|Enterprise applications|Cloud architectures"
P94,1.1,Tool Execution Visualization,pattern,stable,medium,AI|Tool Execution|Transparency,2025-11-23,"$V_{tool} = (T_{active}, P_{progress}, R_{results}, E_{errors}) : Tool_{exec} \to Visualization$",Lazy loading pattern defers loading of non-critical resources until needed.,4,3,6,1,3,T_{active}|P_{progress}|R_{results}|E_{errors},Viewport Detection|Initial Performance|Placeholder Display,Register Lazy Element|Load Element|Preload Critical|GetResult|Subscribe|GetActive,,,,,"AI, Tool Execution implementation|Enterprise applications|Cloud architectures"
P95,1.1,Multi-Step Progress,pattern,stable,low,AI|Progress|Feedback,2025-11-23,"$P_{multi} = (Steps, Current, Completed, Remaining) : Workflow \to Progress_{visual}$",Responsive image pattern delivers optimized images based on device capabilities.,4,3,6,2,3,Steps|Current|Completed|Remaining,Resolution Matching|Bandwidth Optimization|Retina Support,Select Source|Generate Srcset|Load Optimal|AdvanceStep|GetProgress|GetStepStatus,,,,,"AI, Progress implementation|Enterprise applications|Cloud architectures"
P96,1.1,Real-Time Confidence Display,pattern,stable,low,AI|Confidence|Real-time,2025-11-23,"$C_{rt} = (Conf_{stream}, Update_{live}, Threshold_{alert}) : Decision_{stream} \to Confidence_{t}$","Progressive enhancement pattern builds from basic functionality, adding features for capable browsers.",3,3,6,1,3,Conf_{stream}|Update_{live}|Threshold_{alert},Universal Access|Graceful Degradation|Performance,Detect Capabilities|Apply Enhancement|Fallback|Subscribe|UpdateThreshold|GetCurrentConfidence,,,,,"AI, Confidence implementation|Enterprise applications|Cloud architectures"
P97,1.1,Resource Usage Indicator,pattern,stable,low,AI|Resources|Monitoring,2025-11-23,"$R_{usage} = (API_{calls}, Tokens_{used}, Cost_{current}, Limits) : Resources \to Usage_{display}$","Mobile-first design pattern prioritizes mobile experience, progressively enhancing for larger screens.",4,3,3,1,3,API_{calls}|Tokens_{used}|Cost_{current}|Limits,Mobile Priority|Progressive Enhancement|Performance,Design Mobile|Add Breakpoint|Progressive Layout,,,,,"AI, Resources implementation|Enterprise applications|Cloud architectures"
P98,1.1,Agent State Timeline,pattern,stable,medium,AI|State|Timeline,2025-11-23,"$T_{state} = (States, Decisions, Transitions, History) : Agent_{history} \to Timeline$",Accessibility pattern ensures interfaces are usable by people with disabilities.,4,3,6,1,3,States|Decisions|Transitions|History,Screen Reader Support|Keyboard Navigation|WCAG Compliance,Add ARIA Labels|Ensure Keyboard Nav|Check Contrast|RecordState|QueryHistory|GetTransitions,,,,,"AI, State implementation|Enterprise applications|Cloud architectures"
P99,1.1,Knowledge Graph Explorer,pattern,stable,high,AI|Knowledge Graph|Exploration,2025-11-23,"$E_{graph} = (G, N_{focus}, Traverse, Filter, Layout) : KnowledgeGraph \to Exploration_{interactive}$",Dark mode pattern provides alternative color scheme to reduce eye strain in low-light conditions.,5,3,6,2,3,G|N_{focus}|Traverse|Filter|Layout,Contrast Maintenance|System Integration|Persistence,Toggle Mode|Apply Theme|Auto Detect|SetFocus|Explore|Render,,,,,"AI, Knowledge Graph implementation|Enterprise applications|Cloud architectures"
F2.2,1.1,Transformation Flow,pattern,stable,medium,Process Flow|Architecture,2025-11-23,"$A = (agents, coordinator, tasks, results)$",Transformation flows convert data from one representation to another through mappings.,4,3,6,6,5,agents|coordinator|tasks|results,Mapping Completeness|Type Preservation|Reversibility,Transform|Compose Transforms|Reverse|Orchestrate|Assign Task|Select Agent,,,,,Multi-agent AI systems|Task distribution in distributed systems|Worker pool management|Microservice orchestration|Parallel computation frameworks
P100,1.1,Source Citation,pattern,stable,medium,AI|UI,2025-11-23,"$C_{source} = (Sources, Inline_{refs}, Links, Verification) : \text{Content} \to \text{Sources}_{cited}$",Source citation patterns attribute information to original sources with verification metadata.,4,4,6,5,4,Sources|Inline_{refs}|Links|Verification,Verifiability|Completeness|Freshness|Bidirectional Linking,Cite|Verify|Track Provenance|Add Citation|Verify All Sources|Get Citations for Span,,P9|P101|P102,,,Academic citations|Wikipedia footnotes|AI-generated content citations|GraphRAG citations
P101,1.1,Retrieval Path Visualization,pattern,stable,medium,AI|UI,2025-11-23,"$V_{path} = (Query, Path_{retrieval}, Nodes_{visited}, Score_{relevance}) : \text{Retrieval} \to \text{Path}_{visual}$",Retrieval path visualization shows how information was retrieved and combined from sources.,4,4,6,6,4,Query|Path_{retrieval}|Nodes_{visited}|Score_{relevance},Completeness|Clarity|Interactivity|Multi-Hop Reasoning,Trace Path|Visualize|Explain Step|Trace Retrieval|Visualize Path|Score Path,P19|P99,P104,,,GraphRAG retrieval visualization|Neo4j Bloom path exploration|Knowledge graph explainability|RAG citation paths
P102,1.1,Confidence-Based Highlighting,pattern,stable,medium,AI|UI,2025-11-23,"$H_{conf} = (Text, Conf_{scores}, Colors, Thresholds) : (\text{Content}, \text{Confidence}) \to \text{Highlighted}$",Confidence-based highlighting visually indicates reliability of information through visual cues.,4,4,5,6,4,Text|Conf_{scores}|Colors|Thresholds,Monotonicity|Visual Distinction|Accessibility|Visual Distinguishability,Compute Confidence|Apply Highlighting|Explain Confidence|Categorize Confidence|Interpolate Color,,P80|P89|P96,,,AI fact-checking highlights|Spell-checker confidence|LLM output confidence visualization|Citation confidence display
P103,1.1,Multi-Source Reconciliation,pattern,stable,medium,AI|UI,2025-11-23,"$R_{multi} = (Sources, Conflicts, Resolution, Display) : \text{Sources} \to \text{Reconciled}_{view}$",Multi-source reconciliation combines conflicting information from multiple sources into coherent results.,4,4,4,6,4,Sources|Conflicts|Resolution|Display,Consistency|Completeness|Transparency|Temporal Consistency,Reconcile|Detect Conflicts|Resolve Conflict|Visualize Disagreement,P100,,,,Wikipedia edit conflicts|AI-aggregated answers|News aggregation with bias detection|Multi-RAG source reconciliation
P104,1.1,Graph Query Builder,pattern,stable,medium,AI|UI,2025-11-23,"$B_{query} = (G, Q_{visual}, Cypher, Execute) : \text{UserInput} \to \text{Query}_{graph}$",Graph query builders enable visual construction of complex graph database queries.,4,4,6,5,4,G|Q_{visual}|Cypher|Execute,Visual Feedback|Correctness|Completeness|Query Optimization,Add Node Constraint|Add Edge Constraint|Execute|Add Node Pattern|Compile to Cypher|Execute Query,P19,P99,,,Neo4j Bloom query builder|GraphQL visual editor|SPARQL query builder|Knowledge graph exploration interface
P105,1.1,Semantic Similarity Visualizer,pattern,stable,medium,AI|UI,2025-11-23,"$V_{sim} = (Concepts, Sim_{matrix}, Layout, Threshold) : \text{Set}\langle \text{Concept} \rangle \to \text{Similarity}_{visual}$",Semantic similarity visualizers display relationships based on meaning and content similarity.,4,4,6,6,4,Concepts|Sim_{matrix}|Layout|Threshold,Distance Preservation|Cluster Coherence|Interactivity|Self-Similarity Identity,Compute Similarity|Layout|Cluster|Compute Similarity Matrix|Generate Layout|Filter by Threshold,,P99,,,Embedding space visualization|Document similarity networks|Topic clustering visualization|Knowledge graph similarity view
P106,1.1,Auto-Updating Content,pattern,stable,medium,AI|UI,2025-11-23,"$U_{auto} = (Content, Sources, Monitor, Update_{trigger}) : Document \times Time \to Document'$",Auto-updating content monitors sources and automatically refreshes when changes are detected.,4,3,6,2,3,Content|Sources|Monitor|Update_{trigger},Freshness|Consistency|Reliability,Monitor|Detect Changes|Apply Update|Subscribe|CheckUpdates|ApplyUpdate,,,,,"AI, UI implementation|Enterprise applications|Cloud architectures"
P107,1.1,Suggested Edits,pattern,stable,medium,AI|UI,2025-11-23,"$E_{suggest} = (Content, Improvements, Confidence, Approval) : \text{Document} \to \text{Edits}_{suggested}$",Suggested edits propose automated improvements based on analysis and patterns.,4,4,6,6,4,Content|Improvements|Confidence|Approval,Correctness|Explainability|User Control|Content Preservation,Analyze|Generate Suggestion|Apply Suggestion|Generate Suggestions|Apply Edit|Batch Apply,,P47|P102,,,Grammarly suggestions|GitHub Copilot code suggestions|Google Docs Smart Compose|Notion AI suggested edits
P108,1.1,Cross-Document Linking,pattern,stable,medium,AI|UI,2025-11-23,"$L_{cross} = (Docs, Relationships, Auto_{link}, Display) : \text{Set}\langle \text{Document} \rangle \to \text{Links}$",Cross-document linking creates and maintains references between related documents.,4,4,6,4,4,Docs|Relationships|Auto_{link}|Display,Link Integrity|Bidirectional Navigation|Link Maintenance|Semantic Consistency,Create Link|Find Related|Update Broken Links|Discover Links|Add Manual Link|Get Related Documents,P9,P99,,,"Roam Research backlinks|Notion relation databases|Wikipedia ""See also"" sections|Obsidian graph view"
P109,1.1,Outdated Content Detection,pattern,stable,medium,AI|UI,2025-11-23,"$D_{outdated} = (Content, Sources, Freshness, Alerts) : \text{Document} \to \text{Outdated}_{flags}$",Outdated content detection identifies information that needs updating based on freshness criteria.,4,4,5,6,4,Content|Sources|Freshness|Alerts,Timeliness|Accuracy|Actionability|Continuous Monitoring,Check Freshness|Detect Outdated|Suggest Refresh|Update Freshness Score|Suggest Updates,,P100|P106,,,"Wikipedia outdated tags|Living documents (Elicit, Bit.ai)|News article freshness indicators|Technical documentation staleness detection"
P110,1.1,Collaborative Document Intelligence,pattern,stable,medium,AI|UI,2025-11-23,"$I_{collab} = (Agents, Document, Contributions, Coordination) : (\text{Agents}, \text{Doc}) \to \text{Doc}'$",Collaborative document intelligence provides AI-powered insights for multi-user document editing.,4,4,6,6,4,Agents|Document|Contributions|Coordination,Proactive Assistance|Context Awareness|Privacy Preservation|Attribution Transparency,Analyze Collaboration|Suggest Coordination|Predict Conflicts|Coordinate Agents|Merge Contributions|Resolve Conflict,P14,F5|P135,,,MetaGPT multi-agent document generation|AgentVerse collaborative writing|Google Docs with AI collaborators|CrewAI document workflows
P111,1.1,Document Evolution Timeline,pattern,stable,medium,AI|UI,2025-11-23,"$T_{evol} = (Versions, Changes, Contributors, Timestamps) : \text{Document}_{history} \to \text{Timeline}$",Document evolution timeline visualizes how documents change over time with branching and merging.,4,4,6,5,4,Versions|Changes|Contributors|Timestamps,Completeness|Chronological Order|Branch Clarity|Reconstructability,Build Timeline|Visualize|Compare Versions|Compute Delta|Visualize Timeline|Time Travel,C5,P113,,,Git history visualization|Google Docs version history|Wikipedia revision history|Notion page history
P112,1.1,Event Stream Visualization,pattern,stable,medium,AI|UI,2025-11-23,"$V_{stream} = (Events, Timeline, Filter, Aggregation) : \text{Event}_{stream} \to \text{Visualization}_{realtime}$",Event stream visualization renders real-time event flows as interactive timeline displays.,4,4,5,6,4,Events|Timeline|Filter|Aggregation,Real-Time Updates|Scalability|Interactivity|Filter Preservation,Render Stream|Update Live|Filter Events|Subscribe to Stream|Aggregate Window,P22,P114|P117,,,Kafka real-time dashboard|AG-UI protocol event display|Datadog APM traces|Grafana time-series graphs
P113,1.1,Event Replay Control,pattern,stable,medium,AI|UI,2025-11-23,"$R_{replay} = (History, Selector, Playback, State_{restore}) : \text{Events}_{past} \to \text{Replay}$","Event replay control enables stepping through, rewinding, and replaying event sequences.",4,4,6,5,4,History|Selector|Playback|State_{restore},State Consistency|Reversibility|Speed Control|Selective Replay,Replay|Step|Seek|Replay Events|Step Forward|Time Travel to Point,P22,P30,,,"Redux DevTools time travel|Event sourcing replay|Video game replay systems|Debugging time-travel (rr, Mozilla)"
P114,1.1,Stream Backpressure,pattern,stable,medium,AI|UI,2025-11-23,"$B_{press} = (Stream, Buffer, Rate_{control}, Drop_{strategy}) : \text{Events}_{overwhelming} \to \text{Events}_{managed}$",Stream backpressure mechanisms prevent buffer overflow by controlling producer rates.,4,4,6,6,4,Stream|Buffer|Rate_{control}|Drop_{strategy},Bounded Buffer|Flow Control|Responsiveness|Fairness (when drop-random),Monitor Buffer|Apply Backpressure|Drain Buffer|Enqueue with Backpressure|Apply Drop Strategy|Throttle Stream,P22,,,,Reactive Streams backpressure|Kafka consumer backpressure|TCP flow control|AG-UI event throttling
P115,1.1,Event-Driven State Updates,pattern,stable,medium,AI|UI,2025-11-23,"$U_{event} = (State, Event_{stream}, Reducer, UI_{sync}) : (\text{State}, \text{Events}) \to \text{State}'$",Event-driven state updates propagate changes automatically when events trigger state transitions.,4,4,6,5,4,State|Event_{stream}|Reducer|UI_{sync},Atomicity|Ordering|Consistency|UI Consistency,Register Listener|Dispatch Event|Batch Update|Process Event|Subscribe to Events|Compute State Delta,P22|P29,P30|P31,,,Redux state management|AG-UI STATE_DELTA events|Elm architecture|React state updates from events
P116,1.1,Multi-Stream Coordination UI,pattern,stable,medium,AI|UI,2025-11-23,"$C_{streams} = (Streams, Sync, Merge, Display) : \text{Set}\langle \text{Stream} \rangle \to \text{Unified}_{view}$",Multi-stream coordination UI manages and visualizes multiple concurrent event streams.,4,4,6,6,4,Streams|Sync|Merge|Display,Time Alignment|Independent Control|Correlation Highlighting|Real-Time Coordination,Add Stream|Synchronize Streams|Correlate Events|Merge Streams|Synchronize Clocks|Interleave Streams,P22,P117,,,"Multi-agent activity dashboard|Distributed tracing (Jaeger, Zipkin)|Real-time collaboration (Figma, Miro)|Apache Flink stream joining"
P117,1.1,Event Filter & Query,pattern,stable,medium,AI|UI,2025-11-23,"$Q_{event} = (Stream, Filters, Query_{language}, Results) : \text{Events} \to \text{Events}_{filtered}$",Event filter and query system enables complex filtering and querying of event streams.,4,4,6,5,4,Stream|Filters|Query_{language}|Results,Expressiveness|Efficiency|Composability|Pattern Matching Expressiveness,Filter|Query|Build Query|Apply Filter|Execute Query|Pattern Match,P22,P53,,,Apache Flink CEP (Complex Event Processing)|Kafka Streams filtering|Elasticsearch Percolator|AG-UI event filtering
P118,1.1,Domain Context Switcher,pattern,stable,medium,AI|UI,2025-11-23,"$S_{domain} = (Domains, Context_{current}, Switch, Preserve_{state}) : Domain_i \to Domain_j$",Domain context switcher enables transitioning between different operational domains seamlessly.,4,3,3,2,3,Domains|Context_{current}|Switch|Preserve_{state},State Preservation|Smooth Transition|Context Clarity,Switch Context|Get Available Domains|Quick Switch,,,,,"AI, UI implementation|Enterprise applications|Cloud architectures"
P119,1.1,Cross-Domain Integration View,pattern,stable,medium,AI|UI,2025-11-23,"$V_{cross} = (Domains, Data_{integrated}, Relationships, Unified_{display}) : \text{Set}\langle \text{Domain} \rangle \to \text{View}$",Cross-domain integration view shows relationships and data flow between different domains.,4,4,6,6,4,Domains|Data_{integrated}|Relationships|Unified_{display},Completeness|Clarity|Navigability|Agent Domain Assignment,Build Integration Map|Visualize Integration|Trace Data Flow|Integrate Domains|Translate Across Domains|Query Cross-Domain,,P118|P120|P122,,,Enterprise data integration dashboards|Multi-domain AI agent coordination|Federated search interfaces|Healthcare information exchange
P120,1.1,Domain-Specific Agent Activation,pattern,stable,medium,AI|UI,2025-11-23,"$A_{domain} = (Domain, Agents_{specialist}, Activation, Context) : Domain \to Agents_{active}$",Domain-specific agent activation triggers specialized AI agents for particular problem domains.,4,3,3,3,3,Domain|Agents_{specialist}|Activation|Context,Specialization|Correct Routing|Graceful Degradation,Detect Domain|Activate Agent|Delegate Task,,,,,"AI, UI implementation|Enterprise applications|Cloud architectures"
P121,1.1,Context Preservation Across Domains,pattern,stable,medium,AI|UI,2025-11-23,"$P_{ctx} = (Context, Domain_{src}, Domain_{tgt}, Transform) : Context_i \to Context_j$",Context preservation maintains state and information when transitioning between domains.,4,3,3,2,3,Context|Domain_{src}|Domain_{tgt}|Transform,Persistence|Expiration|Privacy,Save Context|Restore Context|Merge Contexts,,,,,"AI, UI implementation|Enterprise applications|Cloud architectures"
P122,1.1,Multi-Domain Dashboard,pattern,stable,medium,AI|UI,2025-11-23,"$D_{multi} = (Domains, Metrics, Aggregation, Layout) : Set\langle Domain \rangle \to Dashboard$",Multi-domain dashboard provides unified view and control across multiple operational domains.,4,3,3,3,3,Domains|Metrics|Aggregation|Layout,Unified View|Real-Time Updates|Customizable Layout,Add Domain Widget|Update Dashboard|Drill Down,,,,,"AI, UI implementation|Enterprise applications|Cloud architectures"
P123,1.1,Domain Boundary Indicator,pattern,stable,medium,AI|UI,2025-11-23,"$I_{boundary} = (Domain_{current}, Scope, Visual_{cue}, Alerts) : Context \to Domain_{indication}$",Domain boundary indicators visually mark transitions between different operational domains.,4,3,3,2,3,Domain_{current}|Scope|Visual_{cue}|Alerts,Clear Demarcation|Consistent Styling|Smooth Transitions,Mark Boundary|Highlight Active Domain|Show Transition,,,,,"AI, UI implementation|Enterprise applications|Cloud architectures"
P124,1.1,Agent Trace Viewer,pattern,stable,low,AI|UI,2025-11-23,"$T_{trace} = (Execution, Steps, Branch_{decisions}, Visualization) : Agent_{run} \to Trace$",Agent trace viewer visualizes AI agent decision-making process and execution steps.,4,3,6,2,3,Execution|Steps|Branch_{decisions}|Visualization,Completeness|Chronological Order|Interactivity,Record Trace|Visualize Trace|Filter Trace|Capture|GetTrace|Visualize,,,,,"AI, UI implementation|Enterprise applications|Cloud architectures"
P125,1.1,Decision Explanation,pattern,stable,low,AI|UI,2025-11-23,"$E_{decision} = (Decision, Reasoning, Factors, Alternatives) : Decision \to Explanation_{detailed}$",Decision explanation provides human-readable rationale for AI decisions and recommendations.,4,3,6,3,3,Decision|Reasoning|Factors|Alternatives,Comprehensibility|Faithfulness|Actionability,Explain Decision|Show Contributing Factors|Compare Alternatives|Explain|GetFactors|CompareAlternatives,,,,,"AI, UI implementation|Enterprise applications|Cloud architectures"
P126,1.1,Token Usage Display,pattern,stable,low,AI|UI,2025-11-23,"$D_{tokens} = (Usage, Cost, Limits, Breakdown) : Tokens_{used} \to Display_{cost}$",Token usage display shows AI model token consumption metrics and cost estimates.,4,3,6,2,3,Usage|Cost|Limits|Breakdown,Accuracy|Real-Time Updates|Cost Transparency,Track Usage|Display Usage|Aggregate Usage|RecordUsage|GetBreakdown|CheckLimit,,,,,"AI, UI implementation|Enterprise applications|Cloud architectures"
P127,1.1,Error Debug Interface,pattern,stable,low,AI|UI,2025-11-23,"$I_{debug} = (Error, Stack_{trace}, Context, Solutions) : Error \to Debug_{info}$",Error debug interface provides detailed diagnostics and debugging tools for failures.,4,3,3,2,3,Error|Stack_{trace}|Context|Solutions,Complete Information|Actionable Suggestions|Privacy Protection,Capture Error|Display Error|Replay Error,,,,,"AI, UI implementation|Enterprise applications|Cloud architectures"
P128,1.1,A/B Test Results,pattern,stable,low,AI|UI,2025-11-23,"$R_{ab} = (Variants, Metrics, Statistical_{sig}, Winner) : Test \to Results_{comparison}$",A/B test results visualize and compare performance metrics across test variants.,4,3,6,3,3,Variants|Metrics|Statistical_{sig}|Winner,Statistical Validity|Sufficient Sample Size|Clear Presentation,Record Metric|Compare Variants|Visualize Results|RecordMetric|ComputeSignificance|SelectWinner,,,,,"AI, UI implementation|Enterprise applications|Cloud architectures"
P129,1.1,Performance Metrics Dashboard,pattern,stable,low,AI|UI,2025-11-23,"$M_{perf} = (Metrics, Time_{series}, Thresholds, Alerts) : System \to Metrics_{display}$",Performance metrics dashboard displays system health and performance indicators.,4,3,6,3,3,Metrics|Time_{series}|Thresholds|Alerts,Real-Time Monitoring|Alert Reliability|Historical Data,Collect Metrics|Render Dashboard|Alert On Threshold|RecordMetric|CheckThresholds|Query,,,,,"AI, UI implementation|Enterprise applications|Cloud architectures"
P130,1.1,AI Agent Presence Indicator,pattern,stable,low,AI|UI,2025-11-23,"$P_{agent} = (Agents_{active}, Status, Location_{virtual}, Activity) : Agents \to Presence$",AI agent presence indicator shows when AI agents are actively working or available.,4,3,6,2,3,Agents_{active}|Status|Location_{virtual}|Activity,Real-Time Updates|Visual Clarity|Timeout Handling,Update Presence|Display Indicator|Track Activity|RegisterAgent|UpdateStatus|GetPresence,,,,,"AI, UI implementation|Enterprise applications|Cloud architectures"
P131,1.1,Multi-User + AI Avatar,pattern,stable,low,AI|UI,2025-11-23,"$A_{avatar} = (Participants, Humans, Agents, Visual_{rep}) : Collaborators \to Avatars$",Multi-user with AI avatar shows both human users and AI agents as participants with visual avatars.,4,3,6,3,3,Participants|Humans|Agents|Visual_{rep},Clear Distinction|Equal Representation|State Visibility,Add Participant|Update Avatar State|Distinguish Human From AI|AddParticipant|UpdateAvatar|Render,,,,,"AI, UI implementation|Enterprise applications|Cloud architectures"
P132,1.1,AI Cursor Sharing,pattern,stable,low,AI|UI,2025-11-23,"$C_{ai} = (Agent, Focus_{current}, Path, Highlight) : Agent_{activity} \to Cursor_{virtual}$",AI cursor sharing shows AI agent's focus point and selection in collaborative editing.,4,3,6,3,3,Agent|Focus_{current}|Path|Highlight,Real-Time Synchronization|Visual Distinction|Non-Intrusive,Update AI Cursor|Show AI Selection|Animate AI Action|UpdateFocus|GetPath|RenderCursor,,,,,"AI, UI implementation|Enterprise applications|Cloud architectures"
P133,1.1,Activity Feed,pattern,stable,low,AI|UI,2025-11-23,"$F_{activity} = (Events, Actors, Timestamps, Filter) : (Humans \cup Agents) \times Actions \to Feed$",Activity feeds display chronological streams of user and system actions and updates.,4,3,6,2,3,Events|Actors|Timestamps|Filter,Chronological Order|Real-Time Updates|Contextual Information,Post Activity|Filter Feed|Aggregate Activities|RecordEvent|FilterFeed|GetRecent,,,,,"AI, UI implementation|Enterprise applications|Cloud architectures"
P134,1.1,Collaboration Session,pattern,stable,low,AI|UI,2025-11-23,"$S_{session} = (Participants, Workspace, Coordination, State_{shared}) : Collaborators \to Session$",Collaboration sessions manage multi-user work sessions with shared context and coordination.,4,3,6,2,3,Participants|Workspace|Coordination|State_{shared},Shared Context|Participant Awareness|Clean Termination,Create Session|Join Session|Broadcast Action|Join|Coordinate|Sync,,,,,"AI, UI implementation|Enterprise applications|Cloud architectures"
P135,1.1,Conflict Resolution Interface,pattern,stable,low,AI|UI,2025-11-23,"$R_{conflict} = (Conflicts, Options, Reasoning, Choose) : Conflicts \to Resolution$",Conflict resolution interface helps users resolve editing conflicts through visual comparison and merging.,4,3,6,3,3,Conflicts|Options|Reasoning|Choose,Clear Visualization|Safe Resolution|Undo Support,Detect Conflict|Present Conflict|Resolve Conflict|DetectConflicts|ProposeResolutions|ApplyResolution,,,,,"AI, UI implementation|Enterprise applications|Cloud architectures"
P136,1.1,User Preference Learning,pattern,stable,low,AI|UI,2025-11-23,"$L_{pref} = (Interactions, Patterns, Model, Adaptation) : History \to Preferences_{learned}$",User preference learning observes user behavior to learn and adapt to preferences automatically.,4,3,6,2,3,Interactions|Patterns|Model|Adaptation,Privacy Preservation|Adaptation Quality|User Control,Observe Behavior|Infer Preference|Apply Preference|RecordInteraction|DetectPatterns|AdaptUI,,,,,"AI, UI implementation|Enterprise applications|Cloud architectures"
P137,1.1,Adaptive Interface,pattern,stable,low,AI|UI,2025-11-23,"$I_{adaptive} = (UI, User_{behavior}, Learn, Adapt) : (UI, Behavior) \to UI_{personalized}$",Adaptive interfaces dynamically adjust UI elements based on user behavior and context.,4,3,6,3,3,UI|User_{behavior}|Learn|Adapt,Smooth Adaptation|Contextual Relevance|Predictability,Adapt Layout|Show Relevant Tools|Adjust Complexity|Observe|UpdateModel|ApplyAdaptation,,,,,"AI, UI implementation|Enterprise applications|Cloud architectures"
P138,1.1,Personalized Agent Configuration,pattern,stable,low,AI|UI,2025-11-23,"$C_{personal} = (User, Agents, Config, Optimize) : User \to Agents_{configured}$",Personalized agent configuration customizes AI agent behavior based on individual user preferences.,4,3,6,3,3,User|Agents|Config|Optimize,Personalization Effectiveness|User Control|Configuration Persistence,Configure Agent|Learn From Feedback|Reset To Default|ConfigureAgent|OptimizeAll|ResetToDefaults,,,,,"AI, UI implementation|Enterprise applications|Cloud architectures"
P139,1.1,Learning Progress Indicator,pattern,stable,low,AI|UI,2025-11-23,"$P_{learn} = (Model, Training_{data}, Accuracy, Progress) : Learning \to Progress_{display}$",Learning progress indicators show advancement through learning curves and skill development.,4,3,6,2,3,Model|Training_{data}|Accuracy|Progress,Accurate Tracking|Motivating Feedback|Realistic Estimates,Track Progress|Visualize Progress|Estimate Time To Mastery|UpdateProgress|GetProgress|GetMetrics,,,,,"AI, UI implementation|Enterprise applications|Cloud architectures"
P140,1.1,Reset/Retrain Controls,pattern,stable,low,AI|UI,2025-11-23,"$R_{retrain} = (Model, Reset, Retrain, Confirm) : Model \to Model_{reset} \cup Model_{retrained}$",Reset and retrain controls allow users to reset learned behaviors and trigger retraining.,4,3,6,3,3,Model|Checkpoint|Reset|Retrain,Safe Reset|Transparent Retraining|Non-Disruptive,Reset Model|Trigger Retrain|Monitor Retrain|CreateCheckpoint|ResetModel|RetrainModel,,,,,"AI, UI implementation|Enterprise applications|Cloud architectures"
P141,1.1,Workflow Template Gallery,pattern,stable,low,AI|UI,2025-11-23,"$G_{templates} = (Templates, Categories, Preview, Instantiate) : Templates \to Workflow$",Workflow template gallery provides reusable workflow templates for common tasks and processes.,4,3,6,3,3,Templates|Gallery|Search|Instantiate,Template Quality|Discoverability|Customizability,Browse Templates|Instantiate Template|Save Custom Template|Browse|SearchTemplates|CreateWorkflow,,,,,"AI, UI implementation|Enterprise applications|Cloud architectures"
P142,1.1,Automation Builder,pattern,stable,low,AI|UI,2025-11-23,"$B_{auto} = (Components, Canvas_{visual}, Connect, Execute) : Builder \to Automation$",Automation builders enable visual construction of automated workflows through drag-and-drop interfaces.,4,3,6,3,3,Triggers|Actions|Conditions|Execute,Visual Clarity|Validation|Reusability,Add Step|Connect Steps|Execute Workflow|DefineAutomation|TestAutomation|RunAutomation,,,,,"AI, UI implementation|Enterprise applications|Cloud architectures"
P143,1.1,Scheduled Agent,pattern,stable,low,AI|UI,2025-11-23,"$S_{scheduled} = (Agent, Schedule, Trigger, Execute) : (Agent, Time) \to Execution$",Scheduled agents execute tasks automatically at specified times or intervals.,4,3,6,2,3,Schedule|Agent|Task|Executor,Timing Accuracy|Reliability|Failure Handling,Schedule Task|Execute On Schedule|Cancel Task|ScheduleAgent|CancelSchedule|GetHistory,,,,,"AI, UI implementation|Enterprise applications|Cloud architectures"
P144,1.1,Trigger-Action,pattern,stable,low,AI|UI,2025-11-23,"$T_{action} = (Trigger, Condition, Action, Execute) : Event \to Action_{conditional}$",Trigger-action patterns execute actions automatically when specified conditions are met.,4,3,3,2,3,Trigger|Condition|Action|Execute,Determinism|Low Latency|Debuggability,Define Trigger|Evaluate Trigger|Fire Trigger,,,,,"AI, UI implementation|Enterprise applications|Cloud architectures"
P145,1.1,Workflow Monitoring Dashboard,pattern,stable,low,AI|UI,2025-11-23,"$M_{workflow} = (Workflows, Status, Metrics, Control) : Workflows \to Dashboard$",Workflow monitoring dashboards provide real-time visibility into running workflows and their status.,4,3,6,2,3,Workflows|Status|Metrics|Visualization,Real-Time Monitoring|Comprehensive View|Proactive Alerts,Monitor Workflow|Display Dashboard|Alert On Failure|RegisterWorkflow|UpdateStatus|GetDashboard,,,,,"AI, UI implementation|Enterprise applications|Cloud architectures"
P146,1.1,Token Budget Indicator,pattern,stable,low,AI|UI,2025-11-23,"$B_{tokens} = (Budget, Used, Remaining, Alerts) : Usage \to Budget_{status}$",Token budget indicators display remaining token allocation and consumption rate.,4,3,6,2,3,Budget|Used|Remaining|Indicator,Accuracy|Visual Clarity|Timely Warnings,Track Usage|Display Indicator|Warn On Threshold|RecordUsage|GetStatus|SetBudget,,,,,"AI, UI implementation|Enterprise applications|Cloud architectures"
P147,1.1,Cost Estimation Preview,pattern,stable,low,AI|UI,2025-11-23,"$E_{cost} = (Action, Tokens_{estimated}, Cost, Preview) : Action \to Cost_{preview}$",Cost estimation previews show expected costs before executing operations.,4,3,3,2,3,Action|Tokens_{estimated}|Cost|Preview,Estimate Accuracy|User Control|Transparency,Estimate Cost|Show Preview|Confirm Or Cancel,,,,,"AI, UI implementation|Enterprise applications|Cloud architectures"
P148,1.1,Resource Limit Controls,pattern,stable,low,AI|UI,2025-11-23,"$L_{resources} = (Limits, Current, Controls, Enforcement) : Resources \to Limits_{managed}$",Resource limit controls enforce constraints on resource consumption and usage patterns.,4,3,6,3,3,Limits|Current|Controls|Enforce,Hard Limits|Graceful Degradation|Configurable Limits,Set Limit|Check Limit|Consume Resource|SetLimit|GetUsage|CheckLimit,,,,,"AI, UI implementation|Enterprise applications|Cloud architectures"
P149,1.1,Usage Analytics Dashboard,pattern,stable,low,AI|UI,2025-11-23,"$A_{usage} = (Usage_{history}, Trends, Breakdown, Insights) : Usage \to Analytics$",Usage analytics dashboards aggregate and visualize usage patterns and trends over time.,4,3,6,2,3,Metrics|Analytics|Visualizations|Reports,Data Accuracy|Actionable Insights|Privacy Compliance,Collect Analytics|Analyze Trends|Visualize Dashboard|RecordMetric|GenerateInsights|ExportReport,,,,,"AI, UI implementation|Enterprise applications|Cloud architectures"
P150,1.1,Rate Limit Warning,pattern,stable,low,AI|UI,2025-11-23,"$W_{rate} = (Rate, Limit, Warning_{threshold}, Alert) : Usage_{rate} \to Warning$",Rate limit warnings alert users before hitting API rate limits to prevent service interruption.,4,3,6,2,3,Rate_{current}|Rate_{limit}|Window|Warning,Early Warning|Accurate Tracking|Clear Communication,Track Rate|Warn On Threshold|Block On Limit|RecordRequest|GetRate|CheckWarning,,,,,"AI, UI implementation|Enterprise applications|Cloud architectures"
P152,1.1,Audit Trail Viewer,pattern,stable,low,AI|UI,2025-11-23,"$V_{audit} = (Actions, Actors, Timestamps, Filter) : History \to Audit_{view}$",Audit trail viewers display chronological records of system actions and changes for compliance and debugging.,4,3,6,2,3,Actions|Actors|Timestamps|Filter,Immutability|Completeness|Searchability,Record Event|Query Trail|Verify Integrity|RecordAction|QueryLog|ExportAudit,,,,,"AI, UI implementation|Enterprise applications|Cloud architectures"
P153,1.1,Data Access Transparency,pattern,stable,low,AI|UI,2025-11-23,"$T_{access} = (Data, Accessor, Purpose, Disclosure) : Access \to Transparency$",Data access transparency shows what data was accessed and how it was used.,4,3,6,2,3,DataAccess|Permissions|Justification|Disclosure,Complete Logging|User Visibility|Purpose Clarity,Log Access|Show Access History|Explain Usage|LogAccess|ShowPermissions|GenerateReport,,,,,"AI, UI implementation|Enterprise applications|Cloud architectures"
P154,1.1,Secure Credential Management,pattern,stable,low,AI|UI,2025-11-23,"$M_{cred} = (Credentials, Encryption, Access_{control}, Rotation) : Secrets \to Secured$",Secure credential management stores and retrieves sensitive credentials safely using encryption.,4,3,6,2,3,Credentials|Vault|Rotation|Access,Encryption at Rest|Access Control|Audit Trail,Store Credential|Retrieve Credential|Rotate Credential|Store|Retrieve|Rotate,,,,,"AI, UI implementation|Enterprise applications|Cloud architectures"
P155,1.1,Trust Score Indicator,pattern,stable,low,AI|UI,2025-11-23,"$I_{trust} = (Agent, Behavior_{history}, Reliability, Score) : Agent \to Trust \in [0,1]$",Trust score indicators display reliability and trustworthiness metrics for data sources and agents.,4,3,6,2,3,Score|Factors|History|Indicator,Objective Scoring|Visual Clarity|Explainability,Compute Trust Score|Display Indicator|Explain Score|ComputeScore|GetFactors|UpdateHistory,,,,,"AI, UI implementation|Enterprise applications|Cloud architectures"
P19,1.1,Graph Database,pattern,stable,low,Software Architecture|Design Patterns,2025-11-23,"$G = (nodes, edges, props, traversal)$",Graph databases store data as nodes and edges optimized for traversing relationships.,4,3,5,4,4,nodes|edges|props|traversal,Efficient Traversal|Relationship Queries|Graph Integrity,Add Node|Add Edge|Traverse|Match Pattern|Shortest Path,,,,,Knowledge graphs|Dependency graphs|Citation networks|Social networks
P20,1.1,Document Store,pattern,stable,low,Software Architecture|Design Patterns,2025-11-23,"$D = (collections, documents, queries, indices)$",Document stores save and retrieve semi-structured documents with flexible schemas.,4,3,6,4,4,collections|documents|queries|indices,Flexible Schema|Query Expressiveness|Index Performance,Insert Document|Find Documents|Update Document|Find|Insert|Update,,,,,Note storage|Configuration|Log aggregation|CMS content
P21,1.1,Time-Series Store,pattern,stable,low,Software Architecture|Design Patterns,2025-11-23,"$T = (series, timestamps, values, aggregations)$",Time-series stores optimize storage and retrieval of timestamped data points for analytics.,4,3,4,5,5,series|timestamps|values|aggregations,Time-Ordered Storage|Compression|Fast Range Queries,Write Point|Query Range|Aggregate|Range Query,,,,,Edit history|Telemetry|Sensor data|User activity log|Stock prices
P22,1.1,Event Bus,pattern,stable,low,Software Architecture|Design Patterns,2025-11-23,"$B = (publishers, subscribers, topics, broker)$",Event buses enable decoupled pub-sub communication between system components.,4,3,6,6,4,publishers|subscribers|topics|broker,Decoupling|Asynchronous Delivery|Guaranteed Delivery,Publish|Subscribe|Unsubscribe|At-Most-Once|At-Least-Once|Exactly-Once,,,,,UI event system|Component communication|Plugin events|Message queues
P23,1.1,Real-Time Sync,pattern,stable,low,Software Architecture|Design Patterns,2025-11-23,"$S = (local, remote, diff, merge, conflicts)$",Real-time sync keeps data synchronized across multiple clients with conflict resolution.,5,3,9,5,4,local|remote|diff|merge|conflicts,Eventual Consistency|Conflict Resolution|Low Latency,Broadcast Change|Merge Changes|Sync State|Polling|WebSocket|Operational Transformation|Compute Delta|Apply Delta|Resolve Conflict,,,,,Collaborative editing|Live preview|Cloud sync|Multi-device sync
P24,1.1,Request-Response API,pattern,stable,low,Software Architecture|Design Patterns,2025-11-23,"$A = (endpoints, handlers, middleware, responses)$",Request-response APIs provide synchronous communication with clients waiting for responses.,4,3,5,6,4,endpoints|handlers|middleware|responses,Synchronous Communication|Idempotency|Error Handling,Send Request|Handle Request|Cache Response|Register Endpoint|Add Middleware,,,,,REST API|RPC|GraphQL|Internal service APIs
P25,1.1,Streaming Protocol,pattern,stable,low,Software Architecture|Design Patterns,2025-11-23,"$S = (producer, consumer, buffer, backpressure, state)$",Streaming protocols enable continuous data flow between client and server with backpressure.,5,3,9,4,5,producer|consumer|buffer|backpressure|state,Bidirectional Flow|Backpressure|Ordered Delivery,Open Stream|Write To Stream|Read From Stream|Readable Stream|Writable Stream|Transform Stream|Duplex Stream|Produce|Consume,,,,,WebSocket|Live updates|Progressive rendering|File uploads/downloads|Video streaming
P26,1.1,Status Bar/Indicator,pattern,stable,low,Software Architecture|Design Patterns,2025-11-23,"$sb = (state, process, visualize, interact) : \text{Input} \to \text{Output}$",Status bars and indicators display system state and notifications in a persistent UI element.,4,4,6,5,3,state|measure|visualize|update,Always Visible|Non-Intrusive|Quick Update|Usability,Update Status|Add Indicator|Clear|Process|Display|Update,,,,,Status Bar/Indicator in modern applications|Web-based status bar/indicator|Mobile status bar/indicator
P27,1.1,Toast/Notification,pattern,stable,low,Software Architecture|Design Patterns,2025-11-23,"$toa = (state, process, visualize, interact) : \text{Input} \to \text{Output}$",Toasts and notifications display temporary messages to inform users of events and updates.,4,4,6,5,3,input|process|output|display,Temporary Display|Non-Blocking|Type Indication|Usability,Show Toast|Dismiss|Queue Toast|Process|Display|Update,,,,,Toast/Notification in modern applications|Web-based toast/notification|Mobile toast/notification
P28,1.1,Progress Indicator,pattern,stable,low,Software Architecture|Design Patterns,2025-11-23,"$P = (current, total, label, eta, state)$",Progress indicators show completion status of long-running operations.,5,4,5,3,5,current|total|label|eta|state,Accurate Representation|Smooth Updates|Cancellable|Valid Percentage,Start Progress|Update Progress|Complete|Reset|Estimate ETA,,P26|P27,,,File upload/download|Build progress|Test execution|Verification progress|Installation progress
