pattern_id,pattern_name,operation_name,signature,formal_definition,precondition_count,postcondition_count,effect_count
C1,Graph Structure,Process,process: Input → Output,$\text{process}(i) = o$ where $o$ is computed result,0,0,0
C1,Graph Structure,Display,display: Output → Effect,$\text{display}(o)$ shows output to user,0,0,0
C1,Graph Structure,Update,update: State → Effect,$\text{update}(s)$ refreshes display,0,0,0
P1,Direct Manipulation Canvas,Process,process: Input → Output,$\text{process}(i) = o$ where $o$ is computed result,0,0,0
P1,Direct Manipulation Canvas,Display,display: Output → Effect,$\text{display}(o)$ shows output to user,0,0,0
P1,Direct Manipulation Canvas,Update,update: State → Effect,$\text{update}(s)$ refreshes display,0,0,0
F1.1,1 Capture Flow,Capture,capture(input: Input) → Effect,```    capture(input: Input) → Effect    = case validator(input) of        Valid(v) → store(normalizer(v))        Invalid(e) → log_error(e) ; reject(input),0,0,0
F1.1,1 Capture Flow,Validate,validate(input: Input) → Valid | Invalid,```    validate(input: Input) → Valid | Invalid    = check_schema(input) ∧       check_constraints(input) ∧      check_permissions(input),0,0,0
F1.1,1 Capture Flow,Normalize,normalize(valid: Valid) → Internal,```    normalize(valid: Valid) → Internal    = transform_to_canonical_format(valid),0,0,0
F1.2,2 Import Flow,Import,"import(source: ExternalFormat, strategy: MergeStrategy) → Effect","```    import(source: ExternalFormat, strategy: MergeStrategy) → Effect    = parsed := parser(source)      internal := transformer(parsed)      integrator(internal, strategy)",0,0,0
F1.2,2 Import Flow,Parse,parse(source: ExternalFormat) → ParsedData,"```    parse(source: ExternalFormat) → ParsedData    = case format_of(source) of        JSON → parse_json(source)        CSV → parse_csv(source)        XML → parse_xml(source)        _ → error(""Unsupported format"")",0,0,0
F1.2,2 Import Flow,Transform,transform(parsed: ParsedData) → InternalData,"```    transform(parsed: ParsedData) → InternalData    = map_fields(parsed, field_mapping) ;      validate_schema(result)",0,0,0
F1.3,3 Live Stream Flow,Stream,stream(source: Source) → Effect,```    stream(source: Source) → Effect    = for event in source.events():        buffer.enqueue(event)        if buffer.full():          apply_backpressure()        process_next(),0,0,0
F1.3,3 Live Stream Flow,Process,process(event: Event) → ProcessedEvent,```    process(event: Event) → ProcessedEvent    = validated := validate(event)      enriched := enrich(validated)      return enriched,0,0,0
F1.3,3 Live Stream Flow,Emit,emit(event: ProcessedEvent) → Effect,```    emit(event: ProcessedEvent) → Effect    = for subscriber in subscribers:        subscriber.callback(event),0,0,0
C2,Document/Artifact,Process,process: Input → Output,$\text{process}(i) = o$ where $o$ is computed result,0,0,0
C2,Document/Artifact,Display,display: Output → Effect,$\text{display}(o)$ shows output to user,0,0,0
C2,Document/Artifact,Update,update: State → Effect,$\text{update}(s)$ refreshes display,0,0,0
P2,Command Interface,Process,process: Input → Output,$\text{process}(i) = o$ where $o$ is computed result,0,0,0
P2,Command Interface,Display,display: Output → Effect,$\text{display}(o)$ shows output to user,0,0,0
P2,Command Interface,Update,update: State → Effect,$\text{update}(s)$ refreshes display,0,0,0
F2.1,1 Pipeline Flow,Execute Pipeline,execute(input: Input) → Output | Error,```    execute(input: Input) → Output | Error    = result := input      for stage in stages:        result := stage.transform(result)        if is_error(result):          result := error_handler(result)          if abort(result): return result      return result,0,0,0
F2.1,1 Pipeline Flow,Compose Stages,compose(stages: Sequence⟨Stage⟩) → (Input → Output),"```    compose(stages: Sequence⟨Stage⟩) → (Input → Output)    = λ input: fold(stages, input, λ(acc, stage): stage(acc))",0,0,0
F2.1,1 Pipeline Flow,Handle Error,"handle_error(error: Error, stage: Stage) → Recovery","```    handle_error(error: Error, stage: Stage) → Recovery    = case error_type(error) of        Transient → Retry(stage, max_attempts=3)        Permanent → Abort(error)        Recoverable → Fallback(alternative_stage)",0,0,0
F2.2,2 Agent Orchestration Flow,Orchestrate,orchestrate(tasks: Queue⟨Task⟩) → Effect,"```    orchestrate(tasks: Queue⟨Task⟩) → Effect    = while ¬empty(tasks):        task := dequeue_by_priority(tasks)        agent := coordinator(task)        if agent.busy:          re_enqueue(task)        else:          assign(task, agent)",0,0,0
F2.2,2 Agent Orchestration Flow,Assign Task,"assign(task: Task, agent: Agent) → Effect","```    assign(task: Task, agent: Agent) → Effect    = agent.busy := true      result := agent.execute(task)      results[task] := result      agent.busy := false      notify_completion(task, result)",0,0,0
F2.2,2 Agent Orchestration Flow,Select Agent,select_agent(task: Task) → Agent,"```    select_agent(task: Task) → Agent    = available := {a ∈ agents : ¬a.busy ∧ task.requirements ⊆ a.capabilities}      if empty(available): return null      return argmin(a ∈ available, load(a))",0,0,0
F2.3,3 Incremental Computation Flow,Update,update(changed: Set⟨Node⟩) → Effect,```    update(changed: Set⟨Node⟩) → Effect    = affected := transitive_dependencies(changed)      invalidate(affected)      sorted := topological_sort(affected)      for node in sorted:        cache[node] := recompute(node),0,0,0
F2.3,3 Incremental Computation Flow,Invalidate,invalidate(nodes: Set⟨Node⟩) → Set⟨Node⟩,```    invalidate(nodes: Set⟨Node⟩) → Set⟨Node⟩    = invalidated := nodes      for node in nodes:        for dependent in dependents(node):          invalidated := invalidated ∪ invalidate({dependent})      return invalidated,0,0,0
F2.3,3 Incremental Computation Flow,Recompute,recompute(node: Node) → Value,```    recompute(node: Node) → Value    = inputs := {cache[d] : d ∈ dependencies(node)}      return node.compute(inputs),0,0,0
F2.4,4 Enrichment Flow,Enrich,enrich(base: BaseData) → EnrichedData,"```    enrich(base: BaseData) → EnrichedData    = enrichments := parallel_map(enrichers, λe: e.enrich(base))      successful := {e : e ∈ enrichments ∧ ¬is_error(e)}      return combine(base, successful)",0,0,0
F2.4,4 Enrichment Flow,Fetch Enrichment,"fetch(source: Enricher, base: BaseData) → Enrichment | Error","```    fetch(source: Enricher, base: BaseData) → Enrichment | Error    = try:        return source.enrich(base)      catch timeout:        return partial_enrichment(source, base)      catch error:        return error",0,0,0
F2.4,4 Enrichment Flow,Combine,"combine(base: BaseData, enrichments: Set⟨Enrichment⟩) → EnrichedData","```    combine(base: BaseData, enrichments: Set⟨Enrichment⟩) → EnrichedData    = result := base      for enrichment in enrichments:        result := merge(result, enrichment)      return result",0,0,0
C3,Symbolic Expression,Process,process: Input → Output,$\text{process}(i) = o$ where $o$ is computed result,0,0,0
C3,Symbolic Expression,Display,display: Output → Effect,$\text{display}(o)$ shows output to user,0,0,0
C3,Symbolic Expression,Update,update: State → Effect,$\text{update}(s)$ refreshes display,0,0,0
P3,Hierarchical Navigator,Process,process: Input → Output,$\text{process}(i) = o$ where $o$ is computed result,0,0,0
P3,Hierarchical Navigator,Display,display: Output → Effect,$\text{display}(o)$ shows output to user,0,0,0
P3,Hierarchical Navigator,Update,update: State → Effect,$\text{update}(s)$ refreshes display,0,0,0
F3.1,1 Learning Loop,Execute Loop,loop(environment: Environment) → Effect,"```    loop(environment: Environment) → Effect    = observations := []      model := initialize_model()      while running:        obs := observe(environment)        observations := observations + [obs]        if should_update(observations):          model := learn(observations)          policy := update(model)          actions := apply(policy, environment)",0,0,0
F3.1,1 Learning Loop,Learn,learn(observations: Observations) → Model,"```    learn(observations: Observations) → Model    = features := extract_features(observations)      model := train(features, current_model)      validate(model, validation_set)      return model",0,0,0
F3.1,1 Learning Loop,Apply,"apply(policy: Policy, env: Environment) → Actions","```    apply(policy: Policy, env: Environment) → Actions    = state := env.current_state()      action := policy.select_action(state)      env.execute(action)      return action",0,0,0
F3.2,2 Validation Loop,Execute Validation,execute(data: Data) → Report,```    execute(data: Data) → Report    = violations := validate(data)      if empty(violations):        return Success      else:        for v in violations:          report(v)          if auto_correctable(v):            correction := correct(v)            if verify(correction):              apply(correction),0,0,0
F3.2,2 Validation Loop,Validate,validate(data: Data) → Set⟨Violation⟩,"```    validate(data: Data) → Set⟨Violation⟩    = violations := {}      for rule in rules:        if ¬rule.check(data):          violations := violations ∪ {Violation(rule, location(data), severity(rule))}      return violations",0,0,0
F3.2,2 Validation Loop,Correct,correct(violation: Violation) → Correction,```    correct(violation: Violation) → Correction    = if has_automatic_fix(violation):        return Automatic(generate_fix(violation))      else:        return Manual(suggest_fix(violation)),0,0,0
F3.4,4 User Preference Loop,Personalize,personalize(user: UserId) → Effect,"```    personalize(user: UserId) → Effect    = events := track(user)      preferences := infer(events)      config := personalize(preferences, user.explicit_settings)      apply(config, user.session)",0,0,0
F3.4,4 User Preference Loop,Infer Preferences,infer(events: Sequence⟨Event⟩) → Preferences,"```    infer(events: Sequence⟨Event⟩) → Preferences    = features := extract_features(events)      patterns := find_patterns(features)      preferences := {}      for (feature, pattern) in patterns:        score := calculate_affinity(pattern)        preferences[feature] := score      return preferences",0,0,0
F3.4,4 User Preference Loop,Apply Configuration,"apply(config: Configuration, session: Session) → Effect","```    apply(config: Configuration, session: Session) → Effect    = for (setting, value) in config:        session.set(setting, value)            content := filter_by_preferences(available_content, config)      session.recommendations := rank(content, config)",0,0,0
C4,Metadata Schema,Process,process: Input → Output,$\text{process}(i) = o$ where $o$ is computed result,0,0,0
C4,Metadata Schema,Display,display: Output → Effect,$\text{display}(o)$ shows output to user,0,0,0
C4,Metadata Schema,Update,update: State → Effect,$\text{update}(s)$ refreshes display,0,0,0
P4,Property Inspector,Process,process: Input → Output,$\text{process}(i) = o$ where $o$ is computed result,0,0,0
P4,Property Inspector,Display,display: Output → Effect,$\text{display}(o)$ shows output to user,0,0,0
P4,Property Inspector,Update,update: State → Effect,$\text{update}(s)$ refreshes display,0,0,0
F4.1,1 Reactive Render Flow,Update,update(new_state: State) → Effect,"```    update(new_state: State) → Effect    = old_vdom := render(current_state)      new_vdom := render(new_state)      patch := diff(old_vdom, new_vdom)      apply_patch(patch, real_dom)      current_state := new_state",0,0,0
F4.1,1 Reactive Render Flow,Diff,"diff(old: VirtualDOM, new: VirtualDOM) → Patch","```    diff(old: VirtualDOM, new: VirtualDOM) → Patch    = if old = new: return []      if different_type(old, new): return [Replace(old, new)]      if different_props(old, new):         ops := [UpdateProps(old, new)]      else:        ops := []      ops := ops + diff_children(old.children, new.children)      return ops",0,0,0
F4.1,1 Reactive Render Flow,Apply Patch,"apply_patch(patch: Patch, dom: RealDOM) → Effect","```    apply_patch(patch: Patch, dom: RealDOM) → Effect    = for op in patch:        case op of          Insert(node, parent, index) → parent.insert_child(node, index)          Update(node, props) → node.update_properties(props)          Delete(node) → node.remove()          Move(node, new_parent, new_index) → move(node, new_parent, new_index)",0,0,0
F4.2,2 Notification Flow,Notify,notify(event: Event) → Effect,"```    notify(event: Event) → Effect    = notification := trigger(event)      if should_suppress(notification):        return      channels := route(notification)      for channel in channels:        message := format(notification, channel)        deliver(message, channel)        log_delivery(notification, channel)",0,0,0
F4.2,2 Notification Flow,Route,route(notification: Notification) → Set⟨Channel⟩,"```    route(notification: Notification) → Set⟨Channel⟩    = user := notification.recipient      preferences := user.notification_preferences            channels := {}      case notification.priority of        Urgent → channels := all_channels(user)        High → channels := preferred_channels(user) ∪ {InApp}        Normal → channels := preferred_channels(user)        Low → channels := {InApp}            return channels ∩ enabled_channels(preferences, notification.type)",0,0,0
F4.2,2 Notification Flow,Format,"format(notification: Notification, channel: Channel) → Message","```    format(notification: Notification, channel: Channel) → Message    = case channel of        Email → format_email(notification.subject, notification.body, notification.action_url)        Push → format_push(notification.title, notification.short_text, notification.icon)        SMS → format_sms(notification.short_text, max_length=160)        InApp → format_in_app(notification.full_content)        Webhook → format_json(notification)",0,0,0
F4.3,3 Export-Publish Flow,Export,"export(data: InternalData, format: FormatType, dest: Destination) → PublishResult","```    export(data: InternalData, format: FormatType, dest: Destination) → PublishResult    = try:        external := transform(data, format)        if validate(external) ≠ Valid:          return Failure(""Validation failed"")        result := publish(external, dest)        return result      catch error:        return Failure(error)",0,0,0
F4.3,3 Export-Publish Flow,Transform,"transform(data: InternalData, format: FormatType) → ExternalFormat","```    transform(data: InternalData, format: FormatType) → ExternalFormat    = case format of        JSON → serialize_json(data)        XML → serialize_xml(data, schema)        CSV → flatten_to_csv(data)        PDF → render_pdf(data, template)        HTML → render_html(data, template)",0,0,0
F4.3,3 Export-Publish Flow,Publish,"publish(data: ExternalFormat, dest: Destination) → PublishResult","```    publish(data: ExternalFormat, dest: Destination) → PublishResult    = case dest of        File(path) →           write_file(path, data)          return Success(file_url(path))        URL(endpoint) →           response := http_post(endpoint, data)          return Success(response.location)        API(service) →           id := service.create(data)          return Success(service.url(id))        Storage(bucket) →           key := bucket.put(data)          return Success(bucket.url(key))",0,0,0
F4.4,4 Materialized View Flow,Read,read(view: MaterializedView) → Result,```    read(view: MaterializedView) → Result    = if stale(view):        if refresh_strategy = OnDemand:          refresh(view)      return cache[view],0,0,0
F4.4,4 Materialized View Flow,Refresh,refresh(view: MaterializedView) → Effect,"```    refresh(view: MaterializedView) → Effect    = start_transaction()      new_result := compute(view.query, current_data)      cache[view] := new_result      last_refreshed[view] := now()      commit_transaction()      notify_subscribers(view)",0,0,0
F4.4,4 Materialized View Flow,Incremental Refresh,"incremental_refresh(view: MaterializedView, changes: Set⟨Change⟩) → Effect","```    incremental_refresh(view: MaterializedView, changes: Set⟨Change⟩) → Effect    = affected := filter_relevant_changes(changes, view.query)      if empty(affected):        return  // No update needed            if can_update_incrementally(view, affected):        cache[view] := apply_incremental_update(cache[view], affected)      else:        refresh(view)  // Full refresh",0,0,0
C5,Version History,Process,process: Input → Output,$\text{process}(i) = o$ where $o$ is computed result,0,0,0
C5,Version History,Display,display: Output → Effect,$\text{display}(o)$ shows output to user,0,0,0
C5,Version History,Update,update: State → Effect,$\text{update}(s)$ refreshes display,0,0,0
F5,Collaborative Editing Flow,Process,process: Input → Output,$\text{process}(i) = o$ where $o$ is computed result,0,0,0
F5,Collaborative Editing Flow,Display,display: Output → Effect,$\text{display}(o)$ shows output to user,0,0,0
F5,Collaborative Editing Flow,Update,update: State → Effect,$\text{update}(s)$ refreshes display,0,0,0
P5,Tabbed Workspace,Process,process: Input → Output,$\text{process}(i) = o$ where $o$ is computed result,0,0,0
P5,Tabbed Workspace,Display,display: Output → Effect,$\text{display}(o)$ shows output to user,0,0,0
P5,Tabbed Workspace,Update,update: State → Effect,$\text{update}(s)$ refreshes display,0,0,0
F6,Error Recovery Flow,Process,process: Input → Output,$\text{process}(i) = o$ where $o$ is computed result,0,0,0
F6,Error Recovery Flow,Display,display: Output → Effect,$\text{display}(o)$ shows output to user,0,0,0
F6,Error Recovery Flow,Update,update: State → Effect,$\text{update}(s)$ refreshes display,0,0,0
P6,Palette/Toolbar,Process,process: Input → Output,$\text{process}(i) = o$ where $o$ is computed result,0,0,0
P6,Palette/Toolbar,Display,display: Output → Effect,$\text{display}(o)$ shows output to user,0,0,0
P6,Palette/Toolbar,Update,update: State → Effect,$\text{update}(s)$ refreshes display,0,0,0
P7,Breadcrumb Trail,Process,process: Input → Output,$\text{process}(i) = o$ where $o$ is computed result,0,0,0
P7,Breadcrumb Trail,Display,display: Output → Effect,$\text{display}(o)$ shows output to user,0,0,0
P7,Breadcrumb Trail,Update,update: State → Effect,$\text{update}(s)$ refreshes display,0,0,0
P8,Search-Based Navigation,Process,process: Input → Output,$\text{process}(i) = o$ where $o$ is computed result,0,0,0
P8,Search-Based Navigation,Display,display: Output → Effect,$\text{display}(o)$ shows output to user,0,0,0
P8,Search-Based Navigation,Update,update: State → Effect,$\text{update}(s)$ refreshes display,0,0,0
P9,Backlinks/References,Process,process: Input → Output,$\text{process}(i) = o$ where $o$ is computed result,0,0,0
P9,Backlinks/References,Display,display: Output → Effect,$\text{display}(o)$ shows output to user,0,0,0
P9,Backlinks/References,Update,update: State → Effect,$\text{update}(s)$ refreshes display,0,0,0
P10,Parser/Compiler Pipeline,Process,process: Input → Output,$\text{process}(i) = o$ where $o$ is computed result,0,0,0
P10,Parser/Compiler Pipeline,Display,display: Output → Effect,$\text{display}(o)$ shows output to user,0,0,0
P10,Parser/Compiler Pipeline,Update,update: State → Effect,$\text{update}(s)$ refreshes display,0,0,0
P11,Validator/Checker,Process,process: Input → Output,$\text{process}(i) = o$ where $o$ is computed result,0,0,0
P11,Validator/Checker,Display,display: Output → Effect,$\text{display}(o)$ shows output to user,0,0,0
P11,Validator/Checker,Update,update: State → Effect,$\text{update}(s)$ refreshes display,0,0,0
P12,Solver/Optimizer,Process,process: Input → Output,$\text{process}(i) = o$ where $o$ is computed result,0,0,0
P12,Solver/Optimizer,Display,display: Output → Effect,$\text{display}(o)$ shows output to user,0,0,0
P12,Solver/Optimizer,Update,update: State → Effect,$\text{update}(s)$ refreshes display,0,0,0
P13,Indexer/Query Engine,Process,process: Input → Output,$\text{process}(i) = o$ where $o$ is computed result,0,0,0
P13,Indexer/Query Engine,Display,display: Output → Effect,$\text{display}(o)$ shows output to user,0,0,0
P13,Indexer/Query Engine,Update,update: State → Effect,$\text{update}(s)$ refreshes display,0,0,0
P14,Agent Swarm,Process,process: Input → Output,$\text{process}(i) = o$ where $o$ is computed result,0,0,0
P14,Agent Swarm,Display,display: Output → Effect,$\text{display}(o)$ shows output to user,0,0,0
P14,Agent Swarm,Update,update: State → Effect,$\text{update}(s)$ refreshes display,0,0,0
P15,Reasoning Chain,Process,process: Input → Output,$\text{process}(i) = o$ where $o$ is computed result,0,0,0
P15,Reasoning Chain,Display,display: Output → Effect,$\text{display}(o)$ shows output to user,0,0,0
P15,Reasoning Chain,Update,update: State → Effect,$\text{update}(s)$ refreshes display,0,0,0
P16,Suggestion/Recommendation System,Process,process: Input → Output,$\text{process}(i) = o$ where $o$ is computed result,0,0,0
P16,Suggestion/Recommendation System,Display,display: Output → Effect,$\text{display}(o)$ shows output to user,0,0,0
P16,Suggestion/Recommendation System,Update,update: State → Effect,$\text{update}(s)$ refreshes display,0,0,0
P17,Key-Value Store,Process,process: Input → Output,$\text{process}(i) = o$ where $o$ is computed result,0,0,0
P17,Key-Value Store,Display,display: Output → Effect,$\text{display}(o)$ shows output to user,0,0,0
P17,Key-Value Store,Update,update: State → Effect,$\text{update}(s)$ refreshes display,0,0,0
P18,Relational Database,Process,process: Input → Output,$\text{process}(i) = o$ where $o$ is computed result,0,0,0
P18,Relational Database,Display,display: Output → Effect,$\text{display}(o)$ shows output to user,0,0,0
P18,Relational Database,Update,update: State → Effect,$\text{update}(s)$ refreshes display,0,0,0
P19,Graph Database,Process,process: Input → Output,$\text{process}(i) = o$ where $o$ is computed result,0,0,0
P19,Graph Database,Display,display: Output → Effect,$\text{display}(o)$ shows output to user,0,0,0
P19,Graph Database,Update,update: State → Effect,$\text{update}(s)$ refreshes display,0,0,0
P20,Document Store,Process,process: Input → Output,$\text{process}(i) = o$ where $o$ is computed result,0,0,0
P20,Document Store,Display,display: Output → Effect,$\text{display}(o)$ shows output to user,0,0,0
P20,Document Store,Update,update: State → Effect,$\text{update}(s)$ refreshes display,0,0,0
P21,Time-Series Store,Process,process: Input → Output,$\text{process}(i) = o$ where $o$ is computed result,0,0,0
P21,Time-Series Store,Display,display: Output → Effect,$\text{display}(o)$ shows output to user,0,0,0
P21,Time-Series Store,Update,update: State → Effect,$\text{update}(s)$ refreshes display,0,0,0
P22,Event Bus,Process,process: Input → Output,$\text{process}(i) = o$ where $o$ is computed result,0,0,0
P22,Event Bus,Display,display: Output → Effect,$\text{display}(o)$ shows output to user,0,0,0
P22,Event Bus,Update,update: State → Effect,$\text{update}(s)$ refreshes display,0,0,0
P23,Real-Time Sync,Process,process: Input → Output,$\text{process}(i) = o$ where $o$ is computed result,0,0,0
P23,Real-Time Sync,Display,display: Output → Effect,$\text{display}(o)$ shows output to user,0,0,0
P23,Real-Time Sync,Update,update: State → Effect,$\text{update}(s)$ refreshes display,0,0,0
P24,Request-Response API,Process,process: Input → Output,$\text{process}(i) = o$ where $o$ is computed result,0,0,0
P24,Request-Response API,Display,display: Output → Effect,$\text{display}(o)$ shows output to user,0,0,0
P24,Request-Response API,Update,update: State → Effect,$\text{update}(s)$ refreshes display,0,0,0
P25,Streaming Protocol,Process,process: Input → Output,$\text{process}(i) = o$ where $o$ is computed result,0,0,0
P25,Streaming Protocol,Display,display: Output → Effect,$\text{display}(o)$ shows output to user,0,0,0
P25,Streaming Protocol,Update,update: State → Effect,$\text{update}(s)$ refreshes display,0,0,0
P26,Status Bar/Indicator,Process,process: Input → Output,$\text{process}(i) = o$ where $o$ is computed result,0,0,0
P26,Status Bar/Indicator,Display,display: Output → Effect,$\text{display}(o)$ shows output to user,0,0,0
P26,Status Bar/Indicator,Update,update: State → Effect,$\text{update}(s)$ refreshes display,0,0,0
P27,Toast/Notification,Process,process: Input → Output,$\text{process}(i) = o$ where $o$ is computed result,0,0,0
P27,Toast/Notification,Display,display: Output → Effect,$\text{display}(o)$ shows output to user,0,0,0
P27,Toast/Notification,Update,update: State → Effect,$\text{update}(s)$ refreshes display,0,0,0
P28,Progress Indicator,Update Progress,update: ℕ → P,"$\text{update}(n) = P'$ where   $P'.current = \min(n, total)$,   $P'.state = \begin{cases}      \text{complete} & \text{if } n \geq total \\     \text{running} & \text{otherwise}   \end{cases}$",0,0,0
P28,Progress Indicator,Reset,reset: P → P,"$\text{reset}(P) = P'$ where   $P'.current = 0$,   $P'.state = \text{running}$,   $P'.eta = \text{estimate}()$",0,0,0
P28,Progress Indicator,Estimate ETA,estimateETA: P → Time,$\text{estimateETA}(P) = \begin{cases}     0 & \text{if } state = \text{complete} \\     \frac{total - current}{rate} & \text{if } rate > 0 \\     \infty & \text{otherwise}   \end{cases}$ where $rate = \frac{current}{elapsed}$,0,0,0
P29,Centralized State Store,Process,process: Input → Output,$\text{process}(i) = o$ where $o$ is computed result,0,0,0
P29,Centralized State Store,Display,display: Output → Effect,$\text{display}(o)$ shows output to user,0,0,0
P29,Centralized State Store,Update,update: State → Effect,$\text{update}(s)$ refreshes display,0,0,0
P30,Command Pattern,Process,process: Input → Output,$\text{process}(i) = o$ where $o$ is computed result,0,0,0
P30,Command Pattern,Display,display: Output → Effect,$\text{display}(o)$ shows output to user,0,0,0
P30,Command Pattern,Update,update: State → Effect,$\text{update}(s)$ refreshes display,0,0,0
P31,Observer Pattern,Process,process: Input → Output,$\text{process}(i) = o$ where $o$ is computed result,0,0,0
P31,Observer Pattern,Display,display: Output → Effect,$\text{display}(o)$ shows output to user,0,0,0
P31,Observer Pattern,Update,update: State → Effect,$\text{update}(s)$ refreshes display,0,0,0
P32,Plugin Architecture,Process,process: Input → Output,$\text{process}(i) = o$ where $o$ is computed result,0,0,0
P32,Plugin Architecture,Display,display: Output → Effect,$\text{display}(o)$ shows output to user,0,0,0
P32,Plugin Architecture,Update,update: State → Effect,$\text{update}(s)$ refreshes display,0,0,0
P33,Hook System,Process,process: Input → Output,$\text{process}(i) = o$ where $o$ is computed result,0,0,0
P33,Hook System,Display,display: Output → Effect,$\text{display}(o)$ shows output to user,0,0,0
P33,Hook System,Update,update: State → Effect,$\text{update}(s)$ refreshes display,0,0,0
P34,Strategy Pattern,Process,process: Input → Output,$\text{process}(i) = o$ where $o$ is computed result,0,0,0
P34,Strategy Pattern,Display,display: Output → Effect,$\text{display}(o)$ shows output to user,0,0,0
P34,Strategy Pattern,Update,update: State → Effect,$\text{update}(s)$ refreshes display,0,0,0
P35,Split-Pane Layout,Process,process: Input → Output,$\text{process}(i) = o$ where $o$ is computed result,0,0,0
P35,Split-Pane Layout,Display,display: Output → Effect,$\text{display}(o)$ shows output to user,0,0,0
P35,Split-Pane Layout,Update,update: State → Effect,$\text{update}(s)$ refreshes display,0,0,0
P36,Selection-Driven Panel,Process,process: Input → Output,$\text{process}(i) = o$ where $o$ is computed result,0,0,0
P36,Selection-Driven Panel,Display,display: Output → Effect,$\text{display}(o)$ shows output to user,0,0,0
P36,Selection-Driven Panel,Update,update: State → Effect,$\text{update}(s)$ refreshes display,0,0,0
P37,Empty State Pattern,Process,process: Input → Output,$\text{process}(i) = o$ where $o$ is computed result,0,0,0
P37,Empty State Pattern,Display,display: Output → Effect,$\text{display}(o)$ shows output to user,0,0,0
P37,Empty State Pattern,Update,update: State → Effect,$\text{update}(s)$ refreshes display,0,0,0
P38,Badge/Indicator Pattern,Process,process: Input → Output,$\text{process}(i) = o$ where $o$ is computed result,0,0,0
P38,Badge/Indicator Pattern,Display,display: Output → Effect,$\text{display}(o)$ shows output to user,0,0,0
P38,Badge/Indicator Pattern,Update,update: State → Effect,$\text{update}(s)$ refreshes display,0,0,0
P39,Contextual Action Menu,Process,process: Input → Output,$\text{process}(i) = o$ where $o$ is computed result,0,0,0
P39,Contextual Action Menu,Display,display: Output → Effect,$\text{display}(o)$ shows output to user,0,0,0
P39,Contextual Action Menu,Update,update: State → Effect,$\text{update}(s)$ refreshes display,0,0,0
P40,Mode Toggle System,Process,process: Input → Output,$\text{process}(i) = o$ where $o$ is computed result,0,0,0
P40,Mode Toggle System,Display,display: Output → Effect,$\text{display}(o)$ shows output to user,0,0,0
P40,Mode Toggle System,Update,update: State → Effect,$\text{update}(s)$ refreshes display,0,0,0
P41,Inline Status Chip,Process,process: Input → Output,$\text{process}(i) = o$ where $o$ is computed result,0,0,0
P41,Inline Status Chip,Display,display: Output → Effect,$\text{display}(o)$ shows output to user,0,0,0
P41,Inline Status Chip,Update,update: State → Effect,$\text{update}(s)$ refreshes display,0,0,0
P42,Tooltip/Hint System,Process,process: Input → Output,$\text{process}(i) = o$ where $o$ is computed result,0,0,0
P42,Tooltip/Hint System,Display,display: Output → Effect,$\text{display}(o)$ shows output to user,0,0,0
P42,Tooltip/Hint System,Update,update: State → Effect,$\text{update}(s)$ refreshes display,0,0,0
P43,Application Navigation Drawer,Process,process: Input → Output,$\text{process}(i) = o$ where $o$ is computed result,0,0,0
P43,Application Navigation Drawer,Display,display: Output → Effect,$\text{display}(o)$ shows output to user,0,0,0
P43,Application Navigation Drawer,Update,update: State → Effect,$\text{update}(s)$ refreshes display,0,0,0
P44,Keyboard Shortcut System,Process,process: Input → Output,$\text{process}(i) = o$ where $o$ is computed result,0,0,0
P44,Keyboard Shortcut System,Display,display: Output → Effect,$\text{display}(o)$ shows output to user,0,0,0
P44,Keyboard Shortcut System,Update,update: State → Effect,$\text{update}(s)$ refreshes display,0,0,0
P45,Drag and Drop Interaction,Process,process: Input → Output,$\text{process}(i) = o$ where $o$ is computed result,0,0,0
P45,Drag and Drop Interaction,Display,display: Output → Effect,$\text{display}(o)$ shows output to user,0,0,0
P45,Drag and Drop Interaction,Update,update: State → Effect,$\text{update}(s)$ refreshes display,0,0,0
P46,Focus Management System,Process,process: Input → Output,$\text{process}(i) = o$ where $o$ is computed result,0,0,0
P46,Focus Management System,Display,display: Output → Effect,$\text{display}(o)$ shows output to user,0,0,0
P46,Focus Management System,Update,update: State → Effect,$\text{update}(s)$ refreshes display,0,0,0
P47,Inline Editing Pattern,Process,process: Input → Output,$\text{process}(i) = o$ where $o$ is computed result,0,0,0
P47,Inline Editing Pattern,Display,display: Output → Effect,$\text{display}(o)$ shows output to user,0,0,0
P47,Inline Editing Pattern,Update,update: State → Effect,$\text{update}(s)$ refreshes display,0,0,0
P48,Form Validation Pattern,Process,process: Input → Output,$\text{process}(i) = o$ where $o$ is computed result,0,0,0
P48,Form Validation Pattern,Display,display: Output → Effect,$\text{display}(o)$ shows output to user,0,0,0
P48,Form Validation Pattern,Update,update: State → Effect,$\text{update}(s)$ refreshes display,0,0,0
P49,Multi-Step Form (Wizard) Pattern,Process,process: Input → Output,$\text{process}(i) = o$ where $o$ is computed result,0,0,0
P49,Multi-Step Form (Wizard) Pattern,Display,display: Output → Effect,$\text{display}(o)$ shows output to user,0,0,0
P49,Multi-Step Form (Wizard) Pattern,Update,update: State → Effect,$\text{update}(s)$ refreshes display,0,0,0
P50,Form Dependency Pattern,Process,process: Input → Output,$\text{process}(i) = o$ where $o$ is computed result,0,0,0
P50,Form Dependency Pattern,Display,display: Output → Effect,$\text{display}(o)$ shows output to user,0,0,0
P50,Form Dependency Pattern,Update,update: State → Effect,$\text{update}(s)$ refreshes display,0,0,0
P51,Responsive Layout Pattern (NEW),Process,process: Input → Output,$\text{process}(i) = o$ where $o$ is computed result,0,0,0
P51,Responsive Layout Pattern (NEW),Display,display: Output → Effect,$\text{display}(o)$ shows output to user,0,0,0
P51,Responsive Layout Pattern (NEW),Update,update: State → Effect,$\text{update}(s)$ refreshes display,0,0,0
P52,Pagination Pattern,Process,process: Input → Output,$\text{process}(i) = o$ where $o$ is computed result,0,0,0
P52,Pagination Pattern,Display,display: Output → Effect,$\text{display}(o)$ shows output to user,0,0,0
P52,Pagination Pattern,Update,update: State → Effect,$\text{update}(s)$ refreshes display,0,0,0
P53,Filtering Pattern,Process,process: Input → Output,$\text{process}(i) = o$ where $o$ is computed result,0,0,0
P53,Filtering Pattern,Display,display: Output → Effect,$\text{display}(o)$ shows output to user,0,0,0
P53,Filtering Pattern,Update,update: State → Effect,$\text{update}(s)$ refreshes display,0,0,0
P54,Sorting Pattern,Process,process: Input → Output,$\text{process}(i) = o$ where $o$ is computed result,0,0,0
P54,Sorting Pattern,Display,display: Output → Effect,$\text{display}(o)$ shows output to user,0,0,0
P54,Sorting Pattern,Update,update: State → Effect,$\text{update}(s)$ refreshes display,0,0,0
P55,Virtualization Pattern,Process,process: Input → Output,$\text{process}(i) = o$ where $o$ is computed result,0,0,0
P55,Virtualization Pattern,Display,display: Output → Effect,$\text{display}(o)$ shows output to user,0,0,0
P55,Virtualization Pattern,Update,update: State → Effect,$\text{update}(s)$ refreshes display,0,0,0
P56,Cache Strategy Pattern,Process,process: Input → Output,$\text{process}(i) = o$ where $o$ is computed result,0,0,0
P56,Cache Strategy Pattern,Display,display: Output → Effect,$\text{display}(o)$ shows output to user,0,0,0
P56,Cache Strategy Pattern,Update,update: State → Effect,$\text{update}(s)$ refreshes display,0,0,0
P57,Data Migration Pattern,Process,process: Input → Output,$\text{process}(i) = o$ where $o$ is computed result,0,0,0
P57,Data Migration Pattern,Display,display: Output → Effect,$\text{display}(o)$ shows output to user,0,0,0
P57,Data Migration Pattern,Update,update: State → Effect,$\text{update}(s)$ refreshes display,0,0,0
P58,Authentication Pattern,Process,process: Input → Output,$\text{process}(i) = o$ where $o$ is computed result,0,0,0
P58,Authentication Pattern,Display,display: Output → Effect,$\text{display}(o)$ shows output to user,0,0,0
P58,Authentication Pattern,Update,update: State → Effect,$\text{update}(s)$ refreshes display,0,0,0
P59,Authorization Pattern,Process,process: Input → Output,$\text{process}(i) = o$ where $o$ is computed result,0,0,0
P59,Authorization Pattern,Display,display: Output → Effect,$\text{display}(o)$ shows output to user,0,0,0
P59,Authorization Pattern,Update,update: State → Effect,$\text{update}(s)$ refreshes display,0,0,0
P60,Input Sanitization Pattern,Process,process: Input → Output,$\text{process}(i) = o$ where $o$ is computed result,0,0,0
P60,Input Sanitization Pattern,Display,display: Output → Effect,$\text{display}(o)$ shows output to user,0,0,0
P60,Input Sanitization Pattern,Update,update: State → Effect,$\text{update}(s)$ refreshes display,0,0,0
P61,Unit Test Pattern,Process,process: Input → Output,$\text{process}(i) = o$ where $o$ is computed result,0,0,0
P61,Unit Test Pattern,Display,display: Output → Effect,$\text{display}(o)$ shows output to user,0,0,0
P61,Unit Test Pattern,Update,update: State → Effect,$\text{update}(s)$ refreshes display,0,0,0
P62,Integration Test Pattern,Process,process: Input → Output,$\text{process}(i) = o$ where $o$ is computed result,0,0,0
P62,Integration Test Pattern,Display,display: Output → Effect,$\text{display}(o)$ shows output to user,0,0,0
P62,Integration Test Pattern,Update,update: State → Effect,$\text{update}(s)$ refreshes display,0,0,0
P63,End-to-End Test Pattern,Process,process: Input → Output,$\text{process}(i) = o$ where $o$ is computed result,0,0,0
P63,End-to-End Test Pattern,Display,display: Output → Effect,$\text{display}(o)$ shows output to user,0,0,0
P63,End-to-End Test Pattern,Update,update: State → Effect,$\text{update}(s)$ refreshes display,0,0,0
P64,Generative UI,Generate Component,generate: Context → ComponentSpec,"$\text{generate}(ctx) = spec$ where   $spec.template = \text{LLM}_{selector}(ctx, T_{lib})$   $spec.props = \text{LLM}_{props}(ctx)$   $spec.data = \text{extract}(ctx)$   $spec.children = \text{LLM}_{children}(ctx)$",0,0,0
P64,Generative UI,Stream Render,streamRender: Stream⟨Token⟩ → Stream⟨UIElement⟩,$\text{streamRender}(S) = \{render(\text{accumulate}(S[0:i])) \mid i \in [1..|S|]\}$ (progressive rendering as tokens arrive),0,0,0
P64,Generative UI,Morph UI,morph: UIElement × ComponentSpec → UIElement,"$\text{morph}(ui, spec) = ui'$ where   $\text{diff} = \text{compute\_diff}(ui, spec)$   $ui' = \text{apply}(\text{diff}, ui)$ (minimal DOM updates)",0,0,0
P65,Streaming Component,Accumulate Tokens,accumulate: Stream⟨Token⟩ → String,"$\text{accumulate}(S) = \text{fold}(\oplus, \text{""""}, S)$ where   $\oplus$ is string concatenation",0,0,0
P65,Streaming Component,Enqueue Render,enqueue: Token → Effect,$\text{enqueue}(t) = Q_{render}' $ where   $buf' = buf \oplus [t]$   $Q_{render}' = Q_{render} \oplus [\text{task}(buf')]$ if ready,0,0,0
P65,Streaming Component,Flush Buffer,flush: BoundedQueue → RenderTask,"$\text{flush}(buf) = task$ where   $task = (\text{accumulate}(buf), \text{HIGH}, \text{render})$   $buf' = \emptyset$ (clear buffer)",0,0,0
P66,Context-Adaptive Interface,Extract Context,extract: ApplicationState → Context,$\text{extract}(state) = ctx$ where   $ctx.user = state[\text{user\_profile}]$   $ctx.task = \text{infer\_task}(state[\text{recent\_actions}])$   $ctx.environment = \text{detect\_env}()$   $ctx.history = state[\text{interaction\_history}]$,0,0,0
P66,Context-Adaptive Interface,Select Variant,select: Context → UIVariant,"$\text{select}(ctx) = v$ where   $v = R_{adapt}(T_{ctx}(ctx))$   $v = \arg\max_{v' \in T_{ui}} \text{score}(v', ctx)$ (best match)",0,0,0
P66,Context-Adaptive Interface,Morph Interface,morph: UIVariant × UIVariant → Transition,"$\text{morph}(v_{old}, v_{new}) = trans$ where   $trans = \text{compute\_diff}(v_{old}, v_{new})$   $\text{animate}(trans, \text{duration})$",0,0,0
P67,Progressive Disclosure by AI,Score Relevance,"score: InfoNode × Context → [0,1]","$\text{score}(n, ctx) = w_1 \cdot \text{sim}(n.content, ctx.query)$   $+ w_2 \cdot n.importance$   $+ w_3 \cdot \text{novelty}(n, \text{Revealed}_t)$ where $w_1 + w_2 + w_3 = 1$",0,0,0
P67,Progressive Disclosure by AI,Next To Reveal,next: H_info × Revealed_t → InfoNode,"$\text{next}(H, R) = \arg\max_{n \in H \setminus R} \text{score}(n, ctx)$ subject to: $\text{parent}(n) \in R$ (parent revealed)",0,0,0
P67,Progressive Disclosure by AI,Expand Node,expand: InfoNode → Set⟨InfoNode⟩,$\text{expand}(n) = \text{Revealed}_t \cup \{n\} \cup \text{immediate\_children}(n)$ with animation and transition effects,0,0,0
P68,Agent Team Visualization,Add Agent,addAgent: Agent × Role → A_roster,"$\text{addAgent}(a, r) = A_{roster}'$ where   $A_{roster}' = A_{roster} \cup \{a\}$   $R_{roles}'(a) = r$   $S_{status}'(a) = \text{idle}$",0,0,0
P68,Agent Team Visualization,Update Status,updateStatus: Agent × Status → Effect,"$\text{updateStatus}(a, s) = S_{status}'$ where   $S_{status}'(a) = s$   $\text{notify}(\text{visualization}, a, s)$",0,0,0
P68,Agent Team Visualization,Visualize Coordination,visualize: Set⟨Coordination⟩ → Graph,"$\text{visualize}(C) = G$ where   $G.vertices = A_{roster}$   $G.edges = \{(c.source, c.target, c.relation) \mid c \in C\}$   $\text{layout}(G) = \text{force-directed}$",0,0,0
P69,Agent Activity Timeline,Log Event,log: Event → Events,"$\text{log}(e) = Events'$ where   $Events' = Events \oplus [e]$   $\text{sort}(Events', \lambda e. e.timestamp)$",0,0,0
P69,Agent Activity Timeline,Filter by Agent,filter: Agent → Seq⟨Event⟩,$\text{filter}(a) = \{e \in Events \mid e.agent = a\}$,0,0,0
P69,Agent Activity Timeline,Render Timeline,render: Seq⟨Event⟩ → Visualization,"$\text{render}(E) = v$ where   $v.lanes = \{(a, \text{filter}(a)) \mid a \in Agents\}$   $v.markers = \{(e.timestamp, e.action) \mid e \in E\}$",0,0,0
P70,Agent Handoff,Initiate Handoff,initiate: Agent × Agent × State → Transfer,"$\text{initiate}(a_1, a_2, s) = t$ where   $t.state = \text{serialize}(s)$   $t.status = \text{pending}$   $\text{notify}(a_2, t)$",0,0,0
P70,Agent Handoff,Accept Handoff,accept: Agent × Transfer → State,"$\text{accept}(a, t) = s$ where   $s = \text{deserialize}(t.state)$   $V_{verify}(s) = \text{true}$   $t.status \leftarrow \text{complete}$   $t.acknowledgment \leftarrow \text{signed}(a)$",0,0,0
P70,Agent Handoff,Rollback Handoff,rollback: Transfer → State,$\text{rollback}(t) = s$ where   $s = t.state_{original}$   $\text{owner}(\text{task}) \leftarrow A_{from}$   $t.status \leftarrow \text{cancelled}$,0,0,0
P71,Orchestration Dashboard,Render Workflow,render: WorkflowGraph → Visualization,"$\text{render}(W) = v$ where   $v.\text{nodes} = \{(n.id, n.status, n.agent) \mid n \in W.V\}$   $v.\text{edges} = W.E$   $v.\text{layout} = \text{topological\_sort}(W)$",0,0,0
P71,Orchestration Dashboard,Update Metrics,update: WorkflowGraph → Metrics,$\text{update}(W) = M$ where   $M.\text{throughput} = \frac{|\text{completed}(W)|}{t_{elapsed}}$   $M.\text{latency} = \text{avg}(\{t_{complete}(n) - t_{start}(n) \mid n \in W.V\})$   $M.\text{cost} = \sum_{a \in A_{agents}} \text{cost}(a)$,0,0,0
P71,Orchestration Dashboard,Execute Control,execute: Control × WorkflowGraph → Effect,"$\text{execute}(c, W) = $ effect where   $\text{pause} : \forall n \in W.V : n.\text{status} \leftarrow \text{paused}$   $\text{cancel} : W \leftarrow \emptyset$   $\text{retry} : \text{reset}(\text{failed}(W))$",0,0,0
P72,Agent Role Selector,Match Role,match: Role × TaskSpec → ℝ,"$\text{match}(r, t) = w_1 \cdot \text{capability\_score}(r, t)$   $+ w_2 \cdot \text{expertise\_score}(r, t)$   $+ w_3 \cdot \text{availability}(r)$ where $w_1 + w_2 + w_3 = 1$",0,0,0
P72,Agent Role Selector,Select Best Role,select: TaskSpec → Role,"$\text{select}(t) = \arg\max_{r \in R_{available}} M_{match}(r, t)$ subject to: $r.\text{state} = \text{available}$",0,0,0
P72,Agent Role Selector,Assign Agent,assign: Role × TaskSpec → Agent,"$\text{assign}(r, t) = a$ where   $a = A_{assign}(r, t)$   $a.\text{role} \leftarrow r$   $a.\text{state} \leftarrow \text{assigned}(t)$",0,0,0
P73,Composite Action,Compose Actions,compose: Seq⟨Action⟩ → CompositeAction,"$\text{compose}([a_1, ..., a_n]) = c$ where   $c.\text{actions} = [a_1, ..., a_n]$   $c.\text{order} = \text{topological\_sort}(\text{dependencies})$   $c.\text{compensation} = [a_n.\text{undo}, ..., a_1.\text{undo}]$ (reverse order)",0,0,0
P73,Composite Action,Execute Composite,execute: CompositeAction → Result,"$\text{execute}(c) = r$ where   $r = \text{foldl}(\lambda s, a. s \land \text{exec}(a), \text{true}, c.\text{actions})$   if $r = \text{failure}$ then $rollback(c)$",0,0,0
P73,Composite Action,Rollback Composite,rollback: CompositeAction → Effect,$\text{rollback}(c) = $ effect where   $\forall a \in \text{executed}(c) : a.\text{undo}()$   in reverse order of execution,0,0,0
P74,Continuous AI Monitoring,Detect Anomalies,detect: State → Set⟨Anomaly⟩,"$\text{detect}(s) = \{a \mid m \in s.\text{metrics} \land |m - \mu_m| > k \cdot \sigma_m\}$ where $\mu_m$ = mean, $\sigma_m$ = std dev, $k$ = sensitivity",0,0,0
P74,Continuous AI Monitoring,Generate Alert,generateAlert: Anomaly → Alert,$\text{generateAlert}(a) = alert$ where   $alert.\text{priority} = f(a.\text{severity})$   $alert.\text{actions} = \text{recommend}(a)$   $alert.\text{recipients} = \text{escalate}(a.\text{severity})$,0,0,0
P74,Continuous AI Monitoring,Update Thresholds,updateThresholds: History → T_threshold,$\text{updateThresholds}(H) = T'$ where   $\forall m : T'[m] = \mu_m + k \cdot \sigma_m$ (adaptive thresholds),0,0,0
P75,Proactive Intervention,Predict Need,predict: Context → Prediction,"$\text{predict}(ctx) = p$ where   $p.\text{need} = \text{LLM}_{predictor}(ctx.\text{history}, ctx.\text{current})$   $p.\text{confidence} = P(\text{need} | ctx)$   $p.\text{urgency} = f(ctx.\text{task}.\text{deadline})$",0,0,0
P75,Proactive Intervention,Determine Timing,timing: Prediction × UserState → Time,"$\text{timing}(p, u) = t$ where   $t = \begin{cases}     \text{now} & \text{if } u.\text{load} < \theta_{low} \land p.\text{urgency} = \text{high} \\     \text{next\_break} & \text{if } u.\text{load} \geq \theta_{low} \\     \text{defer} & \text{if } p.\text{confidence} < \theta_{conf}   \end{cases}$",0,0,0
P75,Proactive Intervention,Execute Intervention,intervene: Prediction → Effect,"$\text{intervene}(p) = $ effect where   $\text{action} = A_{action}(p)$   $\text{timing} = T_{timing}(p)$   $\text{execute}(\text{action}, \text{timing})$",0,0,0
P76,Ambient AI,Continuous Monitor,monitor: Environment → Stream⟨Event⟩,"$\text{monitor}(env) = s$ where   $s = \{\text{observe}(env, t) \mid t \in \text{Time}\}$   $\text{filter}(s, \lambda e. \text{relevant}(e))$",0,0,0
P76,Ambient AI,Act Autonomously,act: Event → Action,"$\text{act}(e) = a$ where   $a = A_{act}(e)$   $V_{visibility}(a) = \text{minimal}$   $\text{execute}(a, \text{background})$",0,0,0
P76,Ambient AI,Adjust Visibility,adjustVisibility: Action × Context → VisibilityLevel,"$\text{adjustVisibility}(a, c) = v$ where   $v = \begin{cases}     \text{invisible} & \text{if } \text{routine}(a) \\     \text{subtle} & \text{if } \text{important}(a) \land c.\text{user}.\text{busy} \\     \text{visible} & \text{if } \text{requires\_awareness}(a)   \end{cases}$",0,0,0
P77,Intelligent Interruption,Estimate Load,estimateLoad: User → CognitiveLoad,$\text{estimateLoad}(u) = \lambda$ where   $\lambda = w_1 \cdot \text{task\_complexity}(u.\text{current\_task})$   $+ w_2 \cdot \text{interruption\_frequency}(u)$   $+ w_3 \cdot \text{time\_pressure}(u)$ where $\sum w_i = 1$,0,0,0
P77,Intelligent Interruption,Find Optimal Moment,findMoment: Message → Moment,"$\text{findMoment}(m) = \text{moment}$ where   $\text{moment} = \arg\min_{t \in M_{moment}} (L_{load}(t) \cdot w_1 + \text{delay}(m, t) \cdot w_2)$",0,0,0
P77,Intelligent Interruption,Deliver with Timing,deliver: Message × Moment → Effect,"$\text{deliver}(m, t) = $ effect where   $\text{wait\_until}(t.\text{time})$   $\text{modality} = \text{select\_modality}(P_{priority}(m), L_{load}(t))$   $\text{present}(m, \text{modality})$",0,0,0
P78,Background Task Management,Enqueue Task,enqueue: Task → Q_tasks,"$\text{enqueue}(t) = Q'$ where   $Q' = Q_{tasks} \oplus [t]$   $\text{heapify}(Q', \lambda t. t.\text{priority})$ (maintain priority order)",0,0,0
P78,Background Task Management,Schedule Execution,schedule: Task → Time,$\text{schedule}(t) = t_{exec}$ where   $t_{exec} = \begin{cases}     \text{now} & \text{if } t.\text{priority} = \text{HIGH} \land \text{resources\_available} \\     \text{idle\_time} & \text{if } t.\text{priority} = \text{LOW} \\     \text{before}(t.\text{deadline}) & \text{otherwise}   \end{cases}$,0,0,0
P78,Background Task Management,Execute Background,execute: Task → Result,"$\text{execute}(t) = r$ where   $\text{thread} = \text{spawn}(t.\text{work})$   $\text{monitor}(\text{thread})$   $r = \text{await}(\text{thread})$   $N_{notify}(t, M_{monitor}(t))$",0,0,0
P79,Anticipatory Action,Predict Next Action,predict: Pattern → Prediction,$\text{predict}(p) = pred$ where   $pred.\text{action} = \arg\max_{a} P(a | p)$   $pred.\text{probability} = P(pred.\text{action} | p)$   $pred.\text{timing} = E[t_{request} | p]$ (expected time),0,0,0
P79,Anticipatory Action,Prepare Action,prepare: Prediction → PreparedState,$\text{prepare}(pred) = state$ where   $state.\text{data} = \text{fetch}(pred.\text{action}.\text{requirements})$   $state.\text{computation} = \text{precompute}(pred.\text{action})$   $state.\text{validity} = t_{now} + \text{TTL}$,0,0,0
P79,Anticipatory Action,Execute Instantly,execute: PreparedState → Result,$\text{execute}(state) = r$ where   if $t_{now} < state.\text{validity}$ then     $r = state.\text{computation}$ (instant)   else     $r = \text{recompute}()$ (expired cache),0,0,0
P80,Voice Conversation,Process Speech,processSpeech: AudioStream → Intent × Confidence,"$\text{processSpeech}(I_{speech}) = (intent, conf)$ where   $\text{audio} \xrightarrow{\text{STT}} \text{text}$   $\text{text} \xrightarrow{\text{NLU}} (intent, conf)$   $conf = P(\text{intent} | \text{text})$",0,0,0
P80,Voice Conversation,Generate Response,generateResponse: Intent × M_dialog → AudioStream,"$\text{generateResponse}(intent, M_{dialog}) = O_{speech}$ where   $\text{response} = \text{LLM}(intent, M_{dialog})$   $O_{speech} = \text{TTS}(\text{response})$   $M_{dialog}' = M_{dialog} \oplus [\text{agent}, \text{response}, t]$",0,0,0
P80,Voice Conversation,Update Dialog State,updateDialog: Turn → M_dialog,$\text{updateDialog}(turn) = M_{dialog}'$ where   $M_{dialog}' = M_{dialog} \oplus [turn]$   $|M_{dialog}'| \leq \text{max\_context}$ (sliding window),0,0,0
P81,Voice Command with Visual Feedback,Transcribe Voice,transcribe: AudioStream → Text,"$\text{transcribe}(audio) = text$ where   $text = \text{ASR}(audio)$   $\text{display}(text, \text{real-time})$",0,0,0
P81,Voice Command with Visual Feedback,Extract Intent,extractIntent: Text → Intent,$\text{extractIntent}(text) = intent$ where   $intent.\text{command} = \text{NLU}(text)$   $intent.\text{params} = \text{extract\_params}(text)$   $intent.\text{confidence} = P(\text{command} | text)$,0,0,0
P81,Voice Command with Visual Feedback,Show Confirmation,showConfirmation: Intent → Visualization,"$\text{showConfirmation}(i) = v$ where   $v.\text{text} = \text{format}(i.\text{command})$   $v.\text{color} = f(i.\text{confidence})$   $v.\text{animation} = \text{fade\_in}$   $\text{display}(v, 2s)$",0,0,0
P82,Multimodal Input Fusion,Fuse Inputs,fuse: Set⟨Input⟩ → Intent,$\text{fuse}(I) = intent$ where   $I_{sync} = \{i \in I \mid \text{within\_window}(i)\}$   $intent = \text{combine}(\{E_{modality}(i) \mid i \in I_{sync}\})$   $intent.\text{confidence} = f(\{i.\text{confidence} \mid i \in I_{sync}\})$,0,0,0
P82,Multimodal Input Fusion,Resolve Ambiguity,resolve: Ambiguity × Set⟨Input⟩ → Intent,"$\text{resolve}(a, I) = intent$ where   $\text{primary} = \max_{i \in I}(i.\text{specificity})$   $\text{supporting} = I \setminus \{\text{primary}\}$   $intent = \text{disambiguate}(\text{primary}, \text{supporting})$",0,0,0
P82,Multimodal Input Fusion,Weight Modalities,"weight: Set⟨Input⟩ → Map⟨Modality, ℝ⟩",$\text{weight}(I) = W$ where   $W[m] = \text{reliability}(m) \times \text{specificity}(m) \times \text{recency}(m)$   $\sum_{m} W[m] = 1$ (normalized),0,0,0
P83,Voice-First Navigation,Parse Voice Command,parse: VoiceCommand → Target,"$\text{parse}(cmd) = target$ where   if $cmd.phrase \in S_{shortcuts}$ then     $target = S_{shortcuts}[cmd.phrase]$   else     $target = \text{NLU}(cmd.phrase, G_{nav})$",0,0,0
P83,Voice-First Navigation,Navigate To,navigateTo: Target → Effect,"$\text{navigateTo}(t) = $ effect where   $M_{confirm}(t)$   $\text{path} = \text{shortest\_path}(\text{current}, t)$   $\text{transition}(\text{path})$",0,0,0
P83,Voice-First Navigation,Register Shortcut,registerShortcut: Phrase × Target → S_shortcuts,"$\text{registerShortcut}(p, t) = S'$ where   $S' = S_{shortcuts} \cup \{(p, t)\}$",0,0,0
P84,Continuous Dictation,Transcribe Stream,transcribe: Stream⟨Audio⟩ → Stream⟨Text⟩,$\text{transcribe}(S) = \{T_{transcribe}(a_i) \mid a_i \in S\}$ with incremental updates as audio arrives,0,0,0
P84,Continuous Dictation,Add Punctuation,punctuate: Text → Text,"$\text{punctuate}(t) = t'$ where   $t' = \text{insert}(t, \text{detect\_boundaries}(t))$   based on pauses, intonation, and grammar",0,0,0
P84,Continuous Dictation,Auto-Correct,correct: Text → Text,$\text{correct}(t) = t'$ where   $\forall w \in t : t'[w] = \begin{cases}     w & \text{if } P(w | \text{context}) > \theta \\     \arg\max_{w'} P(w' | \text{context}) & \text{otherwise}   \end{cases}$,0,0,0
P85,Voice Disambiguation,Generate Candidates,generateCandidates: VoiceInput → Set⟨Intent⟩,$\text{generateCandidates}(i) = C$ where   $C = \{intent \mid P(intent | i) > \theta_{min}\}$   $|C| \geq 1$ (at least one candidate),0,0,0
P85,Voice Disambiguation,Rank Candidates,rank: Set⟨Intent⟩ × Context → Seq⟨Intent⟩,"$\text{rank}(C, ctx) = [c_1, ..., c_n]$ where   $\forall i, j : i < j \implies \text{score}(c_i, ctx) \geq \text{score}(c_j, ctx)$   $\text{score}(c, ctx) = w_1 \cdot c.\text{confidence} + w_2 \cdot \text{context\_fit}(c, ctx)$",0,0,0
P85,Voice Disambiguation,Clarify with User,clarify: Seq⟨Intent⟩ → Intent,"$\text{clarify}(I) = intent$ where   if $I[0].\text{confidence} > \theta_{auto}$ then     $intent = I[0]$ (auto-select)   else     $intent = \text{prompt\_user}(\text{top}(I, 3))$ (show top 3)",0,0,0
P86,Approval Checkpoint,Assess Risk,assessRisk: Action → RiskScore,$\text{assessRisk}(a) = r$ where   $r = w_1 \cdot \text{impact}(a)$   $+ w_2 \cdot (1 - \text{reversibility}(a))$   $+ w_3 \cdot \text{cost}(a)$ where $\sum w_i = 1$,0,0,0
P86,Approval Checkpoint,Request Approval,requestApproval: Action → Decision,"$\text{requestApproval}(a) = d$ where   $\text{display}(a, R_{risk}(a), \text{explanation}(a))$   $d = \text{await\_user\_input}()$",0,0,0
P86,Approval Checkpoint,Execute with Gate,executeGated: Action → Result,"$\text{executeGated}(a) = $ result where   if $P_{pause}(a)$ then     $\text{decision} = \text{requestApproval}(a)$     if $\text{decision} = \text{approve}$ then $\text{execute}(a)$   else     $\text{execute}(a)$ (low risk, immediate)",0,0,0
P87,Agency Slider,Set Agency Level,"setAgency: [0,1] → (Set⟨Capability⟩, Set⟨Capability⟩)","$\text{setAgency}(\alpha) = (A, H)$ where   $A = \{c \mid c.\text{automatable} \land \text{priority}(c) < \alpha \cdot |\text{All}|\}$   $H = \text{All\_Capabilities} \setminus A$",0,0,0
P87,Agency Slider,Rebalance Control,rebalance: α × Context → ControlMix,"$\text{rebalance}(\alpha, ctx) = mix$ where   $(A, H) = \text{setAgency}(\alpha)$   $\text{reassign\_tasks}(A, H, ctx)$",0,0,0
P87,Agency Slider,Gradual Transition,transition: α_old × α_new → Effect,"$\text{transition}(\alpha_1, \alpha_2) = $ effect where   $\text{steps} = |\alpha_2 - \alpha_1| \times 10$   $\forall i \in [1..\text{steps}] : \text{setAgency}(\alpha_1 + i \cdot \Delta \alpha)$",0,0,0
P90,Explanation on Demand,Generate Explanation,explain: Action → Explanation,$\text{explain}(a) = e$ where\n  $e.reasoning = why(a)$\n  $e.evidence = \text{collect}(a)$,0,0,0
P90,Explanation on Demand,Adjust Detail,adjustDetail: DetailLevel → Explanation,$\text{adjustDetail}(d)$ filters explanation to detail level,0,0,0
P90,Explanation on Demand,Present UI,present: Explanation → Effect,$\text{present}(e)$ displays in modal/tooltip,0,0,0
P91,Intervention Request,Process,process: Input → Output,$\text{process}(i) = o$ where $o$ is computed result,0,0,0
P91,Intervention Request,Display,display: Output → Effect,$\text{display}(o)$ shows output to user,0,0,0
P91,Intervention Request,Update,update: State → Effect,$\text{update}(s)$ refreshes display,0,0,0
P92,Contextual Undo/Rollback,Process,process: Input → Output,$\text{process}(i) = o$ where $o$ is computed result,0,0,0
P92,Contextual Undo/Rollback,Display,display: Output → Effect,$\text{display}(o)$ shows output to user,0,0,0
P92,Contextual Undo/Rollback,Update,update: State → Effect,$\text{update}(s)$ refreshes display,0,0,0
P93,Agent Thinking Indicator,Process,process: Input → Output,$\text{process}(i) = o$ where $o$ is computed result,0,0,0
P93,Agent Thinking Indicator,Display,display: Output → Effect,$\text{display}(o)$ shows output to user,0,0,0
P93,Agent Thinking Indicator,Update,update: State → Effect,$\text{update}(s)$ refreshes display,0,0,0
P94,Tool Execution Visualization,Process,process: Input → Output,$\text{process}(i) = o$ where $o$ is computed result,0,0,0
P94,Tool Execution Visualization,Display,display: Output → Effect,$\text{display}(o)$ shows output to user,0,0,0
P94,Tool Execution Visualization,Update,update: State → Effect,$\text{update}(s)$ refreshes display,0,0,0
P95,Multi-Step Progress,Process,process: Input → Output,$\text{process}(i) = o$ where $o$ is computed result,0,0,0
P95,Multi-Step Progress,Display,display: Output → Effect,$\text{display}(o)$ shows output to user,0,0,0
P95,Multi-Step Progress,Update,update: State → Effect,$\text{update}(s)$ refreshes display,0,0,0
P96,Real-Time Confidence Display,Process,process: Input → Output,$\text{process}(i) = o$ where $o$ is computed result,0,0,0
P96,Real-Time Confidence Display,Display,display: Output → Effect,$\text{display}(o)$ shows output to user,0,0,0
P96,Real-Time Confidence Display,Update,update: State → Effect,$\text{update}(s)$ refreshes display,0,0,0
P97,Resource Usage Indicator,Process,process: Input → Output,$\text{process}(i) = o$ where $o$ is computed result,0,0,0
P97,Resource Usage Indicator,Display,display: Output → Effect,$\text{display}(o)$ shows output to user,0,0,0
P97,Resource Usage Indicator,Update,update: State → Effect,$\text{update}(s)$ refreshes display,0,0,0
P98,Agent State Timeline,Process,process: Input → Output,$\text{process}(i) = o$ where $o$ is computed result,0,0,0
P98,Agent State Timeline,Display,display: Output → Effect,$\text{display}(o)$ shows output to user,0,0,0
P98,Agent State Timeline,Update,update: State → Effect,$\text{update}(s)$ refreshes display,0,0,0
P99,Knowledge Graph Explorer,Process,process: Input → Output,$\text{process}(i) = o$ where $o$ is computed result,0,0,0
P99,Knowledge Graph Explorer,Display,display: Output → Effect,$\text{display}(o)$ shows output to user,0,0,0
P99,Knowledge Graph Explorer,Update,update: State → Effect,$\text{update}(s)$ refreshes display,0,0,0
P100,Source Citation,Add Citation,addCitation: TextSpan × Source → C_source,"$\text{addCitation}(span, src) = C'_{source}$ where   $Sources' = Sources \cup \{src\}$   $Inline_{refs}' = Inline_{refs} \oplus [span \mapsto src.id]$   $Links' = Links \cup \{src.URI\}$",0,0,0
P100,Source Citation,Verify All Sources,verifyAll: C_source → Set⟨SourceId × Boolean⟩,"$\text{verifyAll}(C_{source}) = \{(s.id, accessible(s.URI)) \mid s \in Sources\}$ where $accessible: URI \to Boolean$ checks validity",0,0,0
P100,Source Citation,Get Citations for Span,getCitations: TextSpan → Set⟨Source⟩,$\text{getCitations}(span) = \{s \in Sources \mid Inline_{refs}(span) = s.id\}$,0,0,0
P101,Retrieval Path Visualization,Trace Retrieval,traceRetrieval: Query × Graph → Path_retrieval,"$\text{traceRetrieval}(q, G) = \text{path}$ where   $n_0 = \arg\max_{n \in G} \text{sim}(q.embedding, n.embedding)$   $path = [n_0] \oplus \text{expand}(n_0, q, k)$ (k-hop expansion)",0,0,0
P101,Retrieval Path Visualization,Visualize Path,visualizePath: Path_retrieval → Rendering,"$\text{visualizePath}(path) = \text{render}$ where   $\text{render}.nodes = \{n \mid (n, e) \in path\}$   $\text{render}.edges = \{e \mid (n, e) \in path\}$   $\text{render}.highlights = \text{relevance-based colors}$",0,0,0
P101,Retrieval Path Visualization,Score Path,scorePath: Path_retrieval → ℝ,"$\text{scorePath}(path) = \sum_{i=1}^{|path|} \frac{Score_{relevance}(n_i)}{i^\alpha}$ (decaying sum, $\alpha > 0$)",0,0,0
P102,Confidence-Based Highlighting,Apply Highlighting,applyHighlighting: Text × Conf_scores → StyledText,"$\text{applyHighlighting}(text, conf) = \text{styled}$ where   $\forall span \in text : \text{styled}[span].color = Colors(conf(span))$",0,0,0
P102,Confidence-Based Highlighting,Categorize Confidence,categorize: ℝ → ConfidenceLevel,"$\text{categorize}(c) = \begin{cases}     \text{high} & \text{if } c \geq t_3 \\     \text{medium} & \text{if } t_2 \leq c < t_3 \\     \text{low} & \text{if } t_1 \leq c < t_2 \\     \text{uncertain} & \text{if } c < t_1   \end{cases}$ where $t_1, t_2, t_3 \in Thresholds$",0,0,0
P102,Confidence-Based Highlighting,Interpolate Color,"interpolate: [0,1] → RGB",$\text{interpolate}(c) = (1-c) \cdot \text{color}_{low} + c \cdot \text{color}_{high}$ (linear gradient),0,0,0
P103,Multi-Source Reconciliation,Detect Conflicts,detectConflicts: Set⟨Source × Claim⟩ → Set⟨Conflict⟩,"$\text{detectConflicts}(S) = \{(c_1, c_2, t) \mid$   $(s_1, c_1), (s_2, c_2) \in S \land s_1 \neq s_2 \land$   $t = \text{classifyConflict}(c_1, c_2)\}$",0,0,0
P103,Multi-Source Reconciliation,Resolve Conflict,resolve: Conflict → ResolvedClaim,"$\text{resolve}(c_1, c_2, t) = r$ where   $r.merged\_claim = \text{merge}(c_1, c_2, t)$   $r.consensus\_score = \frac{|\text{supporting}(r)|}{|\text{all\_sources}|}$   $r.dissenting = \{s \mid s \text{ contradicts } r\}$",0,0,0
P103,Multi-Source Reconciliation,Visualize Disagreement,visualizeDisagreement: ResolvedClaim → Visualization,$\text{visualizeDisagreement}(r) = \text{view}$ where   $\text{view}.main = r.merged\_claim$   $\text{view}.alternatives = \{c \mid c \in r.dissenting\}$   $\text{view}.consensus\_bar = r.consensus\_score \times 100\%$,0,0,0
P104,Graph Query Builder,Add Node Pattern,addNode: VisualQuery × NodeConstraint → VisualQuery,"$\text{addNode}(q, n) = q'$ where   $q'.nodes = q.nodes \cup \{n\}$   $q'.constraints = q.constraints \cup \text{constraintsOf}(n)$",0,0,0
P104,Graph Query Builder,Compile to Cypher,compile: VisualQuery → Cypher,"$\text{compile}(q) = \text{cypher}$ where   $\text{cypher} = \text{MATCH } \text{pattern}(q.nodes, q.edges)$   $\text{     WHERE } \text{constraints}(q.constraints)$   $\text{     RETURN } \text{variables}(q.nodes)$",0,0,0
P104,Graph Query Builder,Execute Query,execute: Cypher × Graph → ResultSet,"$\text{execute}(cypher, G) = \{b \mid b : \text{Var} \to V \land \text{satisfies}(b, cypher, G)\}$",0,0,0
P105,Semantic Similarity Visualizer,Compute Similarity Matrix,computeSimilarity: Set⟨Concept⟩ × SimilarityMetric → Matrix,"$\text{computeSimilarity}(C, metric) = M$ where   $M[i,j] = \text{metric}(c_i.embedding, c_j.embedding)$   $\text{for cosine: } M[i,j] = \frac{e_i \cdot e_j}{\|e_i\| \|e_j\|}$",0,0,0
P105,Semantic Similarity Visualizer,Generate Layout,generateLayout: Sim_matrix × LayoutAlgorithm → (Concept → ℝ²),"$\text{generateLayout}(M, alg) = L$ where   $L = \arg\min_{L'} \sum_{i,j} (M[i,j] - \frac{1}{\|L'(c_i) - L'(c_j)\|}^2$ (stress minimization)",0,0,0
P105,Semantic Similarity Visualizer,Filter by Threshold,filter: Sim_matrix × ℝ → Set⟨Edge⟩,"$\text{filter}(M, \theta) = \{(c_i, c_j) \mid M[i,j] \geq \theta \land i \neq j\}$",0,0,0
P106,Auto-Updating Content,Process,process: Input → Output,$\text{process}(i) = o$ where $o$ is computed result,0,0,0
P106,Auto-Updating Content,Display,display: Output → Effect,$\text{display}(o)$ shows output to user,0,0,0
P106,Auto-Updating Content,Update,update: State → Effect,$\text{update}(s)$ refreshes display,0,0,0
P107,Suggested Edits,Generate Suggestions,generateSuggestions: Document → Set⟨Edit⟩,"$\text{generateSuggestions}(doc) = \{e \mid$   $e = \text{LLM}_{\text{editor}}(span, \text{context}(span)) \land$   $Confidence(e) \geq \theta_{min}\}$",0,0,0
P107,Suggested Edits,Apply Edit,applyEdit: Document × Edit → Document,"$\text{applyEdit}(doc, e) = doc'$ where   $doc'[e.span] = e.replacement$   $Approval(e) \leftarrow \text{accepted}$",0,0,0
P107,Suggested Edits,Batch Apply,batchApply: Document × Set⟨Edit⟩ → Document,"$\text{batchApply}(doc, E) = \text{fold}(\text{applyEdit}, doc, \text{sorted}(E))$ where $\text{sorted}$ orders by span position",0,0,0
P108,Cross-Document Linking,Discover Links,discoverLinks: Set⟨Document⟩ → Set⟨Link⟩,"$\text{discoverLinks}(D) = \{(d_1, d_2, t, b) \mid$   $d_1, d_2 \in D \land d_1 \neq d_2 \land$   $Auto_{link}(d_1, d_2) > \theta \land$   $t = \text{classifyRelation}(d_1, d_2)\}$",0,0,0
P108,Cross-Document Linking,Add Manual Link,addLink: Document × Document × RelationType → Link,"$\text{addLink}(d_1, d_2, t) = l$ where   $l = (d_1, d_2, t, \text{true})$   $Relationships' = Relationships \cup \{l\}$",0,0,0
P108,Cross-Document Linking,Get Related Documents,getRelated: Document × ℕ → Seq⟨Document⟩,"$\text{getRelated}(d, k) = \text{top-k}(\{d' \mid (d, d', t, b) \in Relationships\}, Auto_{link}(d, \cdot))$",0,0,0
P109,Outdated Content Detection,Check Freshness,checkFreshness: Document × Set⟨Source⟩ → Set⟨Alert⟩,"$\text{checkFreshness}(doc, S) = \{a \mid$   $\exists span \in doc : Freshness(span) < \theta \land$   $a = (\span, \text{explain}(span), \text{severity}(span), \text{update}(span))\}$",0,0,0
P109,Outdated Content Detection,Update Freshness Score,updateFreshness: ContentSpan × Source → ℝ,"$\text{updateFreshness}(span, src) = f'$ where   $\Delta t = \text{now}() - src.timestamp$   $f' = e^{-\lambda \cdot \Delta t}$ (exponential decay)",0,0,0
P109,Outdated Content Detection,Suggest Updates,suggestUpdates: Alert → Set⟨Edit⟩,"$\text{suggestUpdates}(a) = \text{LLM}_{\text{updater}}(a.span, \text{latestSources}(a.span))$",0,0,0
P110,Collaborative Document Intelligence,Coordinate Agents,coordinate: Set⟨Agent⟩ × Task → Seq⟨Contribution⟩,"$\text{coordinate}(A, task) = \text{contributions}$ where   $\text{protocol} = Coordination(a_1, a_2)$   $\text{contributions} = \text{execute}(A, task, \text{protocol})$",0,0,0
P110,Collaborative Document Intelligence,Merge Contributions,merge: Seq⟨Contribution⟩ → Document,"$\text{merge}(C) = \text{fold}(\text{apply}, Document_0, C)$ where $\text{apply}(doc, c) = \text{applyEdit}(doc, c.edit)$",0,0,0
P110,Collaborative Document Intelligence,Resolve Conflict,resolve: Contribution × Contribution → Contribution,"$\text{resolve}(c_1, c_2) = c_{merged}$ where   $c_{merged}.edit = \text{consensus}([c_1.edit, c_2.edit])$   $c_{merged}.rationale = c_1.rationale \oplus c_2.rationale$",0,0,0
P111,Document Evolution Timeline,Compute Delta,computeDelta: Version × Version → Delta,"$\text{computeDelta}(v_1, v_2) = \{e \mid e = \text{diff}(v_1.content, v_2.content)\}$ using Myers' diff algorithm or similar",0,0,0
P111,Document Evolution Timeline,Visualize Timeline,visualize: Seq⟨Version⟩ → Rendering,"$\text{visualize}(V) = \text{render}$ where   $\text{render}.timeline = \{(Timestamps(v), v.id, |Changes(v_{i-1}, v)|) \mid v \in V\}$   $\text{render}.contributors = \text{aggregate}(Contributors, V)$",0,0,0
P111,Document Evolution Timeline,Time Travel,timeTravel: Version × Time → Version,"$\text{timeTravel}(v_{current}, t) = v_t$ where   $v_t = \arg\max_{v \in Versions} \{v \mid Timestamps(v) \leq t\}$",0,0,0
P112,Event Stream Visualization,Subscribe to Stream,subscribe: Stream⟨Event⟩ × Filter → Stream⟨Event⟩,"$\text{subscribe}(S, f) = S'$ where   $S'(t) = \begin{cases} S(t) & \text{if } f(S(t)) \\ \text{None} & \text{otherwise} \end{cases}$",0,0,0
P112,Event Stream Visualization,Aggregate Window,aggregateWindow: Seq⟨Event⟩ × Window → Aggregate,"$\text{aggregateWindow}(E, w) = a$ where   $a.count = |E|$   $a.rate = \frac{|E|}{w.duration}$   $a.distribution = \text{groupBy}(E, \lambda e. e.type)$",0,0,0
P112,Event Stream Visualization,Render Stream,renderStream: Stream⟨Event⟩ → Visualization,"$\text{renderStream}(S) = v$ where   $v.\text{timeline} = \{(e.timestamp, e.type) \mid e \in S\}$   $v.\text{aggregate} = Aggregation(\text{last\_n}(S, n))$",0,0,0
P113,Event Replay Control,Replay Events,replay: Seq⟨Event⟩ × PlaybackControl → State,"$\text{replay}(H, ctrl) = \text{foldl}(\text{apply}, State_0, H_{selected})$ where $H_{selected}$ respects $ctrl.mode$ and $ctrl.speed$",0,0,0
P113,Event Replay Control,Step Forward,stepForward: State × Event → State,"$\text{stepForward}(s, e) = s'$ where   $s' = \text{applyEvent}(s, e)$   $Playback.position \leftarrow Playback.position + 1$",0,0,0
P113,Event Replay Control,Time Travel to Point,travelTo: Time → State,$\text{travelTo}(t) = State_{restore}(\{e \in History \mid e.timestamp \leq t\})$,0,0,0
P114,Stream Backpressure,Enqueue with Backpressure,"enqueue: Event × Buffer → (Buffer, Signal)","$\text{enqueue}(e, b) = (b', s)$ where   $(b', s) = \begin{cases}     (b \oplus [e], \text{ok}) & \text{if } |b| < \text{capacity} \\     (\text{drop}(b, Drop_{strategy}) \oplus [e], \text{backpressure}) & \text{otherwise}   \end{cases}$",0,0,0
P114,Stream Backpressure,Apply Drop Strategy,drop: Buffer × Strategy → Buffer,"$\text{drop}(b, s) = b'$ where   $b' = \begin{cases}     \text{tail}(b) & \text{if } s = \text{drop-oldest} \\     \text{init}(b) & \text{if } s = \text{drop-newest} \\     b \setminus \{\text{random}(b)\} & \text{if } s = \text{drop-random}   \end{cases}$",0,0,0
P114,Stream Backpressure,Throttle Stream,throttle: Stream⟨Event⟩ × Rate → Stream⟨Event⟩,"$\text{throttle}(S, r) = S'$ where   $S'(t) = \begin{cases} S(t) & \text{if } \text{rate}(t) \leq r \\ \text{None} & \text{otherwise} \end{cases}$",0,0,0
P115,Event-Driven State Updates,Process Event,processEvent: State × Event → State,"$\text{processEvent}(s, e) = s'$ where   $s' = Reducer(s, e)$   $UI_{sync}(s')$ (side-effect)",0,0,0
P115,Event-Driven State Updates,Subscribe to Events,subscribe: Stream⟨Event⟩ → Subscription,"$\text{subscribe}(stream) = sub$ where   $\forall e \in stream : \text{processEvent}(State_{current}, e)$",0,0,0
P115,Event-Driven State Updates,Compute State Delta,delta: State × State → Diff,"$\text{delta}(s_1, s_2) = \{(k, v_2) \mid k \in \text{keys}(s_2) \land s_1[k] \neq s_2[k]\}$",0,0,0
P116,Multi-Stream Coordination UI,Merge Streams,mergeStreams: Set⟨Stream⟩ × SyncStrategy → Stream,"$\text{mergeStreams}(S, sync) = s'$ where   $s' = \text{sortBy}(\bigcup_{s \in S} \text{events}(s), sync.\text{compare})$",0,0,0
P116,Multi-Stream Coordination UI,Synchronize Clocks,"syncClocks: Set⟨Stream⟩ → Map⟨Stream, Offset⟩","$\text{syncClocks}(S) = \{(s, \delta_s) \mid s \in S \land \delta_s = \text{clockOffset}(s)\}$",0,0,0
P116,Multi-Stream Coordination UI,Interleave Streams,interleave: Seq⟨Stream⟩ → Stream,"$\text{interleave}([s_1, ..., s_n]) = s$ where   $s = [s_1[0], s_2[0], ..., s_n[0], s_1[1], s_2[1], ...]$ (round-robin)",0,0,0
P117,Event Filter & Query,Apply Filter,applyFilter: Stream⟨Event⟩ × Predicate → Stream⟨Event⟩,"$\text{applyFilter}(S, p) = \{e \in S \mid p(e) = \text{true}\}$",0,0,0
P117,Event Filter & Query,Execute Query,executeQuery: Stream⟨Event⟩ × Query → Stream⟨Event⟩,"$\text{executeQuery}(S, q) = \text{Results}$ where   $\text{filtered} = \{e \in S \mid q.\text{where}(e)\}$   $\text{windowed} = \text{window}(\text{filtered}, q.\text{window})$   $\text{Results} = q.\text{select}(\text{windowed})$",0,0,0
P117,Event Filter & Query,Pattern Match,matchPattern: Stream⟨Event⟩ × Pattern → Stream⟨Match⟩,"$\text{matchPattern}(S, pat) = \{m \mid m \text{ satisfies } pat \land m \subseteq S\}$ where Pattern can be regular expression or temporal logic formula",0,0,0
P118,Domain Context Switcher,Process,process: Input → Output,$\text{process}(i) = o$ where $o$ is computed result,0,0,0
P118,Domain Context Switcher,Display,display: Output → Effect,$\text{display}(o)$ shows output to user,0,0,0
P118,Domain Context Switcher,Update,update: State → Effect,$\text{update}(s)$ refreshes display,0,0,0
P119,Cross-Domain Integration View,Integrate Domains,integrate: Set⟨Domain⟩ → Unified_display,"$\text{integrate}(D) = v$ where   $v.\text{data} = \bigcup_{d \in D} Data_{integrated}(d)$   $v.\text{links} = \{l \in Relationships \mid l.\text{source}, l.\text{target} \in D\}$   $v.\text{render} = \text{visualize}(v.\text{data}, v.\text{links})$",0,0,0
P119,Cross-Domain Integration View,Translate Across Domains,translate: Entity × Domain × Domain → Entity,"$\text{translate}(e, d_1, d_2) = e'$ where   $l = \text{findLink}(d_1, d_2, Relationships)$   $e' = l.\text{translator}(e)$ (schema mapping)",0,0,0
P119,Cross-Domain Integration View,Query Cross-Domain,queryCrossDomain: Query × Set⟨Domain⟩ → ResultSet,"$\text{queryCrossDomain}(q, D) = \bigcup_{d \in D} \text{execute}(q, Data_{integrated}(d))$ with result unification and deduplication",0,0,0
P120,Domain-Specific Agent Activation,Process,process: Input → Output,$\text{process}(i) = o$ where $o$ is computed result,0,0,0
P120,Domain-Specific Agent Activation,Display,display: Output → Effect,$\text{display}(o)$ shows output to user,0,0,0
P120,Domain-Specific Agent Activation,Update,update: State → Effect,$\text{update}(s)$ refreshes display,0,0,0
P121,Context Preservation Across Domains,Process,process: Input → Output,$\text{process}(i) = o$ where $o$ is computed result,0,0,0
P121,Context Preservation Across Domains,Display,display: Output → Effect,$\text{display}(o)$ shows output to user,0,0,0
P121,Context Preservation Across Domains,Update,update: State → Effect,$\text{update}(s)$ refreshes display,0,0,0
P122,Multi-Domain Dashboard,Process,process: Input → Output,$\text{process}(i) = o$ where $o$ is computed result,0,0,0
P122,Multi-Domain Dashboard,Display,display: Output → Effect,$\text{display}(o)$ shows output to user,0,0,0
P122,Multi-Domain Dashboard,Update,update: State → Effect,$\text{update}(s)$ refreshes display,0,0,0
P123,Domain Boundary Indicator,Process,process: Input → Output,$\text{process}(i) = o$ where $o$ is computed result,0,0,0
P123,Domain Boundary Indicator,Display,display: Output → Effect,$\text{display}(o)$ shows output to user,0,0,0
P123,Domain Boundary Indicator,Update,update: State → Effect,$\text{update}(s)$ refreshes display,0,0,0
P124,Agent Trace Viewer,Process,process: Input → Output,$\text{process}(i) = o$ where $o$ is computed result,0,0,0
P124,Agent Trace Viewer,Display,display: Output → Effect,$\text{display}(o)$ shows output to user,0,0,0
P124,Agent Trace Viewer,Update,update: State → Effect,$\text{update}(s)$ refreshes display,0,0,0
P125,Decision Explanation,Process,process: Input → Output,$\text{process}(i) = o$ where $o$ is computed result,0,0,0
P125,Decision Explanation,Display,display: Output → Effect,$\text{display}(o)$ shows output to user,0,0,0
P125,Decision Explanation,Update,update: State → Effect,$\text{update}(s)$ refreshes display,0,0,0
P126,Token Usage Display,Process,process: Input → Output,$\text{process}(i) = o$ where $o$ is computed result,0,0,0
P126,Token Usage Display,Display,display: Output → Effect,$\text{display}(o)$ shows output to user,0,0,0
P126,Token Usage Display,Update,update: State → Effect,$\text{update}(s)$ refreshes display,0,0,0
P127,Error Debug Interface,Process,process: Input → Output,$\text{process}(i) = o$ where $o$ is computed result,0,0,0
P127,Error Debug Interface,Display,display: Output → Effect,$\text{display}(o)$ shows output to user,0,0,0
P127,Error Debug Interface,Update,update: State → Effect,$\text{update}(s)$ refreshes display,0,0,0
P128,A/B Test Results,Process,process: Input → Output,$\text{process}(i) = o$ where $o$ is computed result,0,0,0
P128,A/B Test Results,Display,display: Output → Effect,$\text{display}(o)$ shows output to user,0,0,0
P128,A/B Test Results,Update,update: State → Effect,$\text{update}(s)$ refreshes display,0,0,0
P129,Performance Metrics Dashboard,Process,process: Input → Output,$\text{process}(i) = o$ where $o$ is computed result,0,0,0
P129,Performance Metrics Dashboard,Display,display: Output → Effect,$\text{display}(o)$ shows output to user,0,0,0
P129,Performance Metrics Dashboard,Update,update: State → Effect,$\text{update}(s)$ refreshes display,0,0,0
P130,AI Agent Presence Indicator,Process,process: Input → Output,$\text{process}(i) = o$ where $o$ is computed result,0,0,0
P130,AI Agent Presence Indicator,Display,display: Output → Effect,$\text{display}(o)$ shows output to user,0,0,0
P130,AI Agent Presence Indicator,Update,update: State → Effect,$\text{update}(s)$ refreshes display,0,0,0
P131,Multi-User + AI Avatar,Process,process: Input → Output,$\text{process}(i) = o$ where $o$ is computed result,0,0,0
P131,Multi-User + AI Avatar,Display,display: Output → Effect,$\text{display}(o)$ shows output to user,0,0,0
P131,Multi-User + AI Avatar,Update,update: State → Effect,$\text{update}(s)$ refreshes display,0,0,0
P132,AI Cursor Sharing,Process,process: Input → Output,$\text{process}(i) = o$ where $o$ is computed result,0,0,0
P132,AI Cursor Sharing,Display,display: Output → Effect,$\text{display}(o)$ shows output to user,0,0,0
P132,AI Cursor Sharing,Update,update: State → Effect,$\text{update}(s)$ refreshes display,0,0,0
P133,Activity Feed,Process,process: Input → Output,$\text{process}(i) = o$ where $o$ is computed result,0,0,0
P133,Activity Feed,Display,display: Output → Effect,$\text{display}(o)$ shows output to user,0,0,0
P133,Activity Feed,Update,update: State → Effect,$\text{update}(s)$ refreshes display,0,0,0
P134,Collaboration Session,Process,process: Input → Output,$\text{process}(i) = o$ where $o$ is computed result,0,0,0
P134,Collaboration Session,Display,display: Output → Effect,$\text{display}(o)$ shows output to user,0,0,0
P134,Collaboration Session,Update,update: State → Effect,$\text{update}(s)$ refreshes display,0,0,0
P135,Conflict Resolution Interface,Process,process: Input → Output,$\text{process}(i) = o$ where $o$ is computed result,0,0,0
P135,Conflict Resolution Interface,Display,display: Output → Effect,$\text{display}(o)$ shows output to user,0,0,0
P135,Conflict Resolution Interface,Update,update: State → Effect,$\text{update}(s)$ refreshes display,0,0,0
P136,User Preference Learning,Process,process: Input → Output,$\text{process}(i) = o$ where $o$ is computed result,0,0,0
P136,User Preference Learning,Display,display: Output → Effect,$\text{display}(o)$ shows output to user,0,0,0
P136,User Preference Learning,Update,update: State → Effect,$\text{update}(s)$ refreshes display,0,0,0
P137,Adaptive Interface,Process,process: Input → Output,$\text{process}(i) = o$ where $o$ is computed result,0,0,0
P137,Adaptive Interface,Display,display: Output → Effect,$\text{display}(o)$ shows output to user,0,0,0
P137,Adaptive Interface,Update,update: State → Effect,$\text{update}(s)$ refreshes display,0,0,0
P138,Personalized Agent Configuration,Process,process: Input → Output,$\text{process}(i) = o$ where $o$ is computed result,0,0,0
P138,Personalized Agent Configuration,Display,display: Output → Effect,$\text{display}(o)$ shows output to user,0,0,0
P138,Personalized Agent Configuration,Update,update: State → Effect,$\text{update}(s)$ refreshes display,0,0,0
P139,Learning Progress Indicator,Process,process: Input → Output,$\text{process}(i) = o$ where $o$ is computed result,0,0,0
P139,Learning Progress Indicator,Display,display: Output → Effect,$\text{display}(o)$ shows output to user,0,0,0
P139,Learning Progress Indicator,Update,update: State → Effect,$\text{update}(s)$ refreshes display,0,0,0
P140,Reset/Retrain Controls,Process,process: Input → Output,$\text{process}(i) = o$ where $o$ is computed result,0,0,0
P140,Reset/Retrain Controls,Display,display: Output → Effect,$\text{display}(o)$ shows output to user,0,0,0
P140,Reset/Retrain Controls,Update,update: State → Effect,$\text{update}(s)$ refreshes display,0,0,0
P141,Workflow Template Gallery,Process,process: Input → Output,$\text{process}(i) = o$ where $o$ is computed result,0,0,0
P141,Workflow Template Gallery,Display,display: Output → Effect,$\text{display}(o)$ shows output to user,0,0,0
P141,Workflow Template Gallery,Update,update: State → Effect,$\text{update}(s)$ refreshes display,0,0,0
P142,Automation Builder,Process,process: Input → Output,$\text{process}(i) = o$ where $o$ is computed result,0,0,0
P142,Automation Builder,Display,display: Output → Effect,$\text{display}(o)$ shows output to user,0,0,0
P142,Automation Builder,Update,update: State → Effect,$\text{update}(s)$ refreshes display,0,0,0
P143,Scheduled Agent,Process,process: Input → Output,$\text{process}(i) = o$ where $o$ is computed result,0,0,0
P143,Scheduled Agent,Display,display: Output → Effect,$\text{display}(o)$ shows output to user,0,0,0
P143,Scheduled Agent,Update,update: State → Effect,$\text{update}(s)$ refreshes display,0,0,0
P144,Trigger-Action,Process,process: Input → Output,$\text{process}(i) = o$ where $o$ is computed result,0,0,0
P144,Trigger-Action,Display,display: Output → Effect,$\text{display}(o)$ shows output to user,0,0,0
P144,Trigger-Action,Update,update: State → Effect,$\text{update}(s)$ refreshes display,0,0,0
P145,Workflow Monitoring Dashboard,Process,process: Input → Output,$\text{process}(i) = o$ where $o$ is computed result,0,0,0
P145,Workflow Monitoring Dashboard,Display,display: Output → Effect,$\text{display}(o)$ shows output to user,0,0,0
P145,Workflow Monitoring Dashboard,Update,update: State → Effect,$\text{update}(s)$ refreshes display,0,0,0
P146,Token Budget Indicator,Process,process: Input → Output,$\text{process}(i) = o$ where $o$ is computed result,0,0,0
P146,Token Budget Indicator,Display,display: Output → Effect,$\text{display}(o)$ shows output to user,0,0,0
P146,Token Budget Indicator,Update,update: State → Effect,$\text{update}(s)$ refreshes display,0,0,0
P147,Cost Estimation Preview,Process,process: Input → Output,$\text{process}(i) = o$ where $o$ is computed result,0,0,0
P147,Cost Estimation Preview,Display,display: Output → Effect,$\text{display}(o)$ shows output to user,0,0,0
P147,Cost Estimation Preview,Update,update: State → Effect,$\text{update}(s)$ refreshes display,0,0,0
P148,Resource Limit Controls,Process,process: Input → Output,$\text{process}(i) = o$ where $o$ is computed result,0,0,0
P148,Resource Limit Controls,Display,display: Output → Effect,$\text{display}(o)$ shows output to user,0,0,0
P148,Resource Limit Controls,Update,update: State → Effect,$\text{update}(s)$ refreshes display,0,0,0
P149,Usage Analytics Dashboard,Process,process: Input → Output,$\text{process}(i) = o$ where $o$ is computed result,0,0,0
P149,Usage Analytics Dashboard,Display,display: Output → Effect,$\text{display}(o)$ shows output to user,0,0,0
P149,Usage Analytics Dashboard,Update,update: State → Effect,$\text{update}(s)$ refreshes display,0,0,0
P150,Rate Limit Warning,Process,process: Input → Output,$\text{process}(i) = o$ where $o$ is computed result,0,0,0
P150,Rate Limit Warning,Display,display: Output → Effect,$\text{display}(o)$ shows output to user,0,0,0
P150,Rate Limit Warning,Update,update: State → Effect,$\text{update}(s)$ refreshes display,0,0,0
P152,Audit Trail Viewer,Process,process: Input → Output,$\text{process}(i) = o$ where $o$ is computed result,0,0,0
P152,Audit Trail Viewer,Display,display: Output → Effect,$\text{display}(o)$ shows output to user,0,0,0
P152,Audit Trail Viewer,Update,update: State → Effect,$\text{update}(s)$ refreshes display,0,0,0
P153,Data Access Transparency,Process,process: Input → Output,$\text{process}(i) = o$ where $o$ is computed result,0,0,0
P153,Data Access Transparency,Display,display: Output → Effect,$\text{display}(o)$ shows output to user,0,0,0
P153,Data Access Transparency,Update,update: State → Effect,$\text{update}(s)$ refreshes display,0,0,0
P154,Secure Credential Management,Process,process: Input → Output,$\text{process}(i) = o$ where $o$ is computed result,0,0,0
P154,Secure Credential Management,Display,display: Output → Effect,$\text{display}(o)$ shows output to user,0,0,0
P154,Secure Credential Management,Update,update: State → Effect,$\text{update}(s)$ refreshes display,0,0,0
P155,Trust Score Indicator,Process,process: Input → Output,$\text{process}(i) = o$ where $o$ is computed result,0,0,0
P155,Trust Score Indicator,Display,display: Output → Effect,$\text{display}(o)$ shows output to user,0,0,0
P155,Trust Score Indicator,Update,update: State → Effect,$\text{update}(s)$ refreshes display,0,0,0
