pattern_id,pattern_name,property_id,property_name,formal_spec,description,invariant_count
C1,Graph Structure,P.C1.1,Correctness,$\forall i : \text{valid}(i) \implies \text{correct}(\text{output}(i))$,,0
C1,Graph Structure,P.C1.2,Performance,$\Delta t_{process} < \text{threshold}$,,0
C1,Graph Structure,P.C1.3,Consistency,"$\forall i_1, i_2 : i_1 = i_2 \implies \text{output}(i_1) = \text{output}(i_2)$",,0
C1,Graph Structure,P.C1.4,Usability,$\forall u : \text{usable}(u)$,,0
P1,Direct Manipulation Canvas,P.P1.1,Correctness,$\forall i : \text{valid}(i) \implies \text{correct}(\text{output}(i))$,,0
P1,Direct Manipulation Canvas,P.P1.2,Performance,$\Delta t_{process} < \text{threshold}$,,0
P1,Direct Manipulation Canvas,P.P1.3,Consistency,"$\forall i_1, i_2 : i_1 = i_2 \implies \text{output}(i_1) = \text{output}(i_2)$",,0
P1,Direct Manipulation Canvas,P.P1.4,Usability,$\forall u : \text{usable}(u)$,,0
F1.1,1 Capture Flow,P.F1.1.1,Validation Required,∀i ∈ Input: store(i) ⇒ validator(i) = Valid No invalid input reaches storage,,0
F1.1,1 Capture Flow,P.F1.1.2,Normalization,∀v ∈ Valid: normalizer(v) produces consistent Internal format,,0
F1.1,1 Capture Flow,P.F1.1.3,Persistence,∀i ∈ Internal: store(i) ⇒ retrievable(i),,0
F1.2,2 Import Flow,P.F1.2.1,Format Support,∀f ∈ ExternalFormat: parser(f) defined ⇒ supported_format(f),,0
F1.2,2 Import Flow,P.F1.2.2,Schema Transformation,∀p ∈ ParsedData: transformer(p) conforms to internal schema,,0
F1.2,2 Import Flow,P.F1.2.3,Conflict Resolution,∀d ∈ InternalData: integrator(d) applies merge strategy consistently,,0
F1.3,3 Live Stream Flow,P.F1.3.1,Ordering Preservation,"∀e₁, e₂ ∈ Stream: timestamp(e₁) < timestamp(e₂) ⇒ process_order(e₁) < process_order(e₂)",,0
F1.3,3 Live Stream Flow,P.F1.3.2,Backpressure Handling,|buffer| > threshold ⇒ apply_backpressure(stream),,0
F1.3,3 Live Stream Flow,P.F1.3.3,At-Least-Once Delivery,"∀e ∈ Stream: processed(e) ⇒ ∃s ∈ Subscribers: delivered(e, s)",,0
C2,Document/Artifact,P.C2.1,Correctness,$\forall i : \text{valid}(i) \implies \text{correct}(\text{output}(i))$,,0
C2,Document/Artifact,P.C2.2,Performance,$\Delta t_{process} < \text{threshold}$,,0
C2,Document/Artifact,P.C2.3,Consistency,"$\forall i_1, i_2 : i_1 = i_2 \implies \text{output}(i_1) = \text{output}(i_2)$",,0
C2,Document/Artifact,P.C2.4,Usability,$\forall u : \text{usable}(u)$,,0
P2,Command Interface,P.P2.1,Correctness,$\forall i : \text{valid}(i) \implies \text{correct}(\text{output}(i))$,,0
P2,Command Interface,P.P2.2,Performance,$\Delta t_{process} < \text{threshold}$,,0
P2,Command Interface,P.P2.3,Consistency,"$\forall i_1, i_2 : i_1 = i_2 \implies \text{output}(i_1) = \text{output}(i_2)$",,0
P2,Command Interface,P.P2.4,Usability,$\forall u : \text{usable}(u)$,,0
F2.1,1 Pipeline Flow,P.F2.1.1,Sequential Composition,output(stage_n) = input(stage_{n+1}) Stages connect sequentially,,0
F2.1,1 Pipeline Flow,P.F2.1.2,Error Propagation,error(stage_i) ⇒ handle_error ∨ abort_pipeline,,0
F2.1,1 Pipeline Flow,P.F2.1.3,Determinism,∀input: compose(stages)(input) produces same output,,0
F2.2,2 Agent Orchestration Flow,P.F2.2.1,Capability Matching,∀t ∈ tasks: coordinator(t) = a ⇒ t.requirements ⊆ a.capabilities,,0
F2.2,2 Agent Orchestration Flow,P.F2.2.2,Load Balancing,distribution(agents) should be approximately uniform,,0
F2.2,2 Agent Orchestration Flow,P.F2.2.3,Deadline Awareness,∀t ∈ tasks: priority(t) considers deadline(t),,0
F2.3,3 Incremental Computation Flow,P.F2.3.1,Minimal Recomputation,∀n ∈ graph: recompute(n) ⇔ (invalidated(n) ∨ ∃d ∈ dependencies(n): invalidated(d)) Only recompute what changed,,0
F2.3,3 Incremental Computation Flow,P.F2.3.2,Topological Order,"∀n₁, n₂: dependency(n₁, n₂) ⇒ compute_order(n₁) < compute_order(n₂)",,0
F2.3,3 Incremental Computation Flow,P.F2.3.3,Cache Consistency,∀n ∈ graph: cache[n] = last_computed_value(n) ∨ cache[n] = ⊥,,0
F2.4,4 Enrichment Flow,P.F2.4.1,Non-Destructive,"∀b ∈ BaseData: base_fields(combine(b, enrichments)) = b Original data preserved",,0
F2.4,4 Enrichment Flow,P.F2.4.2,Parallel Enrichment,"∀e₁, e₂ ∈ enrichers: e₁ and e₂ can execute in parallel",,0
F2.4,4 Enrichment Flow,P.F2.4.3,Partial Failure Tolerance,failure(enricher_i) ⇏ failure(entire_flow) Flow continues with available enrichments,,0
C3,Symbolic Expression,P.C3.1,Correctness,$\forall i : \text{valid}(i) \implies \text{correct}(\text{output}(i))$,,0
C3,Symbolic Expression,P.C3.2,Performance,$\Delta t_{process} < \text{threshold}$,,0
C3,Symbolic Expression,P.C3.3,Consistency,"$\forall i_1, i_2 : i_1 = i_2 \implies \text{output}(i_1) = \text{output}(i_2)$",,0
C3,Symbolic Expression,P.C3.4,Usability,$\forall u : \text{usable}(u)$,,0
P3,Hierarchical Navigator,P.P3.1,Correctness,$\forall i : \text{valid}(i) \implies \text{correct}(\text{output}(i))$,,0
P3,Hierarchical Navigator,P.P3.2,Performance,$\Delta t_{process} < \text{threshold}$,,0
P3,Hierarchical Navigator,P.P3.3,Consistency,"$\forall i_1, i_2 : i_1 = i_2 \implies \text{output}(i_1) = \text{output}(i_2)$",,0
P3,Hierarchical Navigator,P.P3.4,Usability,$\forall u : \text{usable}(u)$,,0
F3.1,1 Learning Loop,P.F3.1.1,Continuous Improvement,∀t: accuracy(model_t+1) ≥ accuracy(model_t) ∨ explore(new_strategy),,0
F3.1,1 Learning Loop,P.F3.1.2,Feedback Integration,∀observation ∈ Observations: observation influences future policy,,0
F3.1,1 Learning Loop,P.F3.1.3,Convergence,lim_{t→∞} improvement(model_t) → 0 Eventually reaches optimal or near-optimal,,0
F3.2,2 Validation Loop,P.F3.2.1,Completeness,∀d ∈ Data: validate(d) finds all violations according to defined rules,,0
F3.2,2 Validation Loop,P.F3.2.2,Non-Destructive,∀v ∈ Violations: correct(v) preserves valid data,,0
F3.2,2 Validation Loop,P.F3.2.3,Verification,∀c ∈ Corrections: verify(c) ⇒ ¬violation_exists(after_correction),,0
F3.3,3 Adaptation Loop,P.F3.3.1,Stability,∀adjustments: system remains stable after applying adjustments No oscillation or divergence,,0
F3.4,4 User Preference Loop,P.F3.4.1,Privacy Preservation,∀u ∈ Users: preferences(u) stored with user consent ∧ anonymizable,,0
F3.4,4 User Preference Loop,P.F3.4.2,Preference Decay,"∀p ∈ Preferences: score(p, t) = score(p, 0) · decay_function(t) Old preferences have less weight",,0
F3.4,4 User Preference Loop,P.F3.4.3,Override Capability,∀u ∈ Users: explicit_preference(u) overrides inferred_preference(u),,0
C4,Metadata Schema,P.C4.1,Correctness,$\forall i : \text{valid}(i) \implies \text{correct}(\text{output}(i))$,,0
C4,Metadata Schema,P.C4.2,Performance,$\Delta t_{process} < \text{threshold}$,,0
C4,Metadata Schema,P.C4.3,Consistency,"$\forall i_1, i_2 : i_1 = i_2 \implies \text{output}(i_1) = \text{output}(i_2)$",,0
C4,Metadata Schema,P.C4.4,Usability,$\forall u : \text{usable}(u)$,,0
P4,Property Inspector,P.P4.1,Correctness,$\forall i : \text{valid}(i) \implies \text{correct}(\text{output}(i))$,,0
P4,Property Inspector,P.P4.2,Performance,$\Delta t_{process} < \text{threshold}$,,0
P4,Property Inspector,P.P4.3,Consistency,"$\forall i_1, i_2 : i_1 = i_2 \implies \text{output}(i_1) = \text{output}(i_2)$",,0
P4,Property Inspector,P.P4.4,Usability,$\forall u : \text{usable}(u)$,,0
F4.1,1 Reactive Render Flow,P.F4.1.1,Reactivity,state changes → render(state) → diff → patch → updated DOM Automatic propagation,,0
F4.1,1 Reactive Render Flow,P.F4.1.2,Minimal Updates,"∀s₁, s₂ ∈ State: patch(diff(render(s₁), render(s₂))) applies minimal changes",,0
F4.1,1 Reactive Render Flow,P.F4.1.3,Consistency,∀s ∈ State: visual_output(s) = render(s) What you see reflects state,,0
F4.2,2 Notification Flow,P.F4.2.1,Priority-Based Delivery,∀n ∈ Notifications: priority(n) = Urgent ⇒ all_channels_enabled(n) ∧ immediate_delivery(n),,0
F4.2,2 Notification Flow,P.F4.2.2,User Preferences,"∀u ∈ Users, n ∈ Notifications: deliver(n, channel) only if user_allows(u, channel, type(n))",,0
F4.2,2 Notification Flow,P.F4.2.3,Deduplication,"∀n₁, n₂: similar(n₁, n₂) ∧ recent(n₁) ⇒ suppress(n₂)",,0
F4.3,3 Export-Publish Flow,P.F4.3.1,Format Compliance,∀d ∈ InternalData: validate(transform(d)) = Valid ⇒ conforms_to_spec(transform(d)),,0
F4.3,3 Export-Publish Flow,P.F4.3.2,Lossless Export,∀d ∈ InternalData: can_round_trip(d) ⇒ import(transform(d)) = d,,0
F4.3,3 Export-Publish Flow,P.F4.3.3,Atomic Publish,∀d ∈ Data: publish(d) succeeds completely ∨ rolls back completely,,0
F4.4,4 Materialized View Flow,P.F4.4.1,Consistency Eventually,"∀m ∈ MaterializedViews: after_refresh(m) ⇒ cache(m) = compute(query(m), current_data)",,0
F4.4,4 Materialized View Flow,P.F4.4.2,Performance Trade-off,read_cost(materialized_view) << read_cost(base_query) ∧ maintenance_cost(materialized_view) > 0,,0
F4.4,4 Materialized View Flow,P.F4.4.3,Staleness Bound,∀m ∈ MaterializedViews: staleness(m) ≤ max_staleness(m) ∨ trigger_refresh(m),,0
C5,Version History,P.C5.1,Correctness,$\forall i : \text{valid}(i) \implies \text{correct}(\text{output}(i))$,,0
C5,Version History,P.C5.2,Performance,$\Delta t_{process} < \text{threshold}$,,0
C5,Version History,P.C5.3,Consistency,"$\forall i_1, i_2 : i_1 = i_2 \implies \text{output}(i_1) = \text{output}(i_2)$",,0
C5,Version History,P.C5.4,Usability,$\forall u : \text{usable}(u)$,,0
F5,Collaborative Editing Flow,P.F5.1,Correctness,$\forall i : \text{valid}(i) \implies \text{correct}(\text{output}(i))$,,0
F5,Collaborative Editing Flow,P.F5.2,Performance,$\Delta t_{process} < \text{threshold}$,,0
F5,Collaborative Editing Flow,P.F5.3,Consistency,"$\forall i_1, i_2 : i_1 = i_2 \implies \text{output}(i_1) = \text{output}(i_2)$",,0
F5,Collaborative Editing Flow,P.F5.4,Usability,$\forall u : \text{usable}(u)$,,0
P5,Tabbed Workspace,P.P5.1,Correctness,$\forall i : \text{valid}(i) \implies \text{correct}(\text{output}(i))$,,0
P5,Tabbed Workspace,P.P5.2,Performance,$\Delta t_{process} < \text{threshold}$,,0
P5,Tabbed Workspace,P.P5.3,Consistency,"$\forall i_1, i_2 : i_1 = i_2 \implies \text{output}(i_1) = \text{output}(i_2)$",,0
P5,Tabbed Workspace,P.P5.4,Usability,$\forall u : \text{usable}(u)$,,0
F6,Error Recovery Flow,P.F6.1,Correctness,$\forall i : \text{valid}(i) \implies \text{correct}(\text{output}(i))$,,0
F6,Error Recovery Flow,P.F6.2,Performance,$\Delta t_{process} < \text{threshold}$,,0
F6,Error Recovery Flow,P.F6.3,Consistency,"$\forall i_1, i_2 : i_1 = i_2 \implies \text{output}(i_1) = \text{output}(i_2)$",,0
F6,Error Recovery Flow,P.F6.4,Usability,$\forall u : \text{usable}(u)$,,0
P6,Palette/Toolbar,P.P6.1,Correctness,$\forall i : \text{valid}(i) \implies \text{correct}(\text{output}(i))$,,0
P6,Palette/Toolbar,P.P6.2,Performance,$\Delta t_{process} < \text{threshold}$,,0
P6,Palette/Toolbar,P.P6.3,Consistency,"$\forall i_1, i_2 : i_1 = i_2 \implies \text{output}(i_1) = \text{output}(i_2)$",,0
P6,Palette/Toolbar,P.P6.4,Usability,$\forall u : \text{usable}(u)$,,0
P7,Breadcrumb Trail,P.P7.1,Correctness,$\forall i : \text{valid}(i) \implies \text{correct}(\text{output}(i))$,,0
P7,Breadcrumb Trail,P.P7.2,Performance,$\Delta t_{process} < \text{threshold}$,,0
P7,Breadcrumb Trail,P.P7.3,Consistency,"$\forall i_1, i_2 : i_1 = i_2 \implies \text{output}(i_1) = \text{output}(i_2)$",,0
P7,Breadcrumb Trail,P.P7.4,Usability,$\forall u : \text{usable}(u)$,,0
P8,Search-Based Navigation,P.P8.1,Correctness,$\forall i : \text{valid}(i) \implies \text{correct}(\text{output}(i))$,,0
P8,Search-Based Navigation,P.P8.2,Performance,$\Delta t_{process} < \text{threshold}$,,0
P8,Search-Based Navigation,P.P8.3,Consistency,"$\forall i_1, i_2 : i_1 = i_2 \implies \text{output}(i_1) = \text{output}(i_2)$",,0
P8,Search-Based Navigation,P.P8.4,Usability,$\forall u : \text{usable}(u)$,,0
P9,Backlinks/References,P.P9.1,Correctness,$\forall i : \text{valid}(i) \implies \text{correct}(\text{output}(i))$,,0
P9,Backlinks/References,P.P9.2,Performance,$\Delta t_{process} < \text{threshold}$,,0
P9,Backlinks/References,P.P9.3,Consistency,"$\forall i_1, i_2 : i_1 = i_2 \implies \text{output}(i_1) = \text{output}(i_2)$",,0
P9,Backlinks/References,P.P9.4,Usability,$\forall u : \text{usable}(u)$,,0
P10,Parser/Compiler Pipeline,P.P10.1,Correctness,$\forall i : \text{valid}(i) \implies \text{correct}(\text{output}(i))$,,0
P10,Parser/Compiler Pipeline,P.P10.2,Performance,$\Delta t_{process} < \text{threshold}$,,0
P10,Parser/Compiler Pipeline,P.P10.3,Consistency,"$\forall i_1, i_2 : i_1 = i_2 \implies \text{output}(i_1) = \text{output}(i_2)$",,0
P10,Parser/Compiler Pipeline,P.P10.4,Usability,$\forall u : \text{usable}(u)$,,0
P11,Validator/Checker,P.P11.1,Correctness,$\forall i : \text{valid}(i) \implies \text{correct}(\text{output}(i))$,,0
P11,Validator/Checker,P.P11.2,Performance,$\Delta t_{process} < \text{threshold}$,,0
P11,Validator/Checker,P.P11.3,Consistency,"$\forall i_1, i_2 : i_1 = i_2 \implies \text{output}(i_1) = \text{output}(i_2)$",,0
P11,Validator/Checker,P.P11.4,Usability,$\forall u : \text{usable}(u)$,,0
P12,Solver/Optimizer,P.P12.1,Correctness,$\forall i : \text{valid}(i) \implies \text{correct}(\text{output}(i))$,,0
P12,Solver/Optimizer,P.P12.2,Performance,$\Delta t_{process} < \text{threshold}$,,0
P12,Solver/Optimizer,P.P12.3,Consistency,"$\forall i_1, i_2 : i_1 = i_2 \implies \text{output}(i_1) = \text{output}(i_2)$",,0
P12,Solver/Optimizer,P.P12.4,Usability,$\forall u : \text{usable}(u)$,,0
P13,Indexer/Query Engine,P.P13.1,Correctness,$\forall i : \text{valid}(i) \implies \text{correct}(\text{output}(i))$,,0
P13,Indexer/Query Engine,P.P13.2,Performance,$\Delta t_{process} < \text{threshold}$,,0
P13,Indexer/Query Engine,P.P13.3,Consistency,"$\forall i_1, i_2 : i_1 = i_2 \implies \text{output}(i_1) = \text{output}(i_2)$",,0
P13,Indexer/Query Engine,P.P13.4,Usability,$\forall u : \text{usable}(u)$,,0
P14,Agent Swarm,P.P14.1,Correctness,$\forall i : \text{valid}(i) \implies \text{correct}(\text{output}(i))$,,0
P14,Agent Swarm,P.P14.2,Performance,$\Delta t_{process} < \text{threshold}$,,0
P14,Agent Swarm,P.P14.3,Consistency,"$\forall i_1, i_2 : i_1 = i_2 \implies \text{output}(i_1) = \text{output}(i_2)$",,0
P14,Agent Swarm,P.P14.4,Usability,$\forall u : \text{usable}(u)$,,0
P15,Reasoning Chain,P.P15.1,Correctness,$\forall i : \text{valid}(i) \implies \text{correct}(\text{output}(i))$,,0
P15,Reasoning Chain,P.P15.2,Performance,$\Delta t_{process} < \text{threshold}$,,0
P15,Reasoning Chain,P.P15.3,Consistency,"$\forall i_1, i_2 : i_1 = i_2 \implies \text{output}(i_1) = \text{output}(i_2)$",,0
P15,Reasoning Chain,P.P15.4,Usability,$\forall u : \text{usable}(u)$,,0
P16,Suggestion/Recommendation System,P.P16.1,Correctness,$\forall i : \text{valid}(i) \implies \text{correct}(\text{output}(i))$,,0
P16,Suggestion/Recommendation System,P.P16.2,Performance,$\Delta t_{process} < \text{threshold}$,,0
P16,Suggestion/Recommendation System,P.P16.3,Consistency,"$\forall i_1, i_2 : i_1 = i_2 \implies \text{output}(i_1) = \text{output}(i_2)$",,0
P16,Suggestion/Recommendation System,P.P16.4,Usability,$\forall u : \text{usable}(u)$,,0
P17,Key-Value Store,P.P17.1,Correctness,$\forall i : \text{valid}(i) \implies \text{correct}(\text{output}(i))$,,0
P17,Key-Value Store,P.P17.2,Performance,$\Delta t_{process} < \text{threshold}$,,0
P17,Key-Value Store,P.P17.3,Consistency,"$\forall i_1, i_2 : i_1 = i_2 \implies \text{output}(i_1) = \text{output}(i_2)$",,0
P17,Key-Value Store,P.P17.4,Usability,$\forall u : \text{usable}(u)$,,0
P18,Relational Database,P.P18.1,Correctness,$\forall i : \text{valid}(i) \implies \text{correct}(\text{output}(i))$,,0
P18,Relational Database,P.P18.2,Performance,$\Delta t_{process} < \text{threshold}$,,0
P18,Relational Database,P.P18.3,Consistency,"$\forall i_1, i_2 : i_1 = i_2 \implies \text{output}(i_1) = \text{output}(i_2)$",,0
P18,Relational Database,P.P18.4,Usability,$\forall u : \text{usable}(u)$,,0
P19,Graph Database,P.P19.1,Correctness,$\forall i : \text{valid}(i) \implies \text{correct}(\text{output}(i))$,,0
P19,Graph Database,P.P19.2,Performance,$\Delta t_{process} < \text{threshold}$,,0
P19,Graph Database,P.P19.3,Consistency,"$\forall i_1, i_2 : i_1 = i_2 \implies \text{output}(i_1) = \text{output}(i_2)$",,0
P19,Graph Database,P.P19.4,Usability,$\forall u : \text{usable}(u)$,,0
P20,Document Store,P.P20.1,Correctness,$\forall i : \text{valid}(i) \implies \text{correct}(\text{output}(i))$,,0
P20,Document Store,P.P20.2,Performance,$\Delta t_{process} < \text{threshold}$,,0
P20,Document Store,P.P20.3,Consistency,"$\forall i_1, i_2 : i_1 = i_2 \implies \text{output}(i_1) = \text{output}(i_2)$",,0
P20,Document Store,P.P20.4,Usability,$\forall u : \text{usable}(u)$,,0
P21,Time-Series Store,P.P21.1,Correctness,$\forall i : \text{valid}(i) \implies \text{correct}(\text{output}(i))$,,0
P21,Time-Series Store,P.P21.2,Performance,$\Delta t_{process} < \text{threshold}$,,0
P21,Time-Series Store,P.P21.3,Consistency,"$\forall i_1, i_2 : i_1 = i_2 \implies \text{output}(i_1) = \text{output}(i_2)$",,0
P21,Time-Series Store,P.P21.4,Usability,$\forall u : \text{usable}(u)$,,0
P22,Event Bus,P.P22.1,Correctness,$\forall i : \text{valid}(i) \implies \text{correct}(\text{output}(i))$,,0
P22,Event Bus,P.P22.2,Performance,$\Delta t_{process} < \text{threshold}$,,0
P22,Event Bus,P.P22.3,Consistency,"$\forall i_1, i_2 : i_1 = i_2 \implies \text{output}(i_1) = \text{output}(i_2)$",,0
P22,Event Bus,P.P22.4,Usability,$\forall u : \text{usable}(u)$,,0
P23,Real-Time Sync,P.P23.1,Correctness,$\forall i : \text{valid}(i) \implies \text{correct}(\text{output}(i))$,,0
P23,Real-Time Sync,P.P23.2,Performance,$\Delta t_{process} < \text{threshold}$,,0
P23,Real-Time Sync,P.P23.3,Consistency,"$\forall i_1, i_2 : i_1 = i_2 \implies \text{output}(i_1) = \text{output}(i_2)$",,0
P23,Real-Time Sync,P.P23.4,Usability,$\forall u : \text{usable}(u)$,,0
P24,Request-Response API,P.P24.1,Correctness,$\forall i : \text{valid}(i) \implies \text{correct}(\text{output}(i))$,,0
P24,Request-Response API,P.P24.2,Performance,$\Delta t_{process} < \text{threshold}$,,0
P24,Request-Response API,P.P24.3,Consistency,"$\forall i_1, i_2 : i_1 = i_2 \implies \text{output}(i_1) = \text{output}(i_2)$",,0
P24,Request-Response API,P.P24.4,Usability,$\forall u : \text{usable}(u)$,,0
P25,Streaming Protocol,P.P25.1,Correctness,$\forall i : \text{valid}(i) \implies \text{correct}(\text{output}(i))$,,0
P25,Streaming Protocol,P.P25.2,Performance,$\Delta t_{process} < \text{threshold}$,,0
P25,Streaming Protocol,P.P25.3,Consistency,"$\forall i_1, i_2 : i_1 = i_2 \implies \text{output}(i_1) = \text{output}(i_2)$",,0
P25,Streaming Protocol,P.P25.4,Usability,$\forall u : \text{usable}(u)$,,0
P26,Status Bar/Indicator,P.P26.1,Correctness,$\forall i : \text{valid}(i) \implies \text{correct}(\text{output}(i))$,,0
P26,Status Bar/Indicator,P.P26.2,Performance,$\Delta t_{process} < \text{threshold}$,,0
P26,Status Bar/Indicator,P.P26.3,Consistency,"$\forall i_1, i_2 : i_1 = i_2 \implies \text{output}(i_1) = \text{output}(i_2)$",,0
P26,Status Bar/Indicator,P.P26.4,Usability,$\forall u : \text{usable}(u)$,,0
P27,Toast/Notification,P.P27.1,Correctness,$\forall i : \text{valid}(i) \implies \text{correct}(\text{output}(i))$,,0
P27,Toast/Notification,P.P27.2,Performance,$\Delta t_{process} < \text{threshold}$,,0
P27,Toast/Notification,P.P27.3,Consistency,"$\forall i_1, i_2 : i_1 = i_2 \implies \text{output}(i_1) = \text{output}(i_2)$",,0
P27,Toast/Notification,P.P27.4,Usability,$\forall u : \text{usable}(u)$,,0
P28,Progress Indicator,P.P28.1,Monotonic Progress,$\forall t : \text{current}_t \leq \text{current}_{t+1}$ (progress only increases),,0
P28,Progress Indicator,P.P28.2,Bounded Progress,$\forall t : 0 \leq \text{current}_t \leq \text{total}$ (progress within bounds),,0
P28,Progress Indicator,P.P28.3,Completion Invariant,$\text{state} = \text{complete} \iff \text{current} = \text{total}$,,0
P28,Progress Indicator,P.P28.4,Valid Percentage,"$\text{percentage} = \frac{\text{current}}{\text{total}} \times 100 \in [0, 100]$",,0
P29,Centralized State Store,P.P29.1,Correctness,$\forall i : \text{valid}(i) \implies \text{correct}(\text{output}(i))$,,0
P29,Centralized State Store,P.P29.2,Performance,$\Delta t_{process} < \text{threshold}$,,0
P29,Centralized State Store,P.P29.3,Consistency,"$\forall i_1, i_2 : i_1 = i_2 \implies \text{output}(i_1) = \text{output}(i_2)$",,0
P29,Centralized State Store,P.P29.4,Usability,$\forall u : \text{usable}(u)$,,0
P30,Command Pattern,P.P30.1,Correctness,$\forall i : \text{valid}(i) \implies \text{correct}(\text{output}(i))$,,0
P30,Command Pattern,P.P30.2,Performance,$\Delta t_{process} < \text{threshold}$,,0
P30,Command Pattern,P.P30.3,Consistency,"$\forall i_1, i_2 : i_1 = i_2 \implies \text{output}(i_1) = \text{output}(i_2)$",,0
P30,Command Pattern,P.P30.4,Usability,$\forall u : \text{usable}(u)$,,0
P31,Observer Pattern,P.P31.1,Correctness,$\forall i : \text{valid}(i) \implies \text{correct}(\text{output}(i))$,,0
P31,Observer Pattern,P.P31.2,Performance,$\Delta t_{process} < \text{threshold}$,,0
P31,Observer Pattern,P.P31.3,Consistency,"$\forall i_1, i_2 : i_1 = i_2 \implies \text{output}(i_1) = \text{output}(i_2)$",,0
P31,Observer Pattern,P.P31.4,Usability,$\forall u : \text{usable}(u)$,,0
P32,Plugin Architecture,P.P32.1,Correctness,$\forall i : \text{valid}(i) \implies \text{correct}(\text{output}(i))$,,0
P32,Plugin Architecture,P.P32.2,Performance,$\Delta t_{process} < \text{threshold}$,,0
P32,Plugin Architecture,P.P32.3,Consistency,"$\forall i_1, i_2 : i_1 = i_2 \implies \text{output}(i_1) = \text{output}(i_2)$",,0
P32,Plugin Architecture,P.P32.4,Usability,$\forall u : \text{usable}(u)$,,0
P33,Hook System,P.P33.1,Correctness,$\forall i : \text{valid}(i) \implies \text{correct}(\text{output}(i))$,,0
P33,Hook System,P.P33.2,Performance,$\Delta t_{process} < \text{threshold}$,,0
P33,Hook System,P.P33.3,Consistency,"$\forall i_1, i_2 : i_1 = i_2 \implies \text{output}(i_1) = \text{output}(i_2)$",,0
P33,Hook System,P.P33.4,Usability,$\forall u : \text{usable}(u)$,,0
P34,Strategy Pattern,P.P34.1,Correctness,$\forall i : \text{valid}(i) \implies \text{correct}(\text{output}(i))$,,0
P34,Strategy Pattern,P.P34.2,Performance,$\Delta t_{process} < \text{threshold}$,,0
P34,Strategy Pattern,P.P34.3,Consistency,"$\forall i_1, i_2 : i_1 = i_2 \implies \text{output}(i_1) = \text{output}(i_2)$",,0
P34,Strategy Pattern,P.P34.4,Usability,$\forall u : \text{usable}(u)$,,0
P35,Split-Pane Layout,P.P35.1,Correctness,$\forall i : \text{valid}(i) \implies \text{correct}(\text{output}(i))$,,0
P35,Split-Pane Layout,P.P35.2,Performance,$\Delta t_{process} < \text{threshold}$,,0
P35,Split-Pane Layout,P.P35.3,Consistency,"$\forall i_1, i_2 : i_1 = i_2 \implies \text{output}(i_1) = \text{output}(i_2)$",,0
P35,Split-Pane Layout,P.P35.4,Usability,$\forall u : \text{usable}(u)$,,0
P36,Selection-Driven Panel,P.P36.1,Correctness,$\forall i : \text{valid}(i) \implies \text{correct}(\text{output}(i))$,,0
P36,Selection-Driven Panel,P.P36.2,Performance,$\Delta t_{process} < \text{threshold}$,,0
P36,Selection-Driven Panel,P.P36.3,Consistency,"$\forall i_1, i_2 : i_1 = i_2 \implies \text{output}(i_1) = \text{output}(i_2)$",,0
P36,Selection-Driven Panel,P.P36.4,Usability,$\forall u : \text{usable}(u)$,,0
P37,Empty State Pattern,P.P37.1,Correctness,$\forall i : \text{valid}(i) \implies \text{correct}(\text{output}(i))$,,0
P37,Empty State Pattern,P.P37.2,Performance,$\Delta t_{process} < \text{threshold}$,,0
P37,Empty State Pattern,P.P37.3,Consistency,"$\forall i_1, i_2 : i_1 = i_2 \implies \text{output}(i_1) = \text{output}(i_2)$",,0
P37,Empty State Pattern,P.P37.4,Usability,$\forall u : \text{usable}(u)$,,0
P38,Badge/Indicator Pattern,P.P38.1,Correctness,$\forall i : \text{valid}(i) \implies \text{correct}(\text{output}(i))$,,0
P38,Badge/Indicator Pattern,P.P38.2,Performance,$\Delta t_{process} < \text{threshold}$,,0
P38,Badge/Indicator Pattern,P.P38.3,Consistency,"$\forall i_1, i_2 : i_1 = i_2 \implies \text{output}(i_1) = \text{output}(i_2)$",,0
P38,Badge/Indicator Pattern,P.P38.4,Usability,$\forall u : \text{usable}(u)$,,0
P39,Contextual Action Menu,P.P39.1,Correctness,$\forall i : \text{valid}(i) \implies \text{correct}(\text{output}(i))$,,0
P39,Contextual Action Menu,P.P39.2,Performance,$\Delta t_{process} < \text{threshold}$,,0
P39,Contextual Action Menu,P.P39.3,Consistency,"$\forall i_1, i_2 : i_1 = i_2 \implies \text{output}(i_1) = \text{output}(i_2)$",,0
P39,Contextual Action Menu,P.P39.4,Usability,$\forall u : \text{usable}(u)$,,0
P40,Mode Toggle System,P.P40.1,Correctness,$\forall i : \text{valid}(i) \implies \text{correct}(\text{output}(i))$,,0
P40,Mode Toggle System,P.P40.2,Performance,$\Delta t_{process} < \text{threshold}$,,0
P40,Mode Toggle System,P.P40.3,Consistency,"$\forall i_1, i_2 : i_1 = i_2 \implies \text{output}(i_1) = \text{output}(i_2)$",,0
P40,Mode Toggle System,P.P40.4,Usability,$\forall u : \text{usable}(u)$,,0
P41,Inline Status Chip,P.P41.1,Correctness,$\forall i : \text{valid}(i) \implies \text{correct}(\text{output}(i))$,,0
P41,Inline Status Chip,P.P41.2,Performance,$\Delta t_{process} < \text{threshold}$,,0
P41,Inline Status Chip,P.P41.3,Consistency,"$\forall i_1, i_2 : i_1 = i_2 \implies \text{output}(i_1) = \text{output}(i_2)$",,0
P41,Inline Status Chip,P.P41.4,Usability,$\forall u : \text{usable}(u)$,,0
P42,Tooltip/Hint System,P.P42.1,Correctness,$\forall i : \text{valid}(i) \implies \text{correct}(\text{output}(i))$,,0
P42,Tooltip/Hint System,P.P42.2,Performance,$\Delta t_{process} < \text{threshold}$,,0
P42,Tooltip/Hint System,P.P42.3,Consistency,"$\forall i_1, i_2 : i_1 = i_2 \implies \text{output}(i_1) = \text{output}(i_2)$",,0
P42,Tooltip/Hint System,P.P42.4,Usability,$\forall u : \text{usable}(u)$,,0
P43,Application Navigation Drawer,P.P43.1,Correctness,$\forall i : \text{valid}(i) \implies \text{correct}(\text{output}(i))$,,0
P43,Application Navigation Drawer,P.P43.2,Performance,$\Delta t_{process} < \text{threshold}$,,0
P43,Application Navigation Drawer,P.P43.3,Consistency,"$\forall i_1, i_2 : i_1 = i_2 \implies \text{output}(i_1) = \text{output}(i_2)$",,0
P43,Application Navigation Drawer,P.P43.4,Usability,$\forall u : \text{usable}(u)$,,0
P44,Keyboard Shortcut System,P.P44.1,Correctness,$\forall i : \text{valid}(i) \implies \text{correct}(\text{output}(i))$,,0
P44,Keyboard Shortcut System,P.P44.2,Performance,$\Delta t_{process} < \text{threshold}$,,0
P44,Keyboard Shortcut System,P.P44.3,Consistency,"$\forall i_1, i_2 : i_1 = i_2 \implies \text{output}(i_1) = \text{output}(i_2)$",,0
P44,Keyboard Shortcut System,P.P44.4,Usability,$\forall u : \text{usable}(u)$,,0
P45,Drag and Drop Interaction,P.P45.1,Correctness,$\forall i : \text{valid}(i) \implies \text{correct}(\text{output}(i))$,,0
P45,Drag and Drop Interaction,P.P45.2,Performance,$\Delta t_{process} < \text{threshold}$,,0
P45,Drag and Drop Interaction,P.P45.3,Consistency,"$\forall i_1, i_2 : i_1 = i_2 \implies \text{output}(i_1) = \text{output}(i_2)$",,0
P45,Drag and Drop Interaction,P.P45.4,Usability,$\forall u : \text{usable}(u)$,,0
P46,Focus Management System,P.P46.1,Correctness,$\forall i : \text{valid}(i) \implies \text{correct}(\text{output}(i))$,,0
P46,Focus Management System,P.P46.2,Performance,$\Delta t_{process} < \text{threshold}$,,0
P46,Focus Management System,P.P46.3,Consistency,"$\forall i_1, i_2 : i_1 = i_2 \implies \text{output}(i_1) = \text{output}(i_2)$",,0
P46,Focus Management System,P.P46.4,Usability,$\forall u : \text{usable}(u)$,,0
P47,Inline Editing Pattern,P.P47.1,Correctness,$\forall i : \text{valid}(i) \implies \text{correct}(\text{output}(i))$,,0
P47,Inline Editing Pattern,P.P47.2,Performance,$\Delta t_{process} < \text{threshold}$,,0
P47,Inline Editing Pattern,P.P47.3,Consistency,"$\forall i_1, i_2 : i_1 = i_2 \implies \text{output}(i_1) = \text{output}(i_2)$",,0
P47,Inline Editing Pattern,P.P47.4,Usability,$\forall u : \text{usable}(u)$,,0
P48,Form Validation Pattern,P.P48.1,Correctness,$\forall i : \text{valid}(i) \implies \text{correct}(\text{output}(i))$,,0
P48,Form Validation Pattern,P.P48.2,Performance,$\Delta t_{process} < \text{threshold}$,,0
P48,Form Validation Pattern,P.P48.3,Consistency,"$\forall i_1, i_2 : i_1 = i_2 \implies \text{output}(i_1) = \text{output}(i_2)$",,0
P48,Form Validation Pattern,P.P48.4,Usability,$\forall u : \text{usable}(u)$,,0
P49,Multi-Step Form (Wizard) Pattern,P.P49.1,Correctness,$\forall i : \text{valid}(i) \implies \text{correct}(\text{output}(i))$,,0
P49,Multi-Step Form (Wizard) Pattern,P.P49.2,Performance,$\Delta t_{process} < \text{threshold}$,,0
P49,Multi-Step Form (Wizard) Pattern,P.P49.3,Consistency,"$\forall i_1, i_2 : i_1 = i_2 \implies \text{output}(i_1) = \text{output}(i_2)$",,0
P49,Multi-Step Form (Wizard) Pattern,P.P49.4,Usability,$\forall u : \text{usable}(u)$,,0
P50,Form Dependency Pattern,P.P50.1,Correctness,$\forall i : \text{valid}(i) \implies \text{correct}(\text{output}(i))$,,0
P50,Form Dependency Pattern,P.P50.2,Performance,$\Delta t_{process} < \text{threshold}$,,0
P50,Form Dependency Pattern,P.P50.3,Consistency,"$\forall i_1, i_2 : i_1 = i_2 \implies \text{output}(i_1) = \text{output}(i_2)$",,0
P50,Form Dependency Pattern,P.P50.4,Usability,$\forall u : \text{usable}(u)$,,0
P51,Responsive Layout Pattern (NEW),P.P51.1,Correctness,$\forall i : \text{valid}(i) \implies \text{correct}(\text{output}(i))$,,0
P51,Responsive Layout Pattern (NEW),P.P51.2,Performance,$\Delta t_{process} < \text{threshold}$,,0
P51,Responsive Layout Pattern (NEW),P.P51.3,Consistency,"$\forall i_1, i_2 : i_1 = i_2 \implies \text{output}(i_1) = \text{output}(i_2)$",,0
P51,Responsive Layout Pattern (NEW),P.P51.4,Usability,$\forall u : \text{usable}(u)$,,0
P52,Pagination Pattern,P.P52.1,Correctness,$\forall i : \text{valid}(i) \implies \text{correct}(\text{output}(i))$,,0
P52,Pagination Pattern,P.P52.2,Performance,$\Delta t_{process} < \text{threshold}$,,0
P52,Pagination Pattern,P.P52.3,Consistency,"$\forall i_1, i_2 : i_1 = i_2 \implies \text{output}(i_1) = \text{output}(i_2)$",,0
P52,Pagination Pattern,P.P52.4,Usability,$\forall u : \text{usable}(u)$,,0
P53,Filtering Pattern,P.P53.1,Correctness,$\forall i : \text{valid}(i) \implies \text{correct}(\text{output}(i))$,,0
P53,Filtering Pattern,P.P53.2,Performance,$\Delta t_{process} < \text{threshold}$,,0
P53,Filtering Pattern,P.P53.3,Consistency,"$\forall i_1, i_2 : i_1 = i_2 \implies \text{output}(i_1) = \text{output}(i_2)$",,0
P53,Filtering Pattern,P.P53.4,Usability,$\forall u : \text{usable}(u)$,,0
P54,Sorting Pattern,P.P54.1,Correctness,$\forall i : \text{valid}(i) \implies \text{correct}(\text{output}(i))$,,0
P54,Sorting Pattern,P.P54.2,Performance,$\Delta t_{process} < \text{threshold}$,,0
P54,Sorting Pattern,P.P54.3,Consistency,"$\forall i_1, i_2 : i_1 = i_2 \implies \text{output}(i_1) = \text{output}(i_2)$",,0
P54,Sorting Pattern,P.P54.4,Usability,$\forall u : \text{usable}(u)$,,0
P55,Virtualization Pattern,P.P55.1,Correctness,$\forall i : \text{valid}(i) \implies \text{correct}(\text{output}(i))$,,0
P55,Virtualization Pattern,P.P55.2,Performance,$\Delta t_{process} < \text{threshold}$,,0
P55,Virtualization Pattern,P.P55.3,Consistency,"$\forall i_1, i_2 : i_1 = i_2 \implies \text{output}(i_1) = \text{output}(i_2)$",,0
P55,Virtualization Pattern,P.P55.4,Usability,$\forall u : \text{usable}(u)$,,0
P56,Cache Strategy Pattern,P.P56.1,Correctness,$\forall i : \text{valid}(i) \implies \text{correct}(\text{output}(i))$,,0
P56,Cache Strategy Pattern,P.P56.2,Performance,$\Delta t_{process} < \text{threshold}$,,0
P56,Cache Strategy Pattern,P.P56.3,Consistency,"$\forall i_1, i_2 : i_1 = i_2 \implies \text{output}(i_1) = \text{output}(i_2)$",,0
P56,Cache Strategy Pattern,P.P56.4,Usability,$\forall u : \text{usable}(u)$,,0
P57,Data Migration Pattern,P.P57.1,Correctness,$\forall i : \text{valid}(i) \implies \text{correct}(\text{output}(i))$,,0
P57,Data Migration Pattern,P.P57.2,Performance,$\Delta t_{process} < \text{threshold}$,,0
P57,Data Migration Pattern,P.P57.3,Consistency,"$\forall i_1, i_2 : i_1 = i_2 \implies \text{output}(i_1) = \text{output}(i_2)$",,0
P57,Data Migration Pattern,P.P57.4,Usability,$\forall u : \text{usable}(u)$,,0
P58,Authentication Pattern,P.P58.1,Correctness,$\forall i : \text{valid}(i) \implies \text{correct}(\text{output}(i))$,,0
P58,Authentication Pattern,P.P58.2,Performance,$\Delta t_{process} < \text{threshold}$,,0
P58,Authentication Pattern,P.P58.3,Consistency,"$\forall i_1, i_2 : i_1 = i_2 \implies \text{output}(i_1) = \text{output}(i_2)$",,0
P58,Authentication Pattern,P.P58.4,Usability,$\forall u : \text{usable}(u)$,,0
P59,Authorization Pattern,P.P59.1,Correctness,$\forall i : \text{valid}(i) \implies \text{correct}(\text{output}(i))$,,0
P59,Authorization Pattern,P.P59.2,Performance,$\Delta t_{process} < \text{threshold}$,,0
P59,Authorization Pattern,P.P59.3,Consistency,"$\forall i_1, i_2 : i_1 = i_2 \implies \text{output}(i_1) = \text{output}(i_2)$",,0
P59,Authorization Pattern,P.P59.4,Usability,$\forall u : \text{usable}(u)$,,0
P60,Input Sanitization Pattern,P.P60.1,Correctness,$\forall i : \text{valid}(i) \implies \text{correct}(\text{output}(i))$,,0
P60,Input Sanitization Pattern,P.P60.2,Performance,$\Delta t_{process} < \text{threshold}$,,0
P60,Input Sanitization Pattern,P.P60.3,Consistency,"$\forall i_1, i_2 : i_1 = i_2 \implies \text{output}(i_1) = \text{output}(i_2)$",,0
P60,Input Sanitization Pattern,P.P60.4,Usability,$\forall u : \text{usable}(u)$,,0
P61,Unit Test Pattern,P.P61.1,Correctness,$\forall i : \text{valid}(i) \implies \text{correct}(\text{output}(i))$,,0
P61,Unit Test Pattern,P.P61.2,Performance,$\Delta t_{process} < \text{threshold}$,,0
P61,Unit Test Pattern,P.P61.3,Consistency,"$\forall i_1, i_2 : i_1 = i_2 \implies \text{output}(i_1) = \text{output}(i_2)$",,0
P61,Unit Test Pattern,P.P61.4,Usability,$\forall u : \text{usable}(u)$,,0
P62,Integration Test Pattern,P.P62.1,Correctness,$\forall i : \text{valid}(i) \implies \text{correct}(\text{output}(i))$,,0
P62,Integration Test Pattern,P.P62.2,Performance,$\Delta t_{process} < \text{threshold}$,,0
P62,Integration Test Pattern,P.P62.3,Consistency,"$\forall i_1, i_2 : i_1 = i_2 \implies \text{output}(i_1) = \text{output}(i_2)$",,0
P62,Integration Test Pattern,P.P62.4,Usability,$\forall u : \text{usable}(u)$,,0
P63,End-to-End Test Pattern,P.P63.1,Correctness,$\forall i : \text{valid}(i) \implies \text{correct}(\text{output}(i))$,,0
P63,End-to-End Test Pattern,P.P63.2,Performance,$\Delta t_{process} < \text{threshold}$,,0
P63,End-to-End Test Pattern,P.P63.3,Consistency,"$\forall i_1, i_2 : i_1 = i_2 \implies \text{output}(i_1) = \text{output}(i_2)$",,0
P63,End-to-End Test Pattern,P.P63.4,Usability,$\forall u : \text{usable}(u)$,,0
P64,Generative UI,P.P64.1,Dynamic Generation,$\forall c \in \text{Context} : gen(c) \to \text{ComponentSpec}$ (context-dependent UI generation),,0
P64,Generative UI,P.P64.2,Streaming Render,$\forall t \in stream : \exists \Delta UI : render(t) = \Delta UI$ (incremental rendering per token),,0
P64,Generative UI,P.P64.3,Template Safety,$\forall spec \in \text{ComponentSpec} : spec.template \in T_{lib}$ (only valid templates used),,0
P64,Generative UI,P.P64.4,Real-Time Morphing,$\Delta t_{morph} = t_{render}(\text{token}_i) - t_{receive}(\text{token}_i) < 16ms$ (60fps responsiveness),,0
P65,Streaming Component,P.P65.1,Token-by-Token Updates,$\forall t \in \tau_{stream} : \exists \Delta UI : t \to \Delta UI$ (progressive disclosure),,0
P65,Streaming Component,P.P65.2,Buffer Boundedness,$\forall t : |buf(t)| \leq \text{capacity}$ (prevents memory overflow),,0
P65,Streaming Component,P.P65.3,Render Order Preservation,"$\forall i, j : i < j \implies \text{order}(Q_{render}[i]) < \text{order}(Q_{render}[j])$ (FIFO queue)",,0
P65,Streaming Component,P.P65.4,Sync Consistency,$\forall s \in \text{State} : sync(s) \implies \text{UI}_{rendered} = \text{UI}_{expected}(s)$,,0
P66,Context-Adaptive Interface,P.P66.1,Context Sensitivity,"$\forall c_1, c_2 \in \text{Context} : c_1 \neq c_2 \implies R_{adapt}(T_{ctx}(c_1)) \neq R_{adapt}(T_{ctx}(c_2))$ (distinct contexts → distinct UIs)",,0
P66,Context-Adaptive Interface,P.P66.2,Smooth Transitions,$\forall t : \Delta t_{transition} = t_{UI_{new}} - t_{context_{change}} < 200ms$ (perceptually instant),,0
P66,Context-Adaptive Interface,P.P66.3,State Preservation,$\forall s \in U_{state} : \text{adapt}(c) \implies U_{state}' \supseteq s$ (state persists across adaptations),,0
P66,Context-Adaptive Interface,P.P66.4,Variant Coverage,$\forall c \in \text{Context} : \exists v \in T_{ui} : R_{adapt}(T_{ctx}(c)) = v$ (complete coverage),,0
P67,Progressive Disclosure by AI,P.P67.1,Monotonic Disclosure,"$\forall t_1, t_2 : t_1 < t_2 \implies \text{Revealed}_{t_1} \subseteq \text{Revealed}_{t_2}$ (never hide revealed info)",,0
P67,Progressive Disclosure by AI,P.P67.2,Relevance-Based Ordering,"$\forall n_1, n_2 : score_{rel}(n_1) > score_{rel}(n_2) \implies t_{reveal}(n_1) \leq t_{reveal}(n_2)$ (high relevance first)",,0
P67,Progressive Disclosure by AI,P.P67.3,Parent-Before-Children,"$\forall n, c : c \in \text{children}(n) \implies t_{reveal}(n) < t_{reveal}(c)$ (hierarchical order)",,0
P67,Progressive Disclosure by AI,P.P67.4,Cognitive Load Management,$\forall t : |\text{Revealed}_t \setminus \text{Revealed}_{t-\Delta t}| \leq k$ (bounded disclosure rate),,0
P68,Agent Team Visualization,P.P68.1,Complete Roster,$\forall a \in \text{ActiveAgents} : a \in A_{roster}$ (all active agents visualized),,0
P68,Agent Team Visualization,P.P68.2,Role Uniqueness,$\exists! a \in A_{roster} : R_{roles}(a) = \text{coordinator}$ (exactly one coordinator),,0
P68,Agent Team Visualization,P.P68.3,Status Real-Time,$\forall a \in A_{roster} : \Delta t_{status} = t_{display}(S_{status}(a)) - t_{actual}(a) < 100ms$,,0
P68,Agent Team Visualization,P.P68.4,Coordination Visibility,"$\forall c \in C_{coord} : \text{visible}(c) \land \text{direction}(c) \in \{\text{bidirectional}, \text{unidirectional}\}$",,0
P69,Agent Activity Timeline,P.P69.1,Chronological Ordering,"$\forall e_1, e_2 \in Events : e_1.timestamp < e_2.timestamp \implies \text{index}(e_1) < \text{index}(e_2)$",,0
P69,Agent Activity Timeline,P.P69.2,Complete Agent Coverage,$\forall a \in Agents : \exists e \in Events : e.agent = a$ (all agents have events),,0
P69,Agent Activity Timeline,P.P69.3,Event Causality,"$\forall e_1, e_2 : e_1 \xrightarrow{\text{causes}} e_2 \implies e_1.timestamp < e_2.timestamp$",,0
P69,Agent Activity Timeline,P.P69.4,Real-Time Updates,$\forall e \in Events : \Delta t_{display} = t_{show}(e) - e.timestamp < 50ms$,,0
P70,Agent Handoff,P.P70.1,State Preservation,"$\forall s \in \Sigma_{state} : \text{handoff}(A_{from}, A_{to}, s) \implies s' = s$ (no state loss)",,0
P70,Agent Handoff,P.P70.2,Handoff Atomicity,"$\text{handoff}(A_{from}, A_{to}) \implies \exists t : \text{owner}(\text{task}, t^-) = A_{from} \land \text{owner}(\text{task}, t^+) = A_{to}$",,0
P70,Agent Handoff,P.P70.3,Capability Compatibility,$\forall \text{task} : \text{capabilities}(A_{from}) \subseteq \text{capabilities}(A_{to})$ for handoff,,0
P70,Agent Handoff,P.P70.4,Verification Required,$\forall \text{transfer} : \text{complete}(\text{transfer}) \iff V_{verify}(\Sigma_{state}) = \text{true}$,,0
P71,Orchestration Dashboard,P.P71.1,Complete Workflow Visibility,$\forall n \in W_{flow}.V : \text{visible}(n) \land \text{status}(n) \in \text{Dashboard}$,,0
P71,Orchestration Dashboard,P.P71.2,Real-Time Metrics,$\forall m \in M_{metrics} : \Delta t_{update}(m) < 1s$ (near real-time updates),,0
P71,Orchestration Dashboard,P.P71.3,Control Responsiveness,$\forall c \in C_{control} : \text{execute}(c) \implies \text{effect}(c) \text{ within } 100ms$,,0
P71,Orchestration Dashboard,P.P71.4,Dependency Visualization,"$\forall (u, v) \in W_{flow}.E : \text{visible}(\text{edge}(u, v)) \land \text{direction}(u, v)$",,0
P72,Agent Role Selector,P.P72.1,Optimal Role Selection,"$\forall t \in \text{Tasks} : r^* = \arg\max_{r \in R_{available}} M_{match}(r, t)$ (best match)",,0
P72,Agent Role Selector,P.P72.2,Capability Coverage,$\forall t : t.\text{requirements} \subseteq r^*.\text{capabilities}$ where $r^*$ is selected role,,0
P72,Agent Role Selector,P.P72.3,Dynamic Re-assignment,"$\forall a : \text{failing}(a) \implies \exists r' : A_{assign}(r', t) = a'$ (can reassign on failure)",,0
P72,Agent Role Selector,P.P72.4,Load Balancing,$\text{variance}(\{|\text{tasks}(a)| \mid a \in \text{Agents}\}) < \theta$ (balanced workload),,0
P73,Composite Action,P.P73.1,Compositional Semantics,"$\forall a_1, a_2 : exec(compose([a_1, a_2])) = exec(a_2) \circ exec(a_1)$ (sequential composition)",,0
P73,Composite Action,P.P73.2,Atomicity of Composite,$\forall c \in \text{CompositeAction} : \text{partial\_failure}(c) \implies rollback(c)$ (all-or-nothing),,0
P73,Composite Action,P.P73.3,Dependency Ordering,"$\forall a_i, a_j \in c : a_i \xrightarrow{\text{depends}} a_j \implies \text{order}(a_i) < \text{order}(a_j)$",,0
P73,Composite Action,P.P73.4,Compensation Completeness,$\forall a \in A_{atomic} : \exists u : a.\text{undo} = u$ (every action has undo),,0
P74,Continuous AI Monitoring,P.P74.1,Continuous Observation,$\forall t : \exists s \in S_{stream} : s.\text{timestamp} = t$ (always monitoring),,0
P74,Continuous AI Monitoring,P.P74.2,Low-Latency Detection,$\forall a \in \text{Anomalies} : \Delta t_{detect} = t_{alert}(a) - t_{occur}(a) < 1s$,,0
P74,Continuous AI Monitoring,P.P74.3,Threshold Sensitivity,$\forall m \in \text{Metrics} : |m| > T_{threshold}[m] \implies \exists a : a.\text{metric} = m$,,0
P74,Continuous AI Monitoring,P.P74.4,False Positive Rate,$\frac{|\text{false\_positives}|}{|\text{all\_alerts}|} < \alpha$ where $\alpha < 0.05$ (acceptable rate),,0
P75,Proactive Intervention,P.P75.1,Proactive Trigger,$\forall i \in \text{Interventions} : t_{intervene}(i) < t_{need}(i)$ (intervenes before need arises),,0
P75,Proactive Intervention,P.P75.2,Cognitive Load Awareness,$\forall i : U_{user}.\text{load} > \theta_{high} \implies T_{timing}(i) = \text{defer}$ (respects cognitive state),,0
P75,Proactive Intervention,P.P75.3,Confidence Threshold,$\forall p \in \text{Predictions} : p.\text{confidence} \geq \theta_{conf} \implies \text{intervene}(p)$,,0
P75,Proactive Intervention,P.P75.4,User Acceptance Rate,"$\frac{|\text{accepted\_interventions}|}{|\text{all\_interventions}|} > 0.8$ (high acceptance, per PDF)",,0
P76,Ambient AI,P.P76.1,Always Active,$\forall t : \exists c \in C_{context} : t_{observe}(c) = t$ (continuous operation),,0
P76,Ambient AI,P.P76.2,Under-the-Hood Operation,"$\forall a \in \text{Actions} : V_{visibility}(a) \in \{\text{invisible}, \text{subtle}\}$ (minimally intrusive)",,0
P76,Ambient AI,P.P76.3,Context Awareness,"$\forall a : \text{appropriate}(a, C_{context}) \land \neg \text{disruptive}(a, C_{context})$",,0
P76,Ambient AI,P.P76.4,Value Without Attention,$\forall a \in \text{Assistance} : \text{value}(a) > 0 \land \text{attention\_cost}(a) \approx 0$,,0
P77,Intelligent Interruption,P.P77.1,Low-Load Interruption,$\forall i \in \text{Interruptions} : L_{load}(t_{interrupt}) < \theta_{acceptable}$ (respectful timing),,0
P77,Intelligent Interruption,P.P77.2,Priority Override,$\forall m : P_{priority}(m) = \text{urgent} \implies \text{deliver\_immediately}(m)$ (urgent bypasses load),,0
P77,Intelligent Interruption,P.P77.3,Optimal Moment Selection,$t_{deliver} = \arg\min_{t \in M_{moment}} L_{load}(t)$ subject to $t < \text{deadline}(m)$,,0
P77,Intelligent Interruption,P.P77.4,Attention Cost Minimization,$\forall i : \text{cost}(i) = L_{load}(t_{before}) - L_{load}(t_{after}) < \epsilon$ (minimal disruption),,0
P78,Background Task Management,P.P78.1,Non-Blocking Execution,$\forall t \in Q_{tasks} : \text{execute}(t) \implies \neg \text{blocks\_ui}$ (UI remains responsive),,0
P78,Background Task Management,P.P78.2,Priority Ordering,"$\forall t_1, t_2 \in Q_{tasks} : t_1.\text{priority} > t_2.\text{priority} \implies t_{exec}(t_1) < t_{exec}(t_2)$",,0
P78,Background Task Management,P.P78.3,Resource Aware Scheduling,$\forall t : S_{scheduler}(t) = t_{exec}$ where $\text{resources}(t_{exec}) > \text{requirements}(t)$,,0
P78,Background Task Management,P.P78.4,Completion Notification,"$\forall t : M_{monitor}(t) = \text{complete} \implies N_{notify}(t, \text{complete})$ (always notifies)",,0
P79,Anticipatory Action,P.P79.1,Anticipatory Prediction,$\forall a \in \text{Actions} : P(\text{user\_requests}(a) | \text{pattern}) > \theta \implies \text{prepare}(a)$,,0
P79,Anticipatory Action,P.P79.2,Instant Response,$\forall a : \text{prepared}(a) \implies t_{response}(a) \approx 0$ (precomputed results),,0
P79,Anticipatory Action,P.P79.3,Speculative Correctness,$\frac{|\text{used\_preparations}|}{|\text{all\_preparations}|} > 0.7$ (high prediction accuracy per PDF),,0
P79,Anticipatory Action,P.P79.4,Resource Efficiency,$\text{cost}(\text{preparation}) \ll \text{benefit}(\text{instant\_response})$ (worthwhile speculation),,0
P80,Voice Conversation,P.P80.1,Full-Duplex Communication,$\forall t : I_{speech}(t) \land O_{speech}(t)$ can occur simultaneously (bidirectional),,0
P80,Voice Conversation,P.P80.2,Context Preservation,$\forall i : \text{Turn}_i \in M_{dialog} \implies \text{context}(\text{Turn}_{i+1}) \supseteq \text{context}(\text{Turn}_i)$,,0
P80,Voice Conversation,P.P80.3,Low Latency,$\Delta t_{response} = t_{O_{speech}} - t_{I_{speech}} < 300ms$ (perceptual real-time),,0
P80,Voice Conversation,P.P80.4,Confidence Threshold,"$\exists \theta \in (0,1) : \text{Confidence}(R_{intent}) \geq \theta \implies \text{execute}(R_{intent})$",,0
P81,Voice Command with Visual Feedback,P.P81.1,Real-Time Transcription,$\forall s \in I_{voice} : \Delta t_{trans} = t_{display}(D_{trans}(s)) - t_{speak}(s) < 300ms$,,0
P81,Voice Command with Visual Feedback,P.P81.2,Visual Confirmation,$\forall i \in \text{Intent} : \exists v \in \text{Visualization} : UI_{confirm}(i) = v$ (always shows feedback),,0
P81,Voice Command with Visual Feedback,P.P81.3,Confidence Indication,$\forall i : i.\text{confidence} < \theta_{low} \implies v.\text{color} = \text{amber}$ (visual confidence cues),,0
P81,Voice Command with Visual Feedback,P.P81.4,Multimodal Redundancy,$\forall c \in \text{Command} : \text{modalities}(c) \geq 2$ (voice + visual),,0
P82,Multimodal Input Fusion,P.P82.1,Temporal Synchronization,"$\forall i_1, i_2 \in \text{Inputs} : |i_1.\text{timestamp} - i_2.\text{timestamp}| < \Delta t_{sync}$ for fusion",,0
P82,Multimodal Input Fusion,P.P82.2,Modality Complementarity,"$\text{confidence}(E_{fusion}(I_1 \cup I_2)) > \max(\text{confidence}(I_1), \text{confidence}(I_2))$ (synergy)",,0
P82,Multimodal Input Fusion,P.P82.3,Graceful Degradation,$\forall M \subseteq \text{Modalities} : |M| \geq 1 \implies \exists intent : E_{fusion}(M) = intent$ (any subset works),,0
P82,Multimodal Input Fusion,P.P82.4,Disambiguation Power,$\forall a \in \text{Ambiguous} : \exists m \in \text{Modalities} : m \text{ resolves } a$ (multimodal disambiguation),,0
P83,Voice-First Navigation,P.P83.1,Direct Voice Access,$\forall s \in G_{nav}.V : \exists p \in S_{shortcuts} : p \to s$ (every screen voice-accessible),,0
P83,Voice-First Navigation,P.P83.2,Hands-Free Navigation,$\forall nav \in \text{Navigation} : \text{requires\_touch}(nav) = \text{false}$ (fully voice-controlled),,0
P83,Voice-First Navigation,P.P83.3,Context-Aware Shortcuts,$\forall c \in \text{Context} : S_{shortcuts}(c) \neq S_{shortcuts}(c')$ (dynamic shortcuts),,0
P83,Voice-First Navigation,P.P83.4,Immediate Navigation,$\forall cmd : \Delta t_{nav} = t_{arrive}(\text{target}) - t_{speak}(cmd) < 500ms$,,0
P84,Continuous Dictation,P.P84.1,Real-Time Streaming,$\forall a \in A_{stream} : \exists t : T_{transcribe}(a) = t \land \Delta t < 200ms$ (low latency),,0
P84,Continuous Dictation,P.P84.2,Automatic Punctuation,"$\forall t \in \text{Text} : P_{punctuate}(t) \text{ adds } \{., ?, !, ,\}$ based on prosody",,0
P84,Continuous Dictation,P.P84.3,Context-Aware Correction,$\forall w \in \text{Text} : P(\text{correct}(w) | \text{context}) > P(w | \text{isolated})$ (uses context),,0
P84,Continuous Dictation,P.P84.4,Continuous Operation,$\text{duration}(A_{stream}) \to \infty$ (no time limit),,0
P85,Voice Disambiguation,P.P85.1,Multiple Candidates,$\forall i \in I_{ambig} : |C_{candidates}(i)| > 1 \implies \text{ambiguous}(i)$,,0
P85,Voice Disambiguation,P.P85.2,Confidence-Based Disambiguation,$\forall c \in \text{Candidates} : \max(c.\text{confidence}) > \theta_{auto} \implies \text{auto\_select}$ (high confidence skips clarification),,0
P85,Voice Disambiguation,P.P85.3,Context-Aware Ranking,"$\forall i_1, i_2 : \text{score}(i_1, \text{context}) > \text{score}(i_2, \text{context}) \implies \text{rank}(i_1) < \text{rank}(i_2)$",,0
P85,Voice Disambiguation,P.P85.4,Fast Clarification,$\forall clarify : \Delta t_{clarify} < 2s$ (quick user response),,0
P86,Approval Checkpoint,P.P86.1,Risk-Based Gating,$\forall a \in \text{Actions} : R_{risk}(a) > \theta_{risk} \implies P_{pause}(a) = \text{true}$,,0
P86,Approval Checkpoint,P.P86.2,Mandatory Approval,$\forall a : P_{pause}(a) \implies \neg \text{execute}(a) \text{ until } U_{approve}(a) = \text{approve}$,,0
P86,Approval Checkpoint,P.P86.3,Transparent Risk Communication,"$\forall a : P_{pause}(a) \implies \exists e : \text{explain}(a, R_{risk}(a)) = e$ (always explains why)",,0
P86,Approval Checkpoint,P.P86.4,Fast Low-Risk Execution,$\forall a : R_{risk}(a) < \theta_{low} \implies \text{execute}(a) \text{ immediately}$ (no unnecessary friction),,0
P87,Agency Slider,P.P87.1,Continuous Spectrum,"$\alpha \in [0,1]$ (continuous control, not binary)",,0
P87,Agency Slider,P.P87.2,Monotonic Transfer,"$\forall \alpha_1, \alpha_2 : \alpha_1 < \alpha_2 \implies |A_{agent}(\alpha_2)| \geq |A_{agent}(\alpha_1)|$ (more automation → more agent capabilities)",,0
P87,Agency Slider,P.P87.3,Capability Conservation,$\forall \alpha : A_{agent}(\alpha) \cup H_{human}(\alpha) = \text{All\_Capabilities}$ (no capability loss),,0
P87,Agency Slider,P.P87.4,Risk-Aware Allocation,$\forall c \in \text{Capabilities} : c.\text{risk} > \theta \implies c \in H_{human}(\alpha)$ for low $\alpha$ (high-risk stays with human),,0
P88,Collaboration Mode Switcher,P.P88.1,transition,"(Mode\, Mode) → Animation|transition animation",,0
P88,Collaboration Mode Switcher,P.P88.2,Mode,"$\text{Mode} = \{\text{copilot}\, \text{autopilot}\, \text{manual}\, \text{review}\}$",,0
P88,Collaboration Mode Switcher,P.P88.3,Behavior,"$\text{Behavior} = (\text{agent_role}\, \text{user_role}\, \text{interaction})$",,0
P89,Confidence Indicator,P.P89.1,color,Score → Color|color mapping,,0
P89,Confidence Indicator,P.P89.2,Score,"$\text{Score} = [0\,1] \subset \mathbb{R}$",,0
P89,Confidence Indicator,P.P89.3,Level,"$\text{Level} = \{\text{low}\, \text{medium}\, \text{high}\, \text{certain}\}$",,0
P90,Explanation on Demand,P.P90.1,Always Available,$\forall a : \text{explainable}(a)$,,0
P90,Explanation on Demand,P.P90.2,On Demand,$\text{explain}(a) \iff \text{user\_requests}(a)$,,0
P90,Explanation on Demand,P.P90.3,Layered Detail,"$\text{detail} \in \{\text{summary}, \text{detailed}, \text{technical}\}$",,0
P90,Explanation on Demand,P.P90.4,Clear Presentation,$\forall e : \text{understandable}(e)$,,0
P91,Intervention Request,P.P91.1,Correctness,$\forall i : \text{valid}(i) \implies \text{correct}(\text{output}(i))$,,0
P91,Intervention Request,P.P91.2,Performance,$\Delta t_{process} < \text{threshold}$,,0
P91,Intervention Request,P.P91.3,Consistency,"$\forall i_1, i_2 : i_1 = i_2 \implies \text{output}(i_1) = \text{output}(i_2)$",,0
P91,Intervention Request,P.P91.4,Usability,$\forall u : \text{usable}(u)$,,0
P92,Contextual Undo/Rollback,P.P92.1,Correctness,$\forall i : \text{valid}(i) \implies \text{correct}(\text{output}(i))$,,0
P92,Contextual Undo/Rollback,P.P92.2,Performance,$\Delta t_{process} < \text{threshold}$,,0
P92,Contextual Undo/Rollback,P.P92.3,Consistency,"$\forall i_1, i_2 : i_1 = i_2 \implies \text{output}(i_1) = \text{output}(i_2)$",,0
P92,Contextual Undo/Rollback,P.P92.4,Usability,$\forall u : \text{usable}(u)$,,0
P93,Agent Thinking Indicator,P.P93.1,Correctness,$\forall i : \text{valid}(i) \implies \text{correct}(\text{output}(i))$,,0
P93,Agent Thinking Indicator,P.P93.2,Performance,$\Delta t_{process} < \text{threshold}$,,0
P93,Agent Thinking Indicator,P.P93.3,Consistency,"$\forall i_1, i_2 : i_1 = i_2 \implies \text{output}(i_1) = \text{output}(i_2)$",,0
P93,Agent Thinking Indicator,P.P93.4,Usability,$\forall u : \text{usable}(u)$,,0
P94,Tool Execution Visualization,P.P94.1,Correctness,$\forall i : \text{valid}(i) \implies \text{correct}(\text{output}(i))$,,0
P94,Tool Execution Visualization,P.P94.2,Performance,$\Delta t_{process} < \text{threshold}$,,0
P94,Tool Execution Visualization,P.P94.3,Consistency,"$\forall i_1, i_2 : i_1 = i_2 \implies \text{output}(i_1) = \text{output}(i_2)$",,0
P94,Tool Execution Visualization,P.P94.4,Usability,$\forall u : \text{usable}(u)$,,0
P95,Multi-Step Progress,P.P95.1,Correctness,$\forall i : \text{valid}(i) \implies \text{correct}(\text{output}(i))$,,0
P95,Multi-Step Progress,P.P95.2,Performance,$\Delta t_{process} < \text{threshold}$,,0
P95,Multi-Step Progress,P.P95.3,Consistency,"$\forall i_1, i_2 : i_1 = i_2 \implies \text{output}(i_1) = \text{output}(i_2)$",,0
P95,Multi-Step Progress,P.P95.4,Usability,$\forall u : \text{usable}(u)$,,0
P96,Real-Time Confidence Display,P.P96.1,Correctness,$\forall i : \text{valid}(i) \implies \text{correct}(\text{output}(i))$,,0
P96,Real-Time Confidence Display,P.P96.2,Performance,$\Delta t_{process} < \text{threshold}$,,0
P96,Real-Time Confidence Display,P.P96.3,Consistency,"$\forall i_1, i_2 : i_1 = i_2 \implies \text{output}(i_1) = \text{output}(i_2)$",,0
P96,Real-Time Confidence Display,P.P96.4,Usability,$\forall u : \text{usable}(u)$,,0
P97,Resource Usage Indicator,P.P97.1,Correctness,$\forall i : \text{valid}(i) \implies \text{correct}(\text{output}(i))$,,0
P97,Resource Usage Indicator,P.P97.2,Performance,$\Delta t_{process} < \text{threshold}$,,0
P97,Resource Usage Indicator,P.P97.3,Consistency,"$\forall i_1, i_2 : i_1 = i_2 \implies \text{output}(i_1) = \text{output}(i_2)$",,0
P97,Resource Usage Indicator,P.P97.4,Usability,$\forall u : \text{usable}(u)$,,0
P98,Agent State Timeline,P.P98.1,Correctness,$\forall i : \text{valid}(i) \implies \text{correct}(\text{output}(i))$,,0
P98,Agent State Timeline,P.P98.2,Performance,$\Delta t_{process} < \text{threshold}$,,0
P98,Agent State Timeline,P.P98.3,Consistency,"$\forall i_1, i_2 : i_1 = i_2 \implies \text{output}(i_1) = \text{output}(i_2)$",,0
P98,Agent State Timeline,P.P98.4,Usability,$\forall u : \text{usable}(u)$,,0
P99,Knowledge Graph Explorer,P.P99.1,Correctness,$\forall i : \text{valid}(i) \implies \text{correct}(\text{output}(i))$,,0
P99,Knowledge Graph Explorer,P.P99.2,Performance,$\Delta t_{process} < \text{threshold}$,,0
P99,Knowledge Graph Explorer,P.P99.3,Consistency,"$\forall i_1, i_2 : i_1 = i_2 \implies \text{output}(i_1) = \text{output}(i_2)$",,0
P99,Knowledge Graph Explorer,P.P99.4,Usability,$\forall u : \text{usable}(u)$,,0
P100,Source Citation,P.P100.1,Complete Citation,$\forall span \in \text{Content} : \exists s \in Sources : Inline_{refs}(span) = s.id$ (every claim cited),,0
P100,Source Citation,P.P100.2,Verified Sources,$\forall s \in Sources : Verification(s.id) = \text{true}$ (all sources accessible),,0
P100,Source Citation,P.P100.3,Confidence Transparency,"$\forall s \in Sources : s.confidence \in [0,1]$ is visible to user",,0
P100,Source Citation,P.P100.4,Bidirectional Linking,$span \xrightarrow{\text{cites}} source \land source \xrightarrow{\text{cited-by}} span$ (navigable both ways),,0
P101,Retrieval Path Visualization,P.P101.1,Path Explainability,"$\forall (n_i, e_i) \in Path_{retrieval} : \text{explain}(e_i) \to \text{why } n_{i} \to n_{i+1}$ (each hop justified)",,0
P101,Retrieval Path Visualization,P.P101.2,Monotonic Relevance,"$\forall n_i, n_{i+1} \in Path_{retrieval} : Score_{relevance}(n_{i+1}) \leq Score_{relevance}(n_i)$ (decreasing along path)",,0
P101,Retrieval Path Visualization,P.P101.3,Connected Path,$\forall i : \exists e \in \text{Edges} : e.source = n_i \land e.target = n_{i+1}$ (valid graph path),,0
P101,Retrieval Path Visualization,P.P101.4,Multi-Hop Reasoning,$|Path_{retrieval}| \geq 1$ enables reasoning beyond direct neighbors,,0
P102,Confidence-Based Highlighting,P.P102.1,Monotonic Color Mapping,"$\forall c_1, c_2 \in [0,1] : c_1 > c_2 \implies \text{brightness}(Colors(c_1)) > \text{brightness}(Colors(c_2))$",,0
P102,Confidence-Based Highlighting,P.P102.2,Complete Coverage,"$\forall span \in Text : \exists c \in [0,1] : Conf_{scores}(span) = c$ (every span has confidence)",,0
P102,Confidence-Based Highlighting,P.P102.3,Threshold Ordering,"$\forall i, j : i < j \implies Thresholds[i] < Thresholds[j]$ (increasing sequence)",,0
P102,Confidence-Based Highlighting,P.P102.4,Visual Distinguishability,"$\forall t_i, t_{i+1} \in Thresholds : \Delta E(Colors(t_i), Colors(t_{i+1})) > \tau$ (perceptually distinct)",,0
P103,Multi-Source Reconciliation,P.P103.1,Conflict Detection Completeness,"$\forall c_1, c_2 \in \text{Claims} : \text{contradicts}(c_1, c_2) \implies (c_1, c_2, t) \in Conflicts$ for some $t$",,0
P103,Multi-Source Reconciliation,P.P103.2,Source Authority Weighting,$\text{consensus\_score}(claim) = \sum_{s \in \text{supporting}(claim)} w(s.authority)$ where $\sum w = 1$,,0
P103,Multi-Source Reconciliation,P.P103.3,Transparency of Dissent,$\forall r \in \text{ResolvedClaim} : |r.dissenting\_sources| > 0 \implies \text{visible}(r.dissenting\_sources)$,,0
P103,Multi-Source Reconciliation,P.P103.4,Temporal Consistency,"$\forall c_1, c_2 : c_1.timestamp < c_2.timestamp \implies \text{priority}(c_2) > \text{priority}(c_1)$ (recency bias)",,0
P104,Graph Query Builder,P.P104.1,Visual-Textual Isomorphism,$\forall q : \text{semantics}(Q_{visual}) \equiv \text{semantics}(Cypher)$ (equivalent meaning),,0
P104,Graph Query Builder,P.P104.2,Incremental Query Building,$Q_{visual}^{(t+1)} = Q_{visual}^{(t)} \oplus \text{addPattern}(\pi)$ (compositional),,0
P104,Graph Query Builder,P.P104.3,Type Safety,$\forall e \in Q_{visual}.edges : \text{type}(e.source) \text{ compatible with } \text{type}(e.target)$,,0
P104,Graph Query Builder,P.P104.4,Query Optimization,$Execute(Cypher) = Execute(\text{optimize}(Cypher))$ (semantic preserving optimization),,0
P105,Semantic Similarity Visualizer,P.P105.1,Similarity Symmetry,"$\forall c_1, c_2 \in Concepts : Sim_{matrix}(c_1, c_2) = Sim_{matrix}(c_2, c_1)$ (symmetric)",,0
P105,Semantic Similarity Visualizer,P.P105.2,Distance Preservation,"$\forall c_1, c_2 : Sim_{matrix}(c_1, c_2) > Sim_{matrix}(c_1, c_3) \implies$   $\|Layout(c_1) - Layout(c_2)\| < \|Layout(c_1) - Layout(c_3)\|$ (spatial proximity reflects similarity)",,0
P105,Semantic Similarity Visualizer,P.P105.3,Threshold Filtering,"$\forall c_1, c_2 : Sim_{matrix}(c_1, c_2) < Threshold \implies \neg \text{visible}(\text{edge}(c_1, c_2))$",,0
P105,Semantic Similarity Visualizer,P.P105.4,Self-Similarity Identity,"$\forall c \in Concepts : Sim_{matrix}(c, c) = 1$ (maximum self-similarity)",,0
P106,Auto-Updating Content,P.P106.1,Correctness,$\forall i : \text{valid}(i) \implies \text{correct}(\text{output}(i))$,,0
P106,Auto-Updating Content,P.P106.2,Performance,$\Delta t_{process} < \text{threshold}$,,0
P106,Auto-Updating Content,P.P106.3,Consistency,"$\forall i_1, i_2 : i_1 = i_2 \implies \text{output}(i_1) = \text{output}(i_2)$",,0
P106,Auto-Updating Content,P.P106.4,Usability,$\forall u : \text{usable}(u)$,,0
P107,Suggested Edits,P.P107.1,Non-Overlapping Edits,"$\forall e_1, e_2 \in Improvements : e_1 \neq e_2 \implies e_1.span \cap e_2.span = \emptyset$ (disjoint)",,0
P107,Suggested Edits,P.P107.2,Confidence-Based Ranking,"$\forall e_1, e_2 : Confidence(e_1) > Confidence(e_2) \implies \text{priority}(e_1) > \text{priority}(e_2)$",,0
P107,Suggested Edits,P.P107.3,Explainable Suggestions,$\forall e \in Improvements : \exists r \in \text{String} : e.reason = r \land |r| > 0$ (all edits explained),,0
P107,Suggested Edits,P.P107.4,Content Preservation,$\forall e \in Improvements : \text{semantics}(e.original) \approx \text{semantics}(e.replacement)$,,0
P108,Cross-Document Linking,P.P108.1,Automatic Discovery,"$\forall d_1, d_2 \in Docs : Auto_{link}(d_1, d_2) > \theta \implies \exists l \in Relationships : l.source = d_1 \land l.target = d_2$",,0
P108,Cross-Document Linking,P.P108.2,Bidirectional Navigation,$\forall l \in Relationships : l.bidirectional = \text{true} \implies \exists l' : l'.source = l.target \land l'.target = l.source$,,0
P108,Cross-Document Linking,P.P108.3,Transitive Suggestions,"$(d_1, d_2) \in Relationships \land (d_2, d_3) \in Relationships \implies \text{suggest}(d_1, d_3)$ (transitive)",,0
P108,Cross-Document Linking,P.P108.4,Semantic Consistency,"$\forall l : \text{similarity}(l.source.embedding, l.target.embedding) \geq \epsilon > 0$",,0
P109,Outdated Content Detection,P.P109.1,Time-Based Decay,$\forall span : Freshness(span) = e^{-\lambda \cdot \Delta t}$ where $\Delta t = \text{now}() - \text{lastUpdated}(span)$,,0
P109,Outdated Content Detection,P.P109.2,Source-Synchronized Staleness,$\forall s \in Sources : \text{sourceChanged}(s) \implies \exists a \in Alerts : a.\text{reason} = \text{source\_updated}$,,0
P109,Outdated Content Detection,P.P109.3,Severity Threshold,$\forall a \in Alerts : Freshness(a.span) < \theta_{critical} \implies a.severity = \text{critical}$,,0
P109,Outdated Content Detection,P.P109.4,Continuous Monitoring,"$\forall t \in \text{Time} : \exists \text{check}(Content, Sources) \text{ at interval } \Delta t_{check}$ (periodic)",,0
P110,Collaborative Document Intelligence,P.P110.1,Conflict-Free Contributions,"$\forall c_1, c_2 \in Contributions : c_1.edit.span \cap c_2.edit.span \neq \emptyset \implies$   $\exists r \in \text{Resolution} : r(c_1, c_2) = c_{merged}$ (CRDT-like)",,0
P110,Collaborative Document Intelligence,P.P110.2,Agent Specialization,"$\forall a \in Agents : \exists r \in \text{Role} : a.role = r \land \text{expert}(a, r)$",,0
P110,Collaborative Document Intelligence,P.P110.3,Collaborative Convergence,$\lim_{t \to \infty} \text{quality}(\text{Document}_t) = \text{optimal}$ (agents improve document over time),,0
P110,Collaborative Document Intelligence,P.P110.4,Attribution Transparency,$\forall span \in Document : \exists c \in Contributions : c.edit.span = span$ (traceable authorship),,0
P111,Document Evolution Timeline,P.P111.1,Chronological Ordering,"$\forall v_i, v_{i+1} \in Versions : Timestamps(v_i) < Timestamps(v_{i+1})$ (monotonic time)",,0
P111,Document Evolution Timeline,P.P111.2,Version Continuity,$\forall v_{i+1} \in Versions : \exists v_i : v_{i+1}.parent = v_i.id$ (except root version),,0
P111,Document Evolution Timeline,P.P111.3,Complete Attribution,$\forall v \in Versions : Contributors(v) \neq \emptyset$ (every change has author),,0
P111,Document Evolution Timeline,P.P111.4,Reconstructability,"$\forall v_i \in Versions : v_i = \text{apply}(v_0, \bigoplus_{j=1}^{i} Changes(v_{j-1}, v_j))$ (replay history)",,0
P112,Event Stream Visualization,P.P112.1,Real-Time Responsiveness,$\forall e \in Events : \Delta t_{display}(e) = t_{render}(e) - e.timestamp < 100ms$ (low latency),,0
P112,Event Stream Visualization,P.P112.2,Event Ordering,"$\forall e_1, e_2 \in Events : e_1.timestamp < e_2.timestamp \implies \text{position}(e_1) < \text{position}(e_2)$",,0
P112,Event Stream Visualization,P.P112.3,Windowed Aggregation,$\forall w \in \text{Windows} : Aggregation(w) = f(\{e \in Events \mid e.timestamp \in w\})$,,0
P112,Event Stream Visualization,P.P112.4,Filter Preservation,$\forall e \in Events : Filter(e) = \text{true} \implies e \in \text{VisibleEvents}$,,0
P113,Event Replay Control,P.P113.1,Deterministic Replay,$\forall H \in \text{History} : State_{restore}(H) = State_{original}$ (reproducible),,0
P113,Event Replay Control,P.P113.2,Speed Control,"$Playback.speed \in [0.1, 10] \implies \Delta t_{replay} = \frac{\Delta t_{original}}{Playback.speed}$",,0
P113,Event Replay Control,P.P113.3,Event Causality Preservation,"$\forall e_1, e_2 \in History : e_1 \xrightarrow{\text{causes}} e_2 \implies \text{order}(e_1) < \text{order}(e_2)$ in replay",,0
P113,Event Replay Control,P.P113.4,Selective Replay,$\text{replay}(Selector) = \{e \in History \mid Selector.predicate(e) \land e.timestamp \in Selector.range\}$,,0
P114,Stream Backpressure,P.P114.1,Buffer Boundedness,$\forall t : |Buffer(t)| \leq \text{capacity}$ (no unbounded growth),,0
P114,Stream Backpressure,P.P114.2,Rate Limiting,"$\forall \Delta t : |\{e \in \text{processed} \mid e.timestamp \in [t, t + \Delta t]\}| \leq Rate_{control} \times \Delta t$",,0
P114,Stream Backpressure,P.P114.3,Backpressure Signal,"$|Buffer| > \theta \times \text{capacity} \implies \text{signal}(\text{upstream}, \text{slow\_down})$",,0
P114,Stream Backpressure,P.P114.4,Fairness (when drop-random),"$\forall e_1, e_2 \in Buffer : P(\text{drop}(e_1)) = P(\text{drop}(e_2))$ (uniform probability)",,0
P115,Event-Driven State Updates,P.P115.1,State Immutability,"$\forall e \in Events : Reducer(s, e) = s' \land s \neq s'$ (no mutation, new state returned)",,0
P115,Event-Driven State Updates,P.P115.2,Reducer Determinism,"$\forall s, e : Reducer(s, e) = Reducer(s, e)$ (same input → same output)",,0
P115,Event-Driven State Updates,P.P115.3,Event Sourcing,"$State_t = \text{foldl}(Reducer, State_0, \{e \in Event_{stream} \mid e.timestamp \leq t\})$",,0
P115,Event-Driven State Updates,P.P115.4,UI Consistency,$\forall s : UI_{sync}(s) \implies \text{rendered\_state} = s$ (eventual consistency),,0
P116,Multi-Stream Coordination UI,P.P116.1,Temporal Ordering,"$\forall s_1, s_2 \in Streams : Merge(\{s_1, s_2\}) = s' \implies$   $\forall e_1 \in s_1, e_2 \in s_2 : e_1.ts < e_2.ts \implies \text{order}(e_1, s') < \text{order}(e_2, s')$",,0
P116,Multi-Stream Coordination UI,P.P116.2,Causal Consistency,"$\forall e_1, e_2 : e_1 \xrightarrow{\text{causes}} e_2 \implies e_1 \text{ appears before } e_2$ in merged stream",,0
P116,Multi-Stream Coordination UI,P.P116.3,Lossless Merge,$\forall S \subseteq Streams : |\text{events}(Merge(S))| = \sum_{s \in S} |\text{events}(s)|$ (no events lost),,0
P116,Multi-Stream Coordination UI,P.P116.4,Real-Time Coordination,$\forall s \in Streams : \Delta t_{merge}(s) < \epsilon$ (low latency merging),,0
P117,Event Filter & Query,P.P117.1,Filter Composability,"$\forall f_1, f_2 \in Filters : \text{compose}(f_1, f_2) = \lambda e. f_1(e) \land f_2(e)$ (conjunction)",,0
P117,Event Filter & Query,P.P117.2,Query Selectivity,$\forall q \in \text{Queries} : |\text{Results}(q)| \leq |\text{Stream}|$ (filtering reduces size),,0
P117,Event Filter & Query,P.P117.3,Streaming Execution,$\forall e \in Stream : \text{latency}(\text{filter}(e)) < \Delta t_{threshold}$ (real-time filtering),,0
P117,Event Filter & Query,P.P117.4,Pattern Matching Expressiveness,"$\text{Query}_{language} \supseteq \{\text{SEQ}, \text{AND}, \text{OR}, \text{NOT}, \text{WITHIN}\}$ (temporal operators)",,0
P118,Domain Context Switcher,P.P118.1,Correctness,$\forall i : \text{valid}(i) \implies \text{correct}(\text{output}(i))$,,0
P118,Domain Context Switcher,P.P118.2,Performance,$\Delta t_{process} < \text{threshold}$,,0
P118,Domain Context Switcher,P.P118.3,Consistency,"$\forall i_1, i_2 : i_1 = i_2 \implies \text{output}(i_1) = \text{output}(i_2)$",,0
P118,Domain Context Switcher,P.P118.4,Usability,$\forall u : \text{usable}(u)$,,0
P119,Cross-Domain Integration View,P.P119.1,Domain Isolation,"$\forall d_1, d_2 \in Domains : d_1 \neq d_2 \implies d_1.\text{schema} \cap d_2.\text{schema} = \emptyset$ (separate contexts)",,0
P119,Cross-Domain Integration View,P.P119.2,Integration Consistency,$\forall l \in Relationships : \exists t : l.\text{translator}(Data_{integrated}(l.\text{source})) \sim Data_{integrated}(l.\text{target})$,,0
P119,Cross-Domain Integration View,P.P119.3,Context Preservation,$\forall d \in Domains : \text{semantics}(Data_{integrated}(d)) = \text{semantics}_d(\text{original\_data}(d))$,,0
P119,Cross-Domain Integration View,P.P119.4,Agent Domain Assignment,$\forall a \in \text{Agents} : \exists! d \in Domains : a \in d.\text{agents}$ (unique assignment),,0
P120,Domain-Specific Agent Activation,P.P120.1,Correctness,$\forall i : \text{valid}(i) \implies \text{correct}(\text{output}(i))$,,0
P120,Domain-Specific Agent Activation,P.P120.2,Performance,$\Delta t_{process} < \text{threshold}$,,0
P120,Domain-Specific Agent Activation,P.P120.3,Consistency,"$\forall i_1, i_2 : i_1 = i_2 \implies \text{output}(i_1) = \text{output}(i_2)$",,0
P120,Domain-Specific Agent Activation,P.P120.4,Usability,$\forall u : \text{usable}(u)$,,0
P121,Context Preservation Across Domains,P.P121.1,Correctness,$\forall i : \text{valid}(i) \implies \text{correct}(\text{output}(i))$,,0
P121,Context Preservation Across Domains,P.P121.2,Performance,$\Delta t_{process} < \text{threshold}$,,0
P121,Context Preservation Across Domains,P.P121.3,Consistency,"$\forall i_1, i_2 : i_1 = i_2 \implies \text{output}(i_1) = \text{output}(i_2)$",,0
P121,Context Preservation Across Domains,P.P121.4,Usability,$\forall u : \text{usable}(u)$,,0
P122,Multi-Domain Dashboard,P.P122.1,Correctness,$\forall i : \text{valid}(i) \implies \text{correct}(\text{output}(i))$,,0
P122,Multi-Domain Dashboard,P.P122.2,Performance,$\Delta t_{process} < \text{threshold}$,,0
P122,Multi-Domain Dashboard,P.P122.3,Consistency,"$\forall i_1, i_2 : i_1 = i_2 \implies \text{output}(i_1) = \text{output}(i_2)$",,0
P122,Multi-Domain Dashboard,P.P122.4,Usability,$\forall u : \text{usable}(u)$,,0
P123,Domain Boundary Indicator,P.P123.1,Correctness,$\forall i : \text{valid}(i) \implies \text{correct}(\text{output}(i))$,,0
P123,Domain Boundary Indicator,P.P123.2,Performance,$\Delta t_{process} < \text{threshold}$,,0
P123,Domain Boundary Indicator,P.P123.3,Consistency,"$\forall i_1, i_2 : i_1 = i_2 \implies \text{output}(i_1) = \text{output}(i_2)$",,0
P123,Domain Boundary Indicator,P.P123.4,Usability,$\forall u : \text{usable}(u)$,,0
P124,Agent Trace Viewer,P.P124.1,Correctness,$\forall i : \text{valid}(i) \implies \text{correct}(\text{output}(i))$,,0
P124,Agent Trace Viewer,P.P124.2,Performance,$\Delta t_{process} < \text{threshold}$,,0
P124,Agent Trace Viewer,P.P124.3,Consistency,"$\forall i_1, i_2 : i_1 = i_2 \implies \text{output}(i_1) = \text{output}(i_2)$",,0
P124,Agent Trace Viewer,P.P124.4,Usability,$\forall u : \text{usable}(u)$,,0
P125,Decision Explanation,P.P125.1,Correctness,$\forall i : \text{valid}(i) \implies \text{correct}(\text{output}(i))$,,0
P125,Decision Explanation,P.P125.2,Performance,$\Delta t_{process} < \text{threshold}$,,0
P125,Decision Explanation,P.P125.3,Consistency,"$\forall i_1, i_2 : i_1 = i_2 \implies \text{output}(i_1) = \text{output}(i_2)$",,0
P125,Decision Explanation,P.P125.4,Usability,$\forall u : \text{usable}(u)$,,0
P126,Token Usage Display,P.P126.1,Correctness,$\forall i : \text{valid}(i) \implies \text{correct}(\text{output}(i))$,,0
P126,Token Usage Display,P.P126.2,Performance,$\Delta t_{process} < \text{threshold}$,,0
P126,Token Usage Display,P.P126.3,Consistency,"$\forall i_1, i_2 : i_1 = i_2 \implies \text{output}(i_1) = \text{output}(i_2)$",,0
P126,Token Usage Display,P.P126.4,Usability,$\forall u : \text{usable}(u)$,,0
P127,Error Debug Interface,P.P127.1,Correctness,$\forall i : \text{valid}(i) \implies \text{correct}(\text{output}(i))$,,0
P127,Error Debug Interface,P.P127.2,Performance,$\Delta t_{process} < \text{threshold}$,,0
P127,Error Debug Interface,P.P127.3,Consistency,"$\forall i_1, i_2 : i_1 = i_2 \implies \text{output}(i_1) = \text{output}(i_2)$",,0
P127,Error Debug Interface,P.P127.4,Usability,$\forall u : \text{usable}(u)$,,0
P128,A/B Test Results,P.P128.1,Correctness,$\forall i : \text{valid}(i) \implies \text{correct}(\text{output}(i))$,,0
P128,A/B Test Results,P.P128.2,Performance,$\Delta t_{process} < \text{threshold}$,,0
P128,A/B Test Results,P.P128.3,Consistency,"$\forall i_1, i_2 : i_1 = i_2 \implies \text{output}(i_1) = \text{output}(i_2)$",,0
P128,A/B Test Results,P.P128.4,Usability,$\forall u : \text{usable}(u)$,,0
P129,Performance Metrics Dashboard,P.P129.1,Correctness,$\forall i : \text{valid}(i) \implies \text{correct}(\text{output}(i))$,,0
P129,Performance Metrics Dashboard,P.P129.2,Performance,$\Delta t_{process} < \text{threshold}$,,0
P129,Performance Metrics Dashboard,P.P129.3,Consistency,"$\forall i_1, i_2 : i_1 = i_2 \implies \text{output}(i_1) = \text{output}(i_2)$",,0
P129,Performance Metrics Dashboard,P.P129.4,Usability,$\forall u : \text{usable}(u)$,,0
P130,AI Agent Presence Indicator,P.P130.1,Correctness,$\forall i : \text{valid}(i) \implies \text{correct}(\text{output}(i))$,,0
P130,AI Agent Presence Indicator,P.P130.2,Performance,$\Delta t_{process} < \text{threshold}$,,0
P130,AI Agent Presence Indicator,P.P130.3,Consistency,"$\forall i_1, i_2 : i_1 = i_2 \implies \text{output}(i_1) = \text{output}(i_2)$",,0
P130,AI Agent Presence Indicator,P.P130.4,Usability,$\forall u : \text{usable}(u)$,,0
P131,Multi-User + AI Avatar,P.P131.1,Correctness,$\forall i : \text{valid}(i) \implies \text{correct}(\text{output}(i))$,,0
P131,Multi-User + AI Avatar,P.P131.2,Performance,$\Delta t_{process} < \text{threshold}$,,0
P131,Multi-User + AI Avatar,P.P131.3,Consistency,"$\forall i_1, i_2 : i_1 = i_2 \implies \text{output}(i_1) = \text{output}(i_2)$",,0
P131,Multi-User + AI Avatar,P.P131.4,Usability,$\forall u : \text{usable}(u)$,,0
P132,AI Cursor Sharing,P.P132.1,Correctness,$\forall i : \text{valid}(i) \implies \text{correct}(\text{output}(i))$,,0
P132,AI Cursor Sharing,P.P132.2,Performance,$\Delta t_{process} < \text{threshold}$,,0
P132,AI Cursor Sharing,P.P132.3,Consistency,"$\forall i_1, i_2 : i_1 = i_2 \implies \text{output}(i_1) = \text{output}(i_2)$",,0
P132,AI Cursor Sharing,P.P132.4,Usability,$\forall u : \text{usable}(u)$,,0
P133,Activity Feed,P.P133.1,Correctness,$\forall i : \text{valid}(i) \implies \text{correct}(\text{output}(i))$,,0
P133,Activity Feed,P.P133.2,Performance,$\Delta t_{process} < \text{threshold}$,,0
P133,Activity Feed,P.P133.3,Consistency,"$\forall i_1, i_2 : i_1 = i_2 \implies \text{output}(i_1) = \text{output}(i_2)$",,0
P133,Activity Feed,P.P133.4,Usability,$\forall u : \text{usable}(u)$,,0
P134,Collaboration Session,P.P134.1,Correctness,$\forall i : \text{valid}(i) \implies \text{correct}(\text{output}(i))$,,0
P134,Collaboration Session,P.P134.2,Performance,$\Delta t_{process} < \text{threshold}$,,0
P134,Collaboration Session,P.P134.3,Consistency,"$\forall i_1, i_2 : i_1 = i_2 \implies \text{output}(i_1) = \text{output}(i_2)$",,0
P134,Collaboration Session,P.P134.4,Usability,$\forall u : \text{usable}(u)$,,0
P135,Conflict Resolution Interface,P.P135.1,Correctness,$\forall i : \text{valid}(i) \implies \text{correct}(\text{output}(i))$,,0
P135,Conflict Resolution Interface,P.P135.2,Performance,$\Delta t_{process} < \text{threshold}$,,0
P135,Conflict Resolution Interface,P.P135.3,Consistency,"$\forall i_1, i_2 : i_1 = i_2 \implies \text{output}(i_1) = \text{output}(i_2)$",,0
P135,Conflict Resolution Interface,P.P135.4,Usability,$\forall u : \text{usable}(u)$,,0
P136,User Preference Learning,P.P136.1,Correctness,$\forall i : \text{valid}(i) \implies \text{correct}(\text{output}(i))$,,0
P136,User Preference Learning,P.P136.2,Performance,$\Delta t_{process} < \text{threshold}$,,0
P136,User Preference Learning,P.P136.3,Consistency,"$\forall i_1, i_2 : i_1 = i_2 \implies \text{output}(i_1) = \text{output}(i_2)$",,0
P136,User Preference Learning,P.P136.4,Usability,$\forall u : \text{usable}(u)$,,0
P137,Adaptive Interface,P.P137.1,Correctness,$\forall i : \text{valid}(i) \implies \text{correct}(\text{output}(i))$,,0
P137,Adaptive Interface,P.P137.2,Performance,$\Delta t_{process} < \text{threshold}$,,0
P137,Adaptive Interface,P.P137.3,Consistency,"$\forall i_1, i_2 : i_1 = i_2 \implies \text{output}(i_1) = \text{output}(i_2)$",,0
P137,Adaptive Interface,P.P137.4,Usability,$\forall u : \text{usable}(u)$,,0
P138,Personalized Agent Configuration,P.P138.1,Correctness,$\forall i : \text{valid}(i) \implies \text{correct}(\text{output}(i))$,,0
P138,Personalized Agent Configuration,P.P138.2,Performance,$\Delta t_{process} < \text{threshold}$,,0
P138,Personalized Agent Configuration,P.P138.3,Consistency,"$\forall i_1, i_2 : i_1 = i_2 \implies \text{output}(i_1) = \text{output}(i_2)$",,0
P138,Personalized Agent Configuration,P.P138.4,Usability,$\forall u : \text{usable}(u)$,,0
P139,Learning Progress Indicator,P.P139.1,Correctness,$\forall i : \text{valid}(i) \implies \text{correct}(\text{output}(i))$,,0
P139,Learning Progress Indicator,P.P139.2,Performance,$\Delta t_{process} < \text{threshold}$,,0
P139,Learning Progress Indicator,P.P139.3,Consistency,"$\forall i_1, i_2 : i_1 = i_2 \implies \text{output}(i_1) = \text{output}(i_2)$",,0
P139,Learning Progress Indicator,P.P139.4,Usability,$\forall u : \text{usable}(u)$,,0
P140,Reset/Retrain Controls,P.P140.1,Correctness,$\forall i : \text{valid}(i) \implies \text{correct}(\text{output}(i))$,,0
P140,Reset/Retrain Controls,P.P140.2,Performance,$\Delta t_{process} < \text{threshold}$,,0
P140,Reset/Retrain Controls,P.P140.3,Consistency,"$\forall i_1, i_2 : i_1 = i_2 \implies \text{output}(i_1) = \text{output}(i_2)$",,0
P140,Reset/Retrain Controls,P.P140.4,Usability,$\forall u : \text{usable}(u)$,,0
P141,Workflow Template Gallery,P.P141.1,Correctness,$\forall i : \text{valid}(i) \implies \text{correct}(\text{output}(i))$,,0
P141,Workflow Template Gallery,P.P141.2,Performance,$\Delta t_{process} < \text{threshold}$,,0
P141,Workflow Template Gallery,P.P141.3,Consistency,"$\forall i_1, i_2 : i_1 = i_2 \implies \text{output}(i_1) = \text{output}(i_2)$",,0
P141,Workflow Template Gallery,P.P141.4,Usability,$\forall u : \text{usable}(u)$,,0
P142,Automation Builder,P.P142.1,Correctness,$\forall i : \text{valid}(i) \implies \text{correct}(\text{output}(i))$,,0
P142,Automation Builder,P.P142.2,Performance,$\Delta t_{process} < \text{threshold}$,,0
P142,Automation Builder,P.P142.3,Consistency,"$\forall i_1, i_2 : i_1 = i_2 \implies \text{output}(i_1) = \text{output}(i_2)$",,0
P142,Automation Builder,P.P142.4,Usability,$\forall u : \text{usable}(u)$,,0
P143,Scheduled Agent,P.P143.1,Correctness,$\forall i : \text{valid}(i) \implies \text{correct}(\text{output}(i))$,,0
P143,Scheduled Agent,P.P143.2,Performance,$\Delta t_{process} < \text{threshold}$,,0
P143,Scheduled Agent,P.P143.3,Consistency,"$\forall i_1, i_2 : i_1 = i_2 \implies \text{output}(i_1) = \text{output}(i_2)$",,0
P143,Scheduled Agent,P.P143.4,Usability,$\forall u : \text{usable}(u)$,,0
P144,Trigger-Action,P.P144.1,Correctness,$\forall i : \text{valid}(i) \implies \text{correct}(\text{output}(i))$,,0
P144,Trigger-Action,P.P144.2,Performance,$\Delta t_{process} < \text{threshold}$,,0
P144,Trigger-Action,P.P144.3,Consistency,"$\forall i_1, i_2 : i_1 = i_2 \implies \text{output}(i_1) = \text{output}(i_2)$",,0
P144,Trigger-Action,P.P144.4,Usability,$\forall u : \text{usable}(u)$,,0
P145,Workflow Monitoring Dashboard,P.P145.1,Correctness,$\forall i : \text{valid}(i) \implies \text{correct}(\text{output}(i))$,,0
P145,Workflow Monitoring Dashboard,P.P145.2,Performance,$\Delta t_{process} < \text{threshold}$,,0
P145,Workflow Monitoring Dashboard,P.P145.3,Consistency,"$\forall i_1, i_2 : i_1 = i_2 \implies \text{output}(i_1) = \text{output}(i_2)$",,0
P145,Workflow Monitoring Dashboard,P.P145.4,Usability,$\forall u : \text{usable}(u)$,,0
P146,Token Budget Indicator,P.P146.1,Correctness,$\forall i : \text{valid}(i) \implies \text{correct}(\text{output}(i))$,,0
P146,Token Budget Indicator,P.P146.2,Performance,$\Delta t_{process} < \text{threshold}$,,0
P146,Token Budget Indicator,P.P146.3,Consistency,"$\forall i_1, i_2 : i_1 = i_2 \implies \text{output}(i_1) = \text{output}(i_2)$",,0
P146,Token Budget Indicator,P.P146.4,Usability,$\forall u : \text{usable}(u)$,,0
P147,Cost Estimation Preview,P.P147.1,Correctness,$\forall i : \text{valid}(i) \implies \text{correct}(\text{output}(i))$,,0
P147,Cost Estimation Preview,P.P147.2,Performance,$\Delta t_{process} < \text{threshold}$,,0
P147,Cost Estimation Preview,P.P147.3,Consistency,"$\forall i_1, i_2 : i_1 = i_2 \implies \text{output}(i_1) = \text{output}(i_2)$",,0
P147,Cost Estimation Preview,P.P147.4,Usability,$\forall u : \text{usable}(u)$,,0
P148,Resource Limit Controls,P.P148.1,Correctness,$\forall i : \text{valid}(i) \implies \text{correct}(\text{output}(i))$,,0
P148,Resource Limit Controls,P.P148.2,Performance,$\Delta t_{process} < \text{threshold}$,,0
P148,Resource Limit Controls,P.P148.3,Consistency,"$\forall i_1, i_2 : i_1 = i_2 \implies \text{output}(i_1) = \text{output}(i_2)$",,0
P148,Resource Limit Controls,P.P148.4,Usability,$\forall u : \text{usable}(u)$,,0
P149,Usage Analytics Dashboard,P.P149.1,Correctness,$\forall i : \text{valid}(i) \implies \text{correct}(\text{output}(i))$,,0
P149,Usage Analytics Dashboard,P.P149.2,Performance,$\Delta t_{process} < \text{threshold}$,,0
P149,Usage Analytics Dashboard,P.P149.3,Consistency,"$\forall i_1, i_2 : i_1 = i_2 \implies \text{output}(i_1) = \text{output}(i_2)$",,0
P149,Usage Analytics Dashboard,P.P149.4,Usability,$\forall u : \text{usable}(u)$,,0
P150,Rate Limit Warning,P.P150.1,Correctness,$\forall i : \text{valid}(i) \implies \text{correct}(\text{output}(i))$,,0
P150,Rate Limit Warning,P.P150.2,Performance,$\Delta t_{process} < \text{threshold}$,,0
P150,Rate Limit Warning,P.P150.3,Consistency,"$\forall i_1, i_2 : i_1 = i_2 \implies \text{output}(i_1) = \text{output}(i_2)$",,0
P150,Rate Limit Warning,P.P150.4,Usability,$\forall u : \text{usable}(u)$,,0
P152,Audit Trail Viewer,P.P152.1,Correctness,$\forall i : \text{valid}(i) \implies \text{correct}(\text{output}(i))$,,0
P152,Audit Trail Viewer,P.P152.2,Performance,$\Delta t_{process} < \text{threshold}$,,0
P152,Audit Trail Viewer,P.P152.3,Consistency,"$\forall i_1, i_2 : i_1 = i_2 \implies \text{output}(i_1) = \text{output}(i_2)$",,0
P152,Audit Trail Viewer,P.P152.4,Usability,$\forall u : \text{usable}(u)$,,0
P153,Data Access Transparency,P.P153.1,Correctness,$\forall i : \text{valid}(i) \implies \text{correct}(\text{output}(i))$,,0
P153,Data Access Transparency,P.P153.2,Performance,$\Delta t_{process} < \text{threshold}$,,0
P153,Data Access Transparency,P.P153.3,Consistency,"$\forall i_1, i_2 : i_1 = i_2 \implies \text{output}(i_1) = \text{output}(i_2)$",,0
P153,Data Access Transparency,P.P153.4,Usability,$\forall u : \text{usable}(u)$,,0
P154,Secure Credential Management,P.P154.1,Correctness,$\forall i : \text{valid}(i) \implies \text{correct}(\text{output}(i))$,,0
P154,Secure Credential Management,P.P154.2,Performance,$\Delta t_{process} < \text{threshold}$,,0
P154,Secure Credential Management,P.P154.3,Consistency,"$\forall i_1, i_2 : i_1 = i_2 \implies \text{output}(i_1) = \text{output}(i_2)$",,0
P154,Secure Credential Management,P.P154.4,Usability,$\forall u : \text{usable}(u)$,,0
P155,Trust Score Indicator,P.P155.1,Correctness,$\forall i : \text{valid}(i) \implies \text{correct}(\text{output}(i))$,,0
P155,Trust Score Indicator,P.P155.2,Performance,$\Delta t_{process} < \text{threshold}$,,0
P155,Trust Score Indicator,P.P155.3,Consistency,"$\forall i_1, i_2 : i_1 = i_2 \implies \text{output}(i_1) = \text{output}(i_2)$",,0
P155,Trust Score Indicator,P.P155.4,Usability,$\forall u : \text{usable}(u)$,,0
