pattern_id,pattern_name,component_name,component_type,notation,description
,,query,Query,query,defines the view computation
,,compute,Data ‚Üí Result,compute,executes the query
,,cache,Result,cache,stores computed result
,,refresh,Trigger ‚Üí Effect,refresh,updates materialized view
C1,Graph Structure,\lambda_n,N ‚Üí Label_n,\lambda_n,**node labeling function**
C1,Graph Structure,\lambda_e,E ‚Üí Label_e,\lambda_e,**edge labeling function**
P1,Direct Manipulation Canvas,viewport,Rectangle,viewport,visible area
P1,Direct Manipulation Canvas,objects,Set‚ü®Element‚ü©,objects,manipulable objects
P1,Direct Manipulation Canvas,cursor,Point,cursor,current cursor position
P1,Direct Manipulation Canvas,tools,Set‚ü®Tool‚ü©,tools,available interaction tools
P1,Direct Manipulation Canvas,state,"œÉ_1 ‚àà \{\text{idle}, \text{dragging},",state,\text{selecting}\}$
C2,Document/Artifact,input,Input,input,input to document/artifact
C2,Document/Artifact,process,Input ‚Üí Output,process,processing function
C2,Document/Artifact,output,Output,output,output from document/artifact
C2,Document/Artifact,display,Output ‚Üí Visual,display,display function
P2,Command Interface,input,String,input,command text
P2,Command Interface,parser,String ‚Üí Command | ParseError,parser,parses input
P2,Command Interface,executor,Command ‚Üí Result,executor,executes commands
P2,Command Interface,history,Sequence‚ü®String‚ü©,history,command history
C3,Symbolic Expression,root,Symbol,root,root node (operator or value)
C3,Symbolic Expression,children,Sequence‚ü®Tree‚ü©,children,child expressions
P3,Hierarchical Navigator,tree,Tree‚ü®Node‚ü©,tree,hierarchy
P3,Hierarchical Navigator,selection,Node | null,selection,current selection
P3,Hierarchical Navigator,expansion,Set‚ü®Node‚ü©,expansion,expanded nodes
P3,Hierarchical Navigator,breadcrumb,Sequence‚ü®Node‚ü©,breadcrumb,path to selection
C4,Metadata Schema,schema,"Map‚ü®String, Type‚ü©",schema,defines field types
C4,Metadata Schema,data,"Map‚ü®String, Value‚ü©",data,actual metadata
C4,Metadata Schema,validators,"Map‚ü®String, Predicate‚ü©",validators,validation rules
P4,Property Inspector,selection,Element | null,selection,inspected object
P4,Property Inspector,fields,"Map‚ü®String, Field‚ü©",fields,editable properties
P4,Property Inspector,validators,"Map‚ü®String, Validator‚ü©",validators,validate changes
P4,Property Inspector,commit,"(String, Value) ‚Üí Effect",commit,applies changes
C5,Version History,states,Sequence‚ü®State‚ü©,states,sequence of states
C5,Version History,deltas,Sequence‚ü®Delta‚ü©,deltas,sequence of changes
C5,Version History,branches,Tree‚ü®State‚ü©,branches,represents branch structure
F5,Collaborative Editing Flow,T,O \times O ‚Üí O,T,**transformation function**
F5,Collaborative Editing Flow,M,U ‚Üí Cursor,M,tracks **user presence**
P5,Tabbed Workspace,tabs,Sequence‚ü®Tab‚ü©,tabs,open tabs
P5,Tabbed Workspace,active,‚Ñï,active,active tab index
P5,Tabbed Workspace,buffers,"Map‚ü®Tab, Content‚ü©",buffers,stores tab contents
P5,Tabbed Workspace,state,"Map‚ü®Tab, State‚ü©",state,"stores tab states (dirty, saved)"
F6,Error Recovery Flow,detect,Operation ‚Üí Error | Success,detect,catches errors
F6,Error Recovery Flow,classify,Error ‚Üí ErrorType,classify,determines error category
F6,Error Recovery Flow,strategy,ErrorType ‚Üí RecoveryStrategy,strategy,selects recovery approach
F6,Error Recovery Flow,recover,"(Error, RecoveryStrategy) ‚Üí Effect",recover,executes recovery
P6,Palette/Toolbar,input,Input,input,input to palette/toolbar
P6,Palette/Toolbar,process,Input ‚Üí Output,process,processing function
P6,Palette/Toolbar,output,Output,output,output from palette/toolbar
P6,Palette/Toolbar,display,Output ‚Üí Visual,display,display function
P7,Breadcrumb Trail,path,Sequence‚ü®Node‚ü©,path,current location path
P7,Breadcrumb Trail,separators,String,separators,"visual separators (e.g., "" / "")"
P7,Breadcrumb Trail,actions,Node ‚Üí Effect,actions,defines click behavior
P8,Search-Based Navigation,query,String,query,search query
P8,Search-Based Navigation,index,Index‚ü®Item‚ü©,index,searchable index
P8,Search-Based Navigation,results,Sequence‚ü®Item‚ü©,results,ranked results
P8,Search-Based Navigation,ranker,"(Item, String) ‚Üí ‚Ñù",ranker,scores relevance
P9,Backlinks/References,input,Input,input,input to backlinks/references
P9,Backlinks/References,process,Input ‚Üí Output,process,processing function
P9,Backlinks/References,output,Output,output,output from backlinks/references
P9,Backlinks/References,display,Output ‚Üí Visual,display,display function
P10,Parser/Compiler Pipeline,input,Input,input,input to parser/compiler pipeline
P10,Parser/Compiler Pipeline,process,Input ‚Üí Output,process,processing function
P10,Parser/Compiler Pipeline,output,Output,output,output from parser/compiler pipeline
P10,Parser/Compiler Pipeline,display,Output ‚Üí Visual,display,display function
P11,Validator/Checker,input,Input,input,input to validator/checker
P11,Validator/Checker,process,Input ‚Üí Output,process,processing function
P11,Validator/Checker,output,Output,output,output from validator/checker
P11,Validator/Checker,display,Output ‚Üí Visual,display,display function
P12,Solver/Optimizer,input,Input,input,input to solver/optimizer
P12,Solver/Optimizer,process,Input ‚Üí Output,process,processing function
P12,Solver/Optimizer,output,Output,output,output from solver/optimizer
P12,Solver/Optimizer,display,Output ‚Üí Visual,display,display function
P13,Indexer/Query Engine,input,Input,input,input to indexer/query engine
P13,Indexer/Query Engine,process,Input ‚Üí Output,process,processing function
P13,Indexer/Query Engine,output,Output,output,output from indexer/query engine
P13,Indexer/Query Engine,display,Output ‚Üí Visual,display,display function
P14,Agent Swarm,agents,Set‚ü®Agent‚ü©,agents,autonomous workers
P14,Agent Swarm,tasks,Queue‚ü®Task‚ü©,tasks,pending tasks
P14,Agent Swarm,coord,Coordinator,coord,manages task distribution
P14,Agent Swarm,results,"Map‚ü®Task, Result‚ü©",results,stores completed results
P15,Reasoning Chain,steps,Sequence‚ü®Step‚ü©,steps,reasoning steps
P15,Reasoning Chain,state,"Map‚ü®‚Ñï, State‚ü©",state,tracks state at each step
P15,Reasoning Chain,deps,"Map‚ü®‚Ñï, Set‚ü®‚Ñï‚ü©‚ü©",deps,defines step dependencies
P15,Reasoning Chain,result,Result,result,final conclusion
P16,Suggestion/Recommendation System,input,Input,input,input to suggestion/recommendation system
P16,Suggestion/Recommendation System,process,Input ‚Üí Output,process,processing function
P16,Suggestion/Recommendation System,output,Output,output,output from suggestion/recommendation system
P16,Suggestion/Recommendation System,display,Output ‚Üí Visual,display,display function
P17,Key-Value Store,store,"Map‚ü®Key, Value‚ü©",store,storage
P17,Key-Value Store,get,Key ‚Üí Value | null,get,retrieves values
P17,Key-Value Store,set,Key √ó Value ‚Üí Effect,set,stores values
P17,Key-Value Store,delete,Key ‚Üí Effect,delete,removes entries
P18,Relational Database,tables,"Map‚ü®String, Table‚ü©",tables,data tables
P18,Relational Database,schemas,"Map‚ü®String, Schema‚ü©",schemas,define table structures
P18,Relational Database,constraints,Set‚ü®Constraint‚ü©,constraints,enforce integrity
P18,Relational Database,indices,"Map‚ü®(Table, Column), Index‚ü©",indices,speed queries
P19,Graph Database,nodes,Set‚ü®Node‚ü©,nodes,entities
P19,Graph Database,edges,Set‚ü®Edge‚ü©,edges,relationships
P19,Graph Database,props,"(Node | Edge) ‚Üí Map‚ü®String, Value‚ü©",props,properties
P19,Graph Database,traversal,Query ‚Üí Sequence‚ü®Path‚ü©,traversal,executes graph queries
P20,Document Store,collections,"Map‚ü®String, Set‚ü®Document‚ü©‚ü©",collections,group documents
P20,Document Store,documents,Set‚ü®Document‚ü©,documents,schema-free documents
P20,Document Store,queries,Query ‚Üí Set‚ü®Document‚ü©,queries,find documents
P20,Document Store,indices,"Map‚ü®Path, Index‚ü©",indices,speed queries
P21,Time-Series Store,series,"Map‚ü®String, TimeSeries‚ü©",series,named series
P21,Time-Series Store,timestamps,Sequence‚ü®Time‚ü©,timestamps,ordered timestamps
P21,Time-Series Store,values,"Map‚ü®Time, Value‚ü©",values,data points
P21,Time-Series Store,aggregations,"(Time, Time, Func) ‚Üí Value",aggregations,compute aggregates
P22,Event Bus,publishers,Set‚ü®Publisher‚ü©,publishers,emit events
P22,Event Bus,subscribers,"Map‚ü®Topic, Set‚ü®Subscriber‚ü©‚ü©",subscribers,listen for events
P22,Event Bus,topics,Set‚ü®Topic‚ü©,topics,event channels
P22,Event Bus,broker,"(Topic, Event) ‚Üí Effect",broker,routes events
P23,Real-Time Sync,local,State,local,local state
P23,Real-Time Sync,remote,State,remote,remote state
P23,Real-Time Sync,diff,State √ó State ‚Üí Delta,diff,computes differences
P23,Real-Time Sync,merge,State √ó Delta ‚Üí State,merge,applies changes
P23,Real-Time Sync,conflicts,Sequence‚ü®Conflict‚ü©,conflicts,tracks unresolved conflicts
P24,Request-Response API,endpoints,Set‚ü®Endpoint‚ü©,endpoints,API routes
P24,Request-Response API,handlers,"Map‚ü®Endpoint, Handler‚ü©",handlers,process requests
P24,Request-Response API,middleware,Sequence‚ü®Middleware‚ü©,middleware,request interceptors
P24,Request-Response API,responses,Request ‚Üí Response,responses,generates responses
P25,Streaming Protocol,producer,Producer,producer,generates data
P25,Streaming Protocol,consumer,Consumer,consumer,processes data
P25,Streaming Protocol,buffer,Queue‚ü®Chunk‚ü©,buffer,buffers data
P25,Streaming Protocol,backpressure,Signal,backpressure,controls flow rate
P25,Streaming Protocol,state,"\{\text{flowing}, \text{paused}, \text{ended}, \text{error}\}",state,stream state
P26,Status Bar/Indicator,state,State,state,current status bar/indicator state
P26,Status Bar/Indicator,measure,State ‚Üí Metric,measure,measurement function
P26,Status Bar/Indicator,visualize,Metric ‚Üí Visual,visualize,visualization function
P26,Status Bar/Indicator,update,Visual ‚Üí Effect,update,display update function
P27,Toast/Notification,input,Input,input,input to toast/notification
P27,Toast/Notification,process,Input ‚Üí Output,process,processing function
P27,Toast/Notification,output,Output,output,output from toast/notification
P27,Toast/Notification,display,Output ‚Üí Visual,display,display function
P28,Progress Indicator,current,‚Ñï,current,completed work
P28,Progress Indicator,total,‚Ñï,total,total work
P28,Progress Indicator,label,String,label,describes the task
P28,Progress Indicator,eta,Time,eta,estimated completion time
P28,Progress Indicator,state,"\{\text{running}, \text{paused}, \text{complete}, \text{error}\}",state,status
P29,Centralized State Store,store,State,store,application state (single source of truth)
P29,Centralized State Store,reducers,"Map‚ü®Action, Reducer‚ü©",reducers,update state
P29,Centralized State Store,selectors,"Map‚ü®String, Selector‚ü©",selectors,query state
P29,Centralized State Store,subscriptions,Set‚ü®Subscriber‚ü©,subscriptions,listen for changes
P30,Command Pattern,commands,Sequence‚ü®Command‚ü©,commands,executed commands
P30,Command Pattern,executor,Command ‚Üí Effect,executor,executes commands
P30,Command Pattern,undo\_stack,Stack‚ü®Command‚ü©,undo\_stack,for undo
P30,Command Pattern,redo\_stack,Stack‚ü®Command‚ü©,redo\_stack,for redo
P31,Observer Pattern,subject,Subject,subject,observed object
P31,Observer Pattern,observers,Set‚ü®Observer‚ü©,observers,listeners
P31,Observer Pattern,notify,() ‚Üí Effect,notify,notifies all observers
P32,Plugin Architecture,interface,Interface,interface,defines plugin contract
P32,Plugin Architecture,registry,"Map‚ü®ID, Plugin‚ü©",registry,stores loaded plugins
P32,Plugin Architecture,loader,Path ‚Üí Plugin,loader,loads plugins
P32,Plugin Architecture,lifecycle,Plugin ‚Üí Sequence‚ü®Phase‚ü©,lifecycle,manages plugin lifecycle
P33,Hook System,hooks,Set‚ü®HookPoint‚ü©,hooks,extension points
P33,Hook System,handlers,"Map‚ü®HookPoint, Sequence‚ü®Handler‚ü©‚ü©",handlers,registered handlers
P33,Hook System,register,"(HookPoint, Handler) ‚Üí Effect",register,registers handlers
P33,Hook System,invoke,"(HookPoint, Context) ‚Üí Effect",invoke,invokes handlers
P34,Strategy Pattern,interface,Interface,interface,defines algorithm contract
P34,Strategy Pattern,implementations,"Map‚ü®ID, Implementation‚ü©",implementations,concrete strategies
P34,Strategy Pattern,selector,Context ‚Üí ID,selector,chooses strategy
P34,Strategy Pattern,current,Implementation,current,active strategy
P35,Split-Pane Layout,R,"P ‚Üí [0,1]",R,maps panes to **proportional sizes**
P35,Split-Pane Layout,\delta_{35},"P \times P ‚Üí \{\text{splitter}, \text{null}\}",\delta_{35},indicates splitters
P35,Split-Pane Layout,\sigma_{35},"P ‚Üí \{\text{visible}, \text{collapsed}\}",\sigma_{35},**state function**
P36,Selection-Driven Panel,selection,Element | null,selection,currently selected object
P36,Selection-Driven Panel,content,Component,content,displayed content
P36,Selection-Driven Panel,\phi_{36},Element ‚Üí Component,\phi_{36},maps selection to content
P36,Selection-Driven Panel,observers,Set‚ü®Observer‚ü©,observers,watch selection changes
P37,Empty State Pattern,\epsilon_{37},"C ‚Üí \{\text{empty}, \text{populated}\}",\epsilon_{37},**emptiness predicate**
P38,Badge/Indicator Pattern,state,State,state,current badge/indicator pattern state
P38,Badge/Indicator Pattern,measure,State ‚Üí Metric,measure,measurement function
P38,Badge/Indicator Pattern,visualize,Metric ‚Üí Visual,visualize,visualization function
P38,Badge/Indicator Pattern,update,Visual ‚Üí Effect,update,display update function
P39,Contextual Action Menu,\pi_{39},"A \times C ‚Üí \{\text{visible}, \text{hidden}, \text{disabled}\}",\pi_{39},**availability**
P39,Contextual Action Menu,\sigma_{39},"M ‚Üí \{\text{open}, \text{closed}\}",\sigma_{39},**state**
P39,Contextual Action Menu,\delta_{39},M ‚Üí \mathbb{R}^2,\delta_{39},**positioning function**
P40,Mode Toggle System,\delta_{40},"M \times M ‚Üí \{\text{allowed}, \text{forbidden}\}",\delta_{40},**transition function**
P40,Mode Toggle System,\phi_{40},M ‚Üí UIConfig,\phi_{40},maps mode to **UI configuration**
P40,Mode Toggle System,\iota_{40},M ‚Üí Indicator,\iota_{40},provides **visual indicators**
P41,Inline Status Chip,\sigma_{41},States ‚Üí Styles,\sigma_{41},**styling function**
P41,Inline Status Chip,\alpha_{41},Chip ‚Üí Action,\alpha_{41},optional **click action**
P42,Tooltip/Hint System,input,Input,input,input to tooltip/hint system
P42,Tooltip/Hint System,process,Input ‚Üí Output,process,processing function
P42,Tooltip/Hint System,output,Output,output,output from tooltip/hint system
P42,Tooltip/Hint System,display,Output ‚Üí Visual,display,display function
P43,Application Navigation Drawer,O,S_{43} ‚Üí \mathbb{B},O,determines **overlay visibility**
P43,Application Navigation Drawer,\alpha_{43},S_{43} \times S_{43} ‚Üí Animation,\alpha_{43},**transition animation**
P43,Application Navigation Drawer,\pi_{43},C ‚Üí Route,\pi_{43},maps items to **routes**
P44,Keyboard Shortcut System,B,KeyCombo ‚Üí Action,B,**binding map**
P44,Keyboard Shortcut System,H,Action ‚Üí String,H,**hint display function**
P44,Keyboard Shortcut System,C,KeyCombo \times KeyCombo ‚Üí \mathbb{B},C,**conflict detector**
P44,Keyboard Shortcut System,P,Platform ‚Üí KeyMapping,P,**platform mapping**
P45,Drag and Drop Interaction,G,S ‚Üí Ghost,G,**ghost element function**
P45,Drag and Drop Interaction,F,"S \times T ‚Üí \{\text{accept}, \text{reject}\}",F,**acceptance predicate**
P45,Drag and Drop Interaction,\phi_{45},S \times T ‚Üí Effect,\phi_{45},**drop handler**
P46,Focus Management System,O,UI ‚Üí Sequence‚ü®Element‚ü©,O,**focus order function**
P46,Focus Management System,\tau_{46},"Element ‚Üí \{\text{tabbable}, \text{not\_tabbable}\}",\tau_{46},**tabbability**
P46,Focus Management System,R,Modal ‚Üí Element,R,**focus restoration function**
P46,Focus Management System,I,Element ‚Üí VisualIndicator,I,**indicator rendering**
P47,Inline Editing Pattern,\tau_{47},Event ‚Üí M,\tau_{47},**trigger function**
P47,Inline Editing Pattern,\phi_{47},Value \times Value ‚Üí Effect,\phi_{47},**commit handler**
P47,Inline Editing Pattern,\psi_{47},() ‚Üí Effect,\psi_{47},**cancel handler**
P48,Form Validation Pattern,fields,"Map‚ü®String, Field‚ü©",fields,form fields
P48,Form Validation Pattern,rules,"Map‚ü®String, Validator‚ü©",rules,validation rules
P48,Form Validation Pattern,state,"Map‚ü®String, ValidationState‚ü©",state,tracks validation status
P48,Form Validation Pattern,errors,"Map‚ü®String, Sequence‚ü®String‚ü©‚ü©",errors,stores error messages
P49,Multi-Step Form (Wizard) Pattern,steps,Sequence‚ü®Step‚ü©,steps,form steps
P49,Multi-Step Form (Wizard) Pattern,current,‚Ñï,current,active step index
P49,Multi-Step Form (Wizard) Pattern,data,"Map‚ü®String, Value‚ü©",data,accumulates form data
P49,Multi-Step Form (Wizard) Pattern,nav,Navigation,nav,controls step transitions
P49,Multi-Step Form (Wizard) Pattern,progress,‚Ñï/‚Ñï,progress,shows completion progress
P50,Form Dependency Pattern,fields,"Map‚ü®String, Field‚ü©",fields,form fields
P50,Form Dependency Pattern,deps,"Map‚ü®String, Set‚ü®String‚ü©‚ü©",deps,defines dependencies
P50,Form Dependency Pattern,update,String √ó Value ‚Üí Effect,update,propagates changes
P50,Form Dependency Pattern,cascade,ùîπ,cascade,enables cascading updates
P51,Responsive Layout Pattern (NEW),breakpoints,"Sequence‚ü®(width: ‚Ñù, name: String)‚ü©",breakpoints,define size thresholds
P51,Responsive Layout Pattern (NEW),layouts,"Map‚ü®String, Layout‚ü©",layouts,map breakpoint names to layouts
P51,Responsive Layout Pattern (NEW),current,String,current,active layout name
P52,Pagination Pattern,data,Sequence‚ü®Item‚ü©,data,full dataset
P52,Pagination Pattern,page,‚Ñï,page,current page number (1-indexed)
P52,Pagination Pattern,size,‚Ñï,size,items per page
P52,Pagination Pattern,total,‚Ñï,total,total item count
P52,Pagination Pattern,nav,Navigation,nav,provides navigation controls
P53,Filtering Pattern,data,Set‚ü®Item‚ü©,data,full dataset
P53,Filtering Pattern,filters,"Map‚ü®String, Filter‚ü©",filters,available filters
P53,Filtering Pattern,active,"Map‚ü®String, FilterValue‚ü©",active,active filters
P53,Filtering Pattern,result,Set‚ü®Item‚ü©,result,filtered result
P53,Filtering Pattern,facets,"Map‚ü®String, Facet‚ü©",facets,shows filter counts
P54,Sorting Pattern,data,Sequence‚ü®Item‚ü©,data,dataset
P54,Sorting Pattern,columns,Sequence‚ü®Column‚ü©,columns,sortable columns
P54,Sorting Pattern,order,"Sequence‚ü®(Column, Direction)‚ü©",order,sort specification
P54,Sorting Pattern,comparator,"Item √ó Item ‚Üí \{-1, 0, 1\}",comparator,comparison function
P55,Virtualization Pattern,data,Sequence‚ü®Item‚ü©,data,full dataset
P55,Virtualization Pattern,viewport,Rectangle,viewport,visible area
P55,Virtualization Pattern,item\_height,Item ‚Üí ‚Ñù,item\_height,calculates item height
P55,Virtualization Pattern,buffer,‚Ñï,buffer,number of items to pre-render beyond viewport
P55,Virtualization Pattern,visible,Sequence‚ü®Item‚ü©,visible,currently rendered items
P56,Cache Strategy Pattern,storage,"Map‚ü®Key, (Value, Metadata)‚ü©",storage,cache store
P56,Cache Strategy Pattern,policy,EvictionPolicy,policy,determines what to evict
P56,Cache Strategy Pattern,ttl,Key ‚Üí Duration,ttl,defines time-to-live
P56,Cache Strategy Pattern,evict,() ‚Üí Effect,evict,removes stale entries
P57,Data Migration Pattern,versions,Sequence‚ü®Version‚ü©,versions,schema versions
P57,Data Migration Pattern,migrations,"Map‚ü®(Version, Version), Migration‚ü©",migrations,define transitions
P57,Data Migration Pattern,current,Version,current,active version
P57,Data Migration Pattern,rollback,Migration ‚Üí Migration,rollback,reverses migrations
P58,Authentication Pattern,users,"Map‚ü®UserID, User‚ü©",users,registered users
P58,Authentication Pattern,credentials,"Map‚ü®UserID, HashedPassword‚ü©",credentials,store credentials
P58,Authentication Pattern,sessions,"Map‚ü®SessionID, Session‚ü©",sessions,track active sessions
P58,Authentication Pattern,verify,"(UserID, Password) ‚Üí ùîπ",verify,validates credentials
P58,Authentication Pattern,tokens,"Map‚ü®Token, UserID‚ü©",tokens,map tokens to users
P59,Authorization Pattern,subjects,Set‚ü®Subject‚ü©,subjects,"actors (users, services)"
P59,Authorization Pattern,objects,Set‚ü®Object‚ü©,objects,resources
P59,Authorization Pattern,permissions,Set‚ü®Permission‚ü©,permissions,allowed actions
P59,Authorization Pattern,policies,Subject \times Object \times Action ‚Üí \mathbb{B},policies,define rules
P59,Authorization Pattern,check,"(Subject, Object, Action) ‚Üí \mathbb{B}",check,evaluates access
P60,Input Sanitization Pattern,validators,"Map‚ü®InputType, Validator‚ü©",validators,check input validity
P60,Input Sanitization Pattern,sanitizers,"Map‚ü®InputType, Sanitizer‚ü©",sanitizers,clean input
P60,Input Sanitization Pattern,encoders,"Map‚ü®Context, Encoder‚ü©",encoders,encode for safe output
P60,Input Sanitization Pattern,rules,Set‚ü®SecurityRule‚ü©,rules,define security constraints
P61,Unit Test Pattern,sut,System,sut,**system under test** (unit being tested)
P61,Unit Test Pattern,arrange,() ‚Üí Context,arrange,sets up test preconditions
P61,Unit Test Pattern,act,Context ‚Üí Result,act,exercises the unit
P61,Unit Test Pattern,assert,Result ‚Üí \mathbb{B},assert,verifies expectations
P61,Unit Test Pattern,cleanup,Context ‚Üí Effect,cleanup,tears down test state
P62,Integration Test Pattern,components,Set‚ü®Component‚ü©,components,integrated components
P62,Integration Test Pattern,interactions,Sequence‚ü®Interaction‚ü©,interactions,component communications
P62,Integration Test Pattern,environment,Environment,environment,"test environment (DB, API, etc.)"
P62,Integration Test Pattern,verify,() ‚Üí \mathbb{B},verify,checks end-to-end behavior
P63,End-to-End Test Pattern,scenario,UserStory,scenario,user scenario being tested
P63,End-to-End Test Pattern,browser,Browser,browser,automated browser
P63,End-to-End Test Pattern,pages,"Map‚ü®String, PageObject‚ü©",pages,represent UI pages
P63,End-to-End Test Pattern,assertions,Sequence‚ü®Assertion‚ü©,assertions,verify expected outcomes
P63,End-to-End Test Pattern,data,TestData,data,test data for the scenario
P64,Generative UI,T_{lib},Set‚ü®ComponentTemplate‚ü©,T_{lib},library of UI component templates
P64,Generative UI,ctx,Context,ctx,current application context and state
P64,Generative UI,gen,Context ‚Üí ComponentSpec,gen,AI generator function that selects/configures components
P64,Generative UI,render,ComponentSpec ‚Üí UIElement,render,rendering function that creates UI from spec
P64,Generative UI,stream,Stream‚ü®Token‚ü©,stream,token stream from LLM for progressive generation
P65,Streaming Component,\tau_{stream},Stream‚ü®Token‚ü©,\tau_{stream},incoming token stream from LLM
P65,Streaming Component,buf,BoundedQueue‚ü®Token‚ü©,buf,buffer for token accumulation
P65,Streaming Component,Q_{render},Queue‚ü®RenderTask‚ü©,Q_{render},render task queue for async updates
P65,Streaming Component,sync,State ‚Üí Effect,sync,synchronization mechanism for UI updates
P66,Context-Adaptive Interface,U_{state},ApplicationState,U_{state},current application state
P66,Context-Adaptive Interface,T_{ctx},Context ‚Üí ContextVector,T_{ctx},context extraction and encoding function
P66,Context-Adaptive Interface,T_{ui},Set‚ü®UIVariant‚ü©,T_{ui},set of UI variants for different contexts
P66,Context-Adaptive Interface,R_{adapt},ContextVector ‚Üí UIVariant,R_{adapt},adaptation function mapping context to UI
P67,Progressive Disclosure by AI,H_{info},Hierarchy‚ü®InfoNode‚ü©,H_{info},hierarchical structure of information to disclose
P67,Progressive Disclosure by AI,score_{rel},"InfoNode ‚Üí [0,1]",score_{rel},relevance scoring function for each node
P67,Progressive Disclosure by AI,\sigma_{disc},DisclosureStrategy,\sigma_{disc},strategy for progressive information revelation
P68,Agent Team Visualization,A_{roster},Set‚ü®Agent‚ü©,A_{roster},current team of active agents
P68,Agent Team Visualization,R_{roles},Agent ‚Üí Role,R_{roles},role assignment mapping for each agent
P68,Agent Team Visualization,S_{status},Agent ‚Üí Status,S_{status},current status of each agent
P68,Agent Team Visualization,C_{coord},Set‚ü®Coordination‚ü©,C_{coord},coordination relationships between agents
P69,Agent Activity Timeline,Events,Seq‚ü®Event‚ü©,Events,chronological sequence of agent events
P69,Agent Activity Timeline,Timeline,Time ‚Üí Set‚ü®Event‚ü©,Timeline,temporal mapping of events
P69,Agent Activity Timeline,Agents,Set‚ü®Agent‚ü©,Agents,set of agents being tracked
P69,Agent Activity Timeline,Actions,Event ‚Üí ActionType,Actions,classification of event types
P70,Agent Handoff,A_{from},Agent,A_{from},source agent initiating handoff
P70,Agent Handoff,A_{to},Agent,A_{to},target agent receiving handoff
P70,Agent Handoff,\Sigma_{state},State,\Sigma_{state},state being transferred between agents
P70,Agent Handoff,T_{transfer},TransferProtocol,T_{transfer},protocol for state transfer
P70,Agent Handoff,V_{verify},State ‚Üí Boolean,V_{verify},verification function for transfer integrity
P71,Orchestration Dashboard,W_{flow},WorkflowGraph,W_{flow},DAG representing orchestration workflow
P71,Orchestration Dashboard,A_{agents},Set‚ü®Agent‚ü©,A_{agents},set of orchestrated agents
P71,Orchestration Dashboard,M_{metrics},Metrics,M_{metrics},real-time performance metrics
P71,Orchestration Dashboard,C_{control},Set‚ü®Control‚ü©,C_{control},user controls for orchestration
P72,Agent Role Selector,R_{available},Set‚ü®Role‚ü©,R_{available},set of available agent roles
P72,Agent Role Selector,T_{task},TaskSpec,T_{task},task specification requiring role assignment
P72,Agent Role Selector,M_{match},"Role √ó Task ‚Üí [0,1]",M_{match},role-task matching score function
P72,Agent Role Selector,A_{assign},"(Role, Task) ‚Üí Agent",A_{assign},assignment function mapping role to agent
P73,Composite Action,A_{atomic},Set‚ü®AtomicAction‚ü©,A_{atomic},set of atomic actions to compose
P73,Composite Action,compose,Seq‚ü®Action‚ü© ‚Üí CompositeAction,compose,composition function creating compound action
P73,Composite Action,exec,CompositeAction ‚Üí Result,exec,execution function for composite action
P73,Composite Action,rollback,CompositeAction ‚Üí Effect,rollback,rollback function for failed composites
P75,Proactive Intervention,P_{predict},Context ‚Üí Prediction,P_{predict},prediction function for user needs
P75,Proactive Intervention,T_{timing},Prediction ‚Üí Time,T_{timing},optimal timing function for intervention
P75,Proactive Intervention,A_{action},Prediction ‚Üí Action,A_{action},action selection function
P75,Proactive Intervention,U_{user},UserState,U_{user},current user state and cognitive load
P76,Ambient AI,C_{aware},Component,C_{aware},Component C_{aware} from tuple definition
P76,Ambient AI,P_{cont},Component,P_{cont},Component P_{cont} from tuple definition
P76,Ambient AI,I_{subtle},Component,I_{subtle},Component I_{subtle} from tuple definition
P76,Ambient AI,E_{bg},Component,E_{bg},Component E_{bg} from tuple definition
P77,Intelligent Interruption,S_{load},Component,S_{load},Component S_{load} from tuple definition
P77,Intelligent Interruption,D_{boundary},Component,D_{boundary},Component D_{boundary} from tuple definition
P77,Intelligent Interruption,score_{urgency},Component,score_{urgency},Component score_{urgency} from tuple definition
P77,Intelligent Interruption,Sched,Component,Sched,Component Sched from tuple definition
P78,Background Task Management,Q_{tasks},Component,Q_{tasks},Component Q_{tasks} from tuple definition
P78,Background Task Management,I_{progress},Component,I_{progress},Component I_{progress} from tuple definition
P78,Background Task Management,N_{complete},Component,N_{complete},Component N_{complete} from tuple definition
P78,Background Task Management,S_{results},Component,S_{results},Component S_{results} from tuple definition
P79,Anticipatory Action,P_{intent},Component,P_{intent},Component P_{intent} from tuple definition
P79,Anticipatory Action,Prep_{res},Component,Prep_{res},Component Prep_{res} from tuple definition
P79,Anticipatory Action,E_{spec},Component,E_{spec},Component E_{spec} from tuple definition
P79,Anticipatory Action,V_{gate},Component,V_{gate},Component V_{gate} from tuple definition
P80,Voice Conversation,I_{speech},AudioStream,I_{speech},continuous audio input stream from user
P80,Voice Conversation,R_{intent},Intent \times Confidence,R_{intent},recognized intent with confidence score
P80,Voice Conversation,M_{dialog},List‚ü®Turn‚ü©,M_{dialog},conversation history and dialog state
P80,Voice Conversation,O_{speech},AudioStream,O_{speech},synthesized speech output to user
P80,Voice Conversation,H_{int},"\{\text{listening}, \text{processing}, \text{speaking}, \text{idle}\}",H_{int},current interaction state
P81,Voice Command with Visual Feedback,I_{voice},Component,I_{voice},Component I_{voice} from tuple definition
P81,Voice Command with Visual Feedback,D_{trans},Component,D_{trans},Component D_{trans} from tuple definition
P81,Voice Command with Visual Feedback,V_{intent},Component,V_{intent},Component V_{intent} from tuple definition
P81,Voice Command with Visual Feedback,UI_{confirm},Component,UI_{confirm},Component UI_{confirm} from tuple definition
P82,Multimodal Input Fusion,I_{voice},Component,I_{voice},Component I_{voice} from tuple definition
P82,Multimodal Input Fusion,I_{gesture},Component,I_{gesture},Component I_{gesture} from tuple definition
P82,Multimodal Input Fusion,I_{screen},Component,I_{screen},Component I_{screen} from tuple definition
P82,Multimodal Input Fusion,E_{fusion},Component,E_{fusion},Component E_{fusion} from tuple definition
P82,Multimodal Input Fusion,Intent_{unified},Component,Intent_{unified},Component Intent_{unified} from tuple definition
P83,Voice-First Navigation,C_{voice},Component,C_{voice},Component C_{voice} from tuple definition
P83,Voice-First Navigation,G_{nav},Component,G_{nav},Component G_{nav} from tuple definition
P83,Voice-First Navigation,S_{shortcuts},Component,S_{shortcuts},Component S_{shortcuts} from tuple definition
P83,Voice-First Navigation,M_{confirm},Component,M_{confirm},Component M_{confirm} from tuple definition
P84,Continuous Dictation,T_{stream},Component,T_{stream},Component T_{stream} from tuple definition
P84,Continuous Dictation,D_{struct},Component,D_{struct},Component D_{struct} from tuple definition
P84,Continuous Dictation,F_{auto},Component,F_{auto},Component F_{auto} from tuple definition
P84,Continuous Dictation,M_{punct},Component,M_{punct},Component M_{punct} from tuple definition
P85,Voice Disambiguation,D_{ambig},Component,D_{ambig},Component D_{ambig} from tuple definition
P85,Voice Disambiguation,G_{clarify},Component,G_{clarify},Component G_{clarify} from tuple definition
P85,Voice Disambiguation,P_{choices},Component,P_{choices},Component P_{choices} from tuple definition
P85,Voice Disambiguation,R_{ctx},Component,R_{ctx},Component R_{ctx} from tuple definition
P86,Approval Checkpoint,T_{checkpoint},Component,T_{checkpoint},Component T_{checkpoint} from tuple definition
P86,Approval Checkpoint,G_{preview},Component,G_{preview},Component G_{preview} from tuple definition
P86,Approval Checkpoint,UI_{approve},Component,UI_{approve},Component UI_{approve} from tuple definition
P86,Approval Checkpoint,Gate_{exec},Component,Gate_{exec},Component Gate_{exec} from tuple definition
P87,Agency Slider,Spectrum_{control},Component,Spectrum_{control},Component Spectrum_{control} from tuple definition
P87,Agency Slider,Level_{current},Component,Level_{current},Component Level_{current} from tuple definition
P87,Agency Slider,Sens_{ctx},Component,Sens_{ctx},Component Sens_{ctx} from tuple definition
P87,Agency Slider,Adj_{dynamic},Component,Adj_{dynamic},Component Adj_{dynamic} from tuple definition
P88,Collaboration Mode Switcher,Modes,Component,Modes,Component Modes from tuple definition
P88,Collaboration Mode Switcher,T_{transition},Component,T_{transition},Component T_{transition} from tuple definition
P88,Collaboration Mode Switcher,P_{state},Component,P_{state},Component P_{state} from tuple definition
P88,Collaboration Mode Switcher,I_{mode},Component,I_{mode},Component I_{mode} from tuple definition
P89,Confidence Indicator,Score_{conf},Component,Score_{conf},Component Score_{conf} from tuple definition
P89,Confidence Indicator,V_{vis},Component,V_{vis},Component V_{vis} from tuple definition
P89,Confidence Indicator,Alert_{threshold},Component,Alert_{threshold},Component Alert_{threshold} from tuple definition
P89,Confidence Indicator,Link_{explain},Component,Link_{explain},Component Link_{explain} from tuple definition
P90,Explanation on Demand,Trace_{reason},Component,Trace_{reason},Component Trace_{reason} from tuple definition
P90,Explanation on Demand,G_{explain},Component,G_{explain},Component G_{explain} from tuple definition
P90,Explanation on Demand,P_{present},Component,P_{present},Component P_{present} from tuple definition
P90,Explanation on Demand,Levels_{detail},Component,Levels_{detail},Component Levels_{detail} from tuple definition
P91,Intervention Request,D_{stuck},Component,D_{stuck},Component D_{stuck} from tuple definition
P91,Intervention Request,R_{help},Component,R_{help},Component R_{help} from tuple definition
P91,Intervention Request,Prov_{ctx},Component,Prov_{ctx},Component Prov_{ctx} from tuple definition
P91,Intervention Request,Resp_{human},Component,Resp_{human},Component Resp_{human} from tuple definition
P92,Contextual Undo/Rollback,H_{actions},Component,H_{actions},Component H_{actions} from tuple definition
P92,Contextual Undo/Rollback,Snap_{state},Component,Snap_{state},Component Snap_{state} from tuple definition
P92,Contextual Undo/Rollback,Track_{dep},Component,Track_{dep},Component Track_{dep} from tuple definition
P92,Contextual Undo/Rollback,Prev_{undo},Component,Prev_{undo},Component Prev_{undo} from tuple definition
P93,Agent Thinking Indicator,P_{reasoning},Component,P_{reasoning},Component P_{reasoning} from tuple definition
P93,Agent Thinking Indicator,V_{display},Component,V_{display},Component V_{display} from tuple definition
P93,Agent Thinking Indicator,Phase_{current},Component,Phase_{current},Component Phase_{current} from tuple definition
P94,Tool Execution Visualization,T_{active},Component,T_{active},Component T_{active} from tuple definition
P94,Tool Execution Visualization,P_{progress},Component,P_{progress},Component P_{progress} from tuple definition
P94,Tool Execution Visualization,R_{results},Component,R_{results},Component R_{results} from tuple definition
P94,Tool Execution Visualization,E_{errors},Component,E_{errors},Component E_{errors} from tuple definition
P95,Multi-Step Progress,Steps,Component,Steps,Component Steps from tuple definition
P95,Multi-Step Progress,Current,Component,Current,Component Current from tuple definition
P95,Multi-Step Progress,Completed,Component,Completed,Component Completed from tuple definition
P95,Multi-Step Progress,Remaining,Component,Remaining,Component Remaining from tuple definition
P96,Real-Time Confidence Display,Conf_{stream},Component,Conf_{stream},Component Conf_{stream} from tuple definition
P96,Real-Time Confidence Display,Update_{live},Component,Update_{live},Component Update_{live} from tuple definition
P96,Real-Time Confidence Display,Threshold_{alert},Component,Threshold_{alert},Component Threshold_{alert} from tuple definition
P97,Resource Usage Indicator,API_{calls},Component,API_{calls},Component API_{calls} from tuple definition
P97,Resource Usage Indicator,Tokens_{used},Component,Tokens_{used},Component Tokens_{used} from tuple definition
P97,Resource Usage Indicator,Cost_{current},Component,Cost_{current},Component Cost_{current} from tuple definition
P97,Resource Usage Indicator,Limits,Component,Limits,Component Limits from tuple definition
P98,Agent State Timeline,States,Component,States,Component States from tuple definition
P98,Agent State Timeline,Decisions,Component,Decisions,Component Decisions from tuple definition
P98,Agent State Timeline,Transitions,Component,Transitions,Component Transitions from tuple definition
P98,Agent State Timeline,History,Component,History,Component History from tuple definition
P99,Knowledge Graph Explorer,G,Component,G,Component G from tuple definition
P99,Knowledge Graph Explorer,N_{focus},Component,N_{focus},Component N_{focus} from tuple definition
P99,Knowledge Graph Explorer,Traverse,Component,Traverse,Component Traverse from tuple definition
P99,Knowledge Graph Explorer,Filter,Component,Filter,Component Filter from tuple definition
P99,Knowledge Graph Explorer,Layout,Component,Layout,Component Layout from tuple definition
P100,Source Citation,Sources,Set‚ü®Source‚ü©,Sources,set of source documents with metadata
P100,Source Citation,Inline_{refs},"Map‚ü®TextSpan, SourceId‚ü©",Inline_{refs},mapping from content spans to sources
P100,Source Citation,Links,Set‚ü®URI‚ü©,Links,hyperlinks to original sources
P100,Source Citation,Verification,SourceId ‚Üí Boolean,Verification,verifies source accessibility and validity
P101,Retrieval Path Visualization,Query,String √ó Embedding,Query,user query with vector embedding
P101,Retrieval Path Visualization,Path_{retrieval},Seq‚ü®Node √ó Edge‚ü©,Path_{retrieval},sequence of nodes and edges traversed in graph
P101,Retrieval Path Visualization,Nodes_{visited},Set‚ü®Node‚ü©,Nodes_{visited},all nodes explored during retrieval
P101,Retrieval Path Visualization,Score_{relevance},"Node ‚Üí [0,1]",Score_{relevance},relevance score for each node
P102,Confidence-Based Highlighting,Text,Seq‚ü®TextSpan‚ü©,Text,sequence of text segments
P102,Confidence-Based Highlighting,Conf_{scores},"TextSpan ‚Üí [0,1]",Conf_{scores},confidence mapping for each span
P102,Confidence-Based Highlighting,Colors,"[0,1] ‚Üí RGB",Colors,color scale from low to high confidence
P102,Confidence-Based Highlighting,Thresholds,Seq‚ü®‚Ñù‚ü©,Thresholds,confidence thresholds for coloring tiers
P103,Multi-Source Reconciliation,Sources,Set‚ü®Source √ó Claim‚ü©,Sources,multiple sources making potentially conflicting claims
P103,Multi-Source Reconciliation,Conflicts,Set‚ü®Claim √ó Claim √ó ConflictType‚ü©,Conflicts,detected contradictions between sources
P103,Multi-Source Reconciliation,Resolution,Conflict ‚Üí ResolvedClaim,Resolution,strategy for resolving conflicts
P103,Multi-Source Reconciliation,Display,ResolvedClaim ‚Üí Visualization,Display,how to present reconciled information
P104,Graph Query Builder,G,"Graph‚ü®V, E‚ü©",G,underlying knowledge graph
P104,Graph Query Builder,Q_{visual},VisualQuery,Q_{visual},visual pattern representation
P104,Graph Query Builder,Cypher,String,Cypher,generated query language text
P104,Graph Query Builder,Execute,Cypher ‚Üí ResultSet,Execute,query execution function
P105,Semantic Similarity Visualizer,Concepts,Set‚ü®Concept‚ü©,Concepts,set of semantic concepts to compare
P105,Semantic Similarity Visualizer,Sim_{matrix},"Concept √ó Concept ‚Üí [0,1]",Sim_{matrix},pairwise similarity scores
P105,Semantic Similarity Visualizer,Layout,Concept ‚Üí ‚Ñù¬≤,Layout,2D spatial positioning of concepts
P105,Semantic Similarity Visualizer,Threshold,"‚Ñù ‚àà [0,1]",Threshold,minimum similarity to display connection
P106,Auto-Updating Content,Content,Component,Content,Component Content from tuple definition
P106,Auto-Updating Content,Sources,Component,Sources,Component Sources from tuple definition
P106,Auto-Updating Content,Monitor,Component,Monitor,Component Monitor from tuple definition
P106,Auto-Updating Content,Update_{trigger},Component,Update_{trigger},Component Update_{trigger} from tuple definition
P107,Suggested Edits,Content,Document,Content,original document content to be improved
P107,Suggested Edits,Improvements,Set‚ü®Edit‚ü©,Improvements,set of AI-suggested edits with rationale
P107,Suggested Edits,Confidence,"Edit ‚Üí [0,1]",Confidence,confidence score for each suggested edit
P107,Suggested Edits,Approval,"Edit ‚Üí \{\text{pending}, \text{accepted}, \text{rejected}\}",Approval,approval state for each edit
P108,Cross-Document Linking,Docs,Set‚ü®Document‚ü©,Docs,collection of interrelated documents
P108,Cross-Document Linking,Relationships,Set‚ü®Link‚ü©,Relationships,semantic relationships between documents
P108,Cross-Document Linking,Auto_{link},"(Document √ó Document) ‚Üí [0,1]",Auto_{link},AI-computed relevance score for linking
P108,Cross-Document Linking,Display,Link ‚Üí Visualization,Display,how links are rendered in UI
P109,Outdated Content Detection,Content,Document,Content,document content to be checked for staleness
P109,Outdated Content Detection,Sources,Set‚ü®Source √ó Timestamp‚ü©,Sources,external sources with last-checked timestamps
P109,Outdated Content Detection,Freshness,ContentSpan ‚Üí ‚Ñù,Freshness,freshness score per content segment (higher = fresher)
P109,Outdated Content Detection,Alerts,Set‚ü®Alert‚ü©,Alerts,detected outdated content notifications
P110,Collaborative Document Intelligence,Agents,Set‚ü®Agent‚ü©,Agents,multiple AI agents collaborating on document
P110,Collaborative Document Intelligence,Document,SharedDocument,Document,shared document state with version control
P110,Collaborative Document Intelligence,Contributions,Seq‚ü®Contribution‚ü©,Contributions,ordered sequence of agent contributions
P110,Collaborative Document Intelligence,Coordination,Agent √ó Agent ‚Üí Protocol,Coordination,coordination mechanism between agents
P111,Document Evolution Timeline,Versions,Seq‚ü®Version‚ü©,Versions,chronologically ordered document versions
P111,Document Evolution Timeline,Changes,Version √ó Version ‚Üí Delta,Changes,computed diff between consecutive versions
P111,Document Evolution Timeline,Contributors,Version ‚Üí Set‚ü®Actor‚ü©,Contributors,humans and AI agents that modified each version
P111,Document Evolution Timeline,Timestamps,Version ‚Üí Time,Timestamps,temporal mapping of versions
P112,Event Stream Visualization,Events,Stream‚ü®Event‚ü©,Events,real-time stream of events
P112,Event Stream Visualization,Timeline,Time ‚Üí Set‚ü®Event‚ü©,Timeline,temporal index of events
P112,Event Stream Visualization,Filter,Event ‚Üí Boolean,Filter,predicate to filter events
P112,Event Stream Visualization,Aggregation,Seq‚ü®Event‚ü© ‚Üí Aggregate,Aggregation,grouping and summarization of events
P113,Event Replay Control,History,Seq‚ü®Event‚ü©,History,recorded sequence of past events
P113,Event Replay Control,Selector,(Event ‚Üí Boolean) √ó TimeRange,Selector,predicate and time range for replay selection
P113,Event Replay Control,Playback,PlaybackControl,Playback,"controls for playback speed, pause, step"
P113,Event Replay Control,State_{restore},Seq‚ü®Event‚ü© ‚Üí State,State_{restore},reconstructs system state from event sequence
P114,Stream Backpressure,Stream,Stream‚ü®Event‚ü©,Stream,incoming event stream with variable rate
P114,Stream Backpressure,Buffer,BoundedQueue‚ü®Event‚ü©,Buffer,bounded buffer for temporary storage
P114,Stream Backpressure,Rate_{control},‚Ñï √ó Time,Rate_{control},maximum events per time unit
P114,Stream Backpressure,Drop_{strategy},Strategy,Drop_{strategy},policy for dropping events when overwhelmed
P115,Event-Driven State Updates,State,ApplicationState,State,current application state
P115,Event-Driven State Updates,Event_{stream},Stream‚ü®Event‚ü©,Event_{stream},incoming event stream triggering updates
P115,Event-Driven State Updates,Reducer,State √ó Event ‚Üí State,Reducer,pure function computing state transitions
P115,Event-Driven State Updates,UI_{sync},State ‚Üí Effect,UI_{sync},synchronizes UI with state changes
P116,Multi-Stream Coordination UI,Streams,Set‚ü®Stream‚ü®Event‚ü©‚ü©,Streams,multiple independent event streams
P116,Multi-Stream Coordination UI,Sync,SyncStrategy,Sync,time synchronization strategy for streams
P116,Multi-Stream Coordination UI,Merge,Set‚ü®Stream‚ü© ‚Üí Stream,Merge,combines multiple streams into unified stream
P116,Multi-Stream Coordination UI,Display,Stream ‚Üí Visualization,Display,visualization of merged stream
P117,Event Filter & Query,Stream,Stream‚ü®Event‚ü©,Stream,event stream to be queried
P117,Event Filter & Query,Filters,Set‚ü®Predicate‚ü©,Filters,collection of filter predicates
P117,Event Filter & Query,Query_{language},QueryLanguage,Query_{language},domain-specific query language for events
P117,Event Filter & Query,Results,Stream‚ü®Event‚ü©,Results,filtered/queried result stream
P118,Domain Context Switcher,Domains,Component,Domains,Component Domains from tuple definition
P118,Domain Context Switcher,Context_{current},Component,Context_{current},Component Context_{current} from tuple definition
P118,Domain Context Switcher,Switch,Component,Switch,Component Switch from tuple definition
P118,Domain Context Switcher,Preserve_{state},Component,Preserve_{state},Component Preserve_{state} from tuple definition
P119,Cross-Domain Integration View,Domains,Set‚ü®Domain‚ü©,Domains,collection of distinct business/data domains
P119,Cross-Domain Integration View,Data_{integrated},Domain ‚Üí DataSet,Data_{integrated},integrated data from each domain
P119,Cross-Domain Integration View,Relationships,Set‚ü®CrossDomainLink‚ü©,Relationships,relationships spanning domain boundaries
P119,Cross-Domain Integration View,Unified_{display},Visualization,Unified_{display},unified view integrating all domains
P120,Domain-Specific Agent Activation,Domain,Component,Domain,Component Domain from tuple definition
P120,Domain-Specific Agent Activation,Agents_{specialist},Component,Agents_{specialist},Component Agents_{specialist} from tuple definition
P120,Domain-Specific Agent Activation,Activation,Component,Activation,Component Activation from tuple definition
P120,Domain-Specific Agent Activation,Context,Component,Context,Component Context from tuple definition
P121,Context Preservation Across Domains,Context,Component,Context,Component Context from tuple definition
P121,Context Preservation Across Domains,Domain_{src},Component,Domain_{src},Component Domain_{src} from tuple definition
P121,Context Preservation Across Domains,Domain_{tgt},Component,Domain_{tgt},Component Domain_{tgt} from tuple definition
P121,Context Preservation Across Domains,Transform,Component,Transform,Component Transform from tuple definition
P122,Multi-Domain Dashboard,Domains,Component,Domains,Component Domains from tuple definition
P122,Multi-Domain Dashboard,Metrics,Component,Metrics,Component Metrics from tuple definition
P122,Multi-Domain Dashboard,Aggregation,Component,Aggregation,Component Aggregation from tuple definition
P122,Multi-Domain Dashboard,Layout,Component,Layout,Component Layout from tuple definition
P123,Domain Boundary Indicator,Domain_{current},Component,Domain_{current},Component Domain_{current} from tuple definition
P123,Domain Boundary Indicator,Scope,Component,Scope,Component Scope from tuple definition
P123,Domain Boundary Indicator,Visual_{cue},Component,Visual_{cue},Component Visual_{cue} from tuple definition
P123,Domain Boundary Indicator,Alerts,Component,Alerts,Component Alerts from tuple definition
P124,Agent Trace Viewer,Execution,Component,Execution,Component Execution from tuple definition
P124,Agent Trace Viewer,Steps,Component,Steps,Component Steps from tuple definition
P124,Agent Trace Viewer,Branch_{decisions},Component,Branch_{decisions},Component Branch_{decisions} from tuple definition
P124,Agent Trace Viewer,Visualization,Component,Visualization,Component Visualization from tuple definition
P125,Decision Explanation,Decision,Component,Decision,Component Decision from tuple definition
P125,Decision Explanation,Reasoning,Component,Reasoning,Component Reasoning from tuple definition
P125,Decision Explanation,Factors,Component,Factors,Component Factors from tuple definition
P125,Decision Explanation,Alternatives,Component,Alternatives,Component Alternatives from tuple definition
P126,Token Usage Display,Usage,Component,Usage,Component Usage from tuple definition
P126,Token Usage Display,Cost,Component,Cost,Component Cost from tuple definition
P126,Token Usage Display,Limits,Component,Limits,Component Limits from tuple definition
P126,Token Usage Display,Breakdown,Component,Breakdown,Component Breakdown from tuple definition
P127,Error Debug Interface,Error,Component,Error,Component Error from tuple definition
P127,Error Debug Interface,Stack_{trace},Component,Stack_{trace},Component Stack_{trace} from tuple definition
P127,Error Debug Interface,Context,Component,Context,Component Context from tuple definition
P127,Error Debug Interface,Solutions,Component,Solutions,Component Solutions from tuple definition
P128,A/B Test Results,Variants,Component,Variants,Component Variants from tuple definition
P128,A/B Test Results,Metrics,Component,Metrics,Component Metrics from tuple definition
P128,A/B Test Results,Statistical_{sig},Component,Statistical_{sig},Component Statistical_{sig} from tuple definition
P128,A/B Test Results,Winner,Component,Winner,Component Winner from tuple definition
P129,Performance Metrics Dashboard,Metrics,Component,Metrics,Component Metrics from tuple definition
P129,Performance Metrics Dashboard,Time_{series},Component,Time_{series},Component Time_{series} from tuple definition
P129,Performance Metrics Dashboard,Thresholds,Component,Thresholds,Component Thresholds from tuple definition
P129,Performance Metrics Dashboard,Alerts,Component,Alerts,Component Alerts from tuple definition
P130,AI Agent Presence Indicator,Agents_{active},Component,Agents_{active},Component Agents_{active} from tuple definition
P130,AI Agent Presence Indicator,Status,Component,Status,Component Status from tuple definition
P130,AI Agent Presence Indicator,Location_{virtual},Component,Location_{virtual},Component Location_{virtual} from tuple definition
P130,AI Agent Presence Indicator,Activity,Component,Activity,Component Activity from tuple definition
P131,Multi-User + AI Avatar,Participants,Component,Participants,Component Participants from tuple definition
P131,Multi-User + AI Avatar,Humans,Component,Humans,Component Humans from tuple definition
P131,Multi-User + AI Avatar,Agents,Component,Agents,Component Agents from tuple definition
P131,Multi-User + AI Avatar,Visual_{rep},Component,Visual_{rep},Component Visual_{rep} from tuple definition
P132,AI Cursor Sharing,Agent,Component,Agent,Component Agent from tuple definition
P132,AI Cursor Sharing,Focus_{current},Component,Focus_{current},Component Focus_{current} from tuple definition
P132,AI Cursor Sharing,Path,Component,Path,Component Path from tuple definition
P132,AI Cursor Sharing,Highlight,Component,Highlight,Component Highlight from tuple definition
P133,Activity Feed,Events,Component,Events,Component Events from tuple definition
P133,Activity Feed,Actors,Component,Actors,Component Actors from tuple definition
P133,Activity Feed,Timestamps,Component,Timestamps,Component Timestamps from tuple definition
P133,Activity Feed,Filter,Component,Filter,Component Filter from tuple definition
P134,Collaboration Session,Participants,Component,Participants,Component Participants from tuple definition
P134,Collaboration Session,Workspace,Component,Workspace,Component Workspace from tuple definition
P134,Collaboration Session,Coordination,Component,Coordination,Component Coordination from tuple definition
P134,Collaboration Session,State_{shared},Component,State_{shared},Component State_{shared} from tuple definition
P135,Conflict Resolution Interface,Conflicts,Component,Conflicts,Component Conflicts from tuple definition
P135,Conflict Resolution Interface,Options,Component,Options,Component Options from tuple definition
P135,Conflict Resolution Interface,Reasoning,Component,Reasoning,Component Reasoning from tuple definition
P135,Conflict Resolution Interface,Choose,Component,Choose,Component Choose from tuple definition
P136,User Preference Learning,Interactions,Component,Interactions,Component Interactions from tuple definition
P136,User Preference Learning,Patterns,Component,Patterns,Component Patterns from tuple definition
P136,User Preference Learning,Model,Component,Model,Component Model from tuple definition
P136,User Preference Learning,Adaptation,Component,Adaptation,Component Adaptation from tuple definition
P137,Adaptive Interface,UI,Component,UI,Component UI from tuple definition
P137,Adaptive Interface,User_{behavior},Component,User_{behavior},Component User_{behavior} from tuple definition
P137,Adaptive Interface,Learn,Component,Learn,Component Learn from tuple definition
P137,Adaptive Interface,Adapt,Component,Adapt,Component Adapt from tuple definition
P138,Personalized Agent Configuration,User,Component,User,Component User from tuple definition
P138,Personalized Agent Configuration,Agents,Component,Agents,Component Agents from tuple definition
P138,Personalized Agent Configuration,Config,Component,Config,Component Config from tuple definition
P138,Personalized Agent Configuration,Optimize,Component,Optimize,Component Optimize from tuple definition
P139,Learning Progress Indicator,Model,Component,Model,Component Model from tuple definition
P139,Learning Progress Indicator,Training_{data},Component,Training_{data},Component Training_{data} from tuple definition
P139,Learning Progress Indicator,Accuracy,Component,Accuracy,Component Accuracy from tuple definition
P139,Learning Progress Indicator,Progress,Component,Progress,Component Progress from tuple definition
P140,Reset/Retrain Controls,Model,Component,Model,Component Model from tuple definition
P140,Reset/Retrain Controls,Reset,Component,Reset,Component Reset from tuple definition
P140,Reset/Retrain Controls,Retrain,Component,Retrain,Component Retrain from tuple definition
P140,Reset/Retrain Controls,Confirm,Component,Confirm,Component Confirm from tuple definition
P141,Workflow Template Gallery,Templates,Component,Templates,Component Templates from tuple definition
P141,Workflow Template Gallery,Categories,Component,Categories,Component Categories from tuple definition
P141,Workflow Template Gallery,Preview,Component,Preview,Component Preview from tuple definition
P141,Workflow Template Gallery,Instantiate,Component,Instantiate,Component Instantiate from tuple definition
P142,Automation Builder,Components,Component,Components,Component Components from tuple definition
P142,Automation Builder,Canvas_{visual},Component,Canvas_{visual},Component Canvas_{visual} from tuple definition
P142,Automation Builder,Connect,Component,Connect,Component Connect from tuple definition
P142,Automation Builder,Execute,Component,Execute,Component Execute from tuple definition
P143,Scheduled Agent,Agent,Component,Agent,Component Agent from tuple definition
P143,Scheduled Agent,Schedule,Component,Schedule,Component Schedule from tuple definition
P143,Scheduled Agent,Trigger,Component,Trigger,Component Trigger from tuple definition
P143,Scheduled Agent,Execute,Component,Execute,Component Execute from tuple definition
P144,Trigger-Action,Trigger,Component,Trigger,Component Trigger from tuple definition
P144,Trigger-Action,Condition,Component,Condition,Component Condition from tuple definition
P144,Trigger-Action,Action,Component,Action,Component Action from tuple definition
P144,Trigger-Action,Execute,Component,Execute,Component Execute from tuple definition
P145,Workflow Monitoring Dashboard,Workflows,Component,Workflows,Component Workflows from tuple definition
P145,Workflow Monitoring Dashboard,Status,Component,Status,Component Status from tuple definition
P145,Workflow Monitoring Dashboard,Metrics,Component,Metrics,Component Metrics from tuple definition
P145,Workflow Monitoring Dashboard,Control,Component,Control,Component Control from tuple definition
P146,Token Budget Indicator,Budget,Component,Budget,Component Budget from tuple definition
P146,Token Budget Indicator,Used,Component,Used,Component Used from tuple definition
P146,Token Budget Indicator,Remaining,Component,Remaining,Component Remaining from tuple definition
P146,Token Budget Indicator,Alerts,Component,Alerts,Component Alerts from tuple definition
P147,Cost Estimation Preview,Action,Component,Action,Component Action from tuple definition
P147,Cost Estimation Preview,Tokens_{estimated},Component,Tokens_{estimated},Component Tokens_{estimated} from tuple definition
P147,Cost Estimation Preview,Cost,Component,Cost,Component Cost from tuple definition
P147,Cost Estimation Preview,Preview,Component,Preview,Component Preview from tuple definition
P148,Resource Limit Controls,Limits,Component,Limits,Component Limits from tuple definition
P148,Resource Limit Controls,Current,Component,Current,Component Current from tuple definition
P148,Resource Limit Controls,Controls,Component,Controls,Component Controls from tuple definition
P148,Resource Limit Controls,Enforcement,Component,Enforcement,Component Enforcement from tuple definition
P149,Usage Analytics Dashboard,Usage_{history},Component,Usage_{history},Component Usage_{history} from tuple definition
P149,Usage Analytics Dashboard,Trends,Component,Trends,Component Trends from tuple definition
P149,Usage Analytics Dashboard,Breakdown,Component,Breakdown,Component Breakdown from tuple definition
P149,Usage Analytics Dashboard,Insights,Component,Insights,Component Insights from tuple definition
P150,Rate Limit Warning,Rate,Component,Rate,Component Rate from tuple definition
P150,Rate Limit Warning,Limit,Component,Limit,Component Limit from tuple definition
P150,Rate Limit Warning,Warning_{threshold},Component,Warning_{threshold},Component Warning_{threshold} from tuple definition
P150,Rate Limit Warning,Alert,Component,Alert,Component Alert from tuple definition
P152,Audit Trail Viewer,Actions,Component,Actions,Component Actions from tuple definition
P152,Audit Trail Viewer,Actors,Component,Actors,Component Actors from tuple definition
P152,Audit Trail Viewer,Timestamps,Component,Timestamps,Component Timestamps from tuple definition
P152,Audit Trail Viewer,Filter,Component,Filter,Component Filter from tuple definition
P153,Data Access Transparency,Data,Component,Data,Component Data from tuple definition
P153,Data Access Transparency,Accessor,Component,Accessor,Component Accessor from tuple definition
P153,Data Access Transparency,Purpose,Component,Purpose,Component Purpose from tuple definition
P153,Data Access Transparency,Disclosure,Component,Disclosure,Component Disclosure from tuple definition
P154,Secure Credential Management,Credentials,Component,Credentials,Component Credentials from tuple definition
P154,Secure Credential Management,Encryption,Component,Encryption,Component Encryption from tuple definition
P154,Secure Credential Management,Access_{control},Component,Access_{control},Component Access_{control} from tuple definition
P154,Secure Credential Management,Rotation,Component,Rotation,Component Rotation from tuple definition
P155,Trust Score Indicator,Agent,Component,Agent,Component Agent from tuple definition
P155,Trust Score Indicator,Behavior_{history},Component,Behavior_{history},Component Behavior_{history} from tuple definition
P155,Trust Score Indicator,Reliability,Component,Reliability,Component Reliability from tuple definition
P155,Trust Score Indicator,Score,Component,Score,Component Score from tuple definition
