pattern_id,pattern_name,pattern_type,component_name,component_type,notation,description
C1,Graph Structure,concept,\lambda_n,N ‚Üí Label_n,\lambda_n,**node labeling function**
C1,Graph Structure,concept,\lambda_e,E ‚Üí Label_e,\lambda_e,**edge labeling function**
P1,Direct Manipulation Canvas,pattern,viewport,Rectangle,viewport,visible area
P1,Direct Manipulation Canvas,pattern,objects,Set‚ü®Element‚ü©,objects,manipulable objects
P1,Direct Manipulation Canvas,pattern,cursor,Point,cursor,current cursor position
P1,Direct Manipulation Canvas,pattern,tools,Set‚ü®Tool‚ü©,tools,available interaction tools
P1,Direct Manipulation Canvas,pattern,state,"œÉ_1 ‚àà \{\text{idle}, \text{dragging},",state,\text{selecting}\}$
F1.1,,flow,source,Input,source,external input source
F1.1,,flow,validator,Input ‚Üí Valid | Invalid,validator,checks input validity
F1.1,,flow,normalizer,Valid ‚Üí Internal,normalizer,converts to internal format
F1.1,,flow,store,Internal ‚Üí Effect,store,persists in system
F1.2,,flow,source,ExternalFormat,source,external data source
F1.2,,flow,parser,ExternalFormat ‚Üí ParsedData,parser,parses external format
F1.2,,flow,transformer,ParsedData ‚Üí InternalData,transformer,transforms to internal schema
F1.2,,flow,integrator,InternalData ‚Üí Effect,integrator,integrates into system
F1.3,,flow,stream,Stream‚ü®Event‚ü©,stream,continuous event stream
F1.3,,flow,buffer,Queue‚ü®Event‚ü©,buffer,temporarily holds events
F1.3,,flow,processor,Event ‚Üí ProcessedEvent,processor,processes each event
F1.3,,flow,emitter,ProcessedEvent ‚Üí Effect,emitter,emits to subscribers
C2,Document/Artifact,concept,input,Input,input,input to document/artifact
C2,Document/Artifact,concept,process,Input ‚Üí Output,process,processing function
C2,Document/Artifact,concept,output,Output,output,output from document/artifact
C2,Document/Artifact,concept,display,Output ‚Üí Visual,display,display function
P2,Command Interface,pattern,input,String,input,command text
P2,Command Interface,pattern,parser,String ‚Üí Command | ParseError,parser,parses input
P2,Command Interface,pattern,executor,Command ‚Üí Result,executor,executes commands
P2,Command Interface,pattern,history,Sequence‚ü®String‚ü©,history,command history
F2.1,,flow,stages,Sequence‚ü®Stage‚ü©,stages,transformation stages
F2.1,,flow,ir,Sequence‚ü®IR‚ü©,ir,intermediate representations
F2.1,,flow,error\_handler,Error ‚Üí Recovery,error\_handler,handles stage failures
F2.1,,flow,compose,Sequence‚ü®Stage‚ü© ‚Üí (Input ‚Üí Output),compose,composes stages
F2.2,,flow,agents,Set‚ü®Agent‚ü©,agents,available agents
F2.2,,flow,coordinator,Task ‚Üí Agent,coordinator,assigns tasks to agents
F2.2,,flow,tasks,Queue‚ü®Task‚ü©,tasks,pending tasks
F2.2,,flow,results,"Map‚ü®Task, Result‚ü©",results,store task results
F2.3,,flow,graph,"DAG‚ü®Node, Dependency‚ü©",graph,computation dependency graph
F2.3,,flow,cache,"Map‚ü®Node, Value‚ü©",cache,stores computed values
F2.3,,flow,invalidate,Node ‚Üí Set‚ü®Node‚ü©,invalidate,marks affected nodes
F2.3,,flow,recompute,Node ‚Üí Value,recompute,recomputes a single node
F2.4,,flow,base,BaseData,base,input data to enrich
F2.4,,flow,enrichers,Set‚ü®Enricher‚ü©,enrichers,enrichment sources
F2.4,,flow,combine,BaseData √ó Set‚ü®Enrichment‚ü© ‚Üí EnrichedData,combine,merges enrichments
F2.4,,flow,output,EnrichedData,output,enriched result
C3,Symbolic Expression,concept,root,Symbol,root,root node (operator or value)
C3,Symbolic Expression,concept,children,Sequence‚ü®Tree‚ü©,children,child expressions
P3,Hierarchical Navigator,pattern,tree,Tree‚ü®Node‚ü©,tree,hierarchy
P3,Hierarchical Navigator,pattern,selection,Node | null,selection,current selection
P3,Hierarchical Navigator,pattern,expansion,Set‚ü®Node‚ü©,expansion,expanded nodes
P3,Hierarchical Navigator,pattern,breadcrumb,Sequence‚ü®Node‚ü©,breadcrumb,path to selection
F3.1,,flow,observe,Environment ‚Üí Observations,observe,collects data
F3.1,,flow,learn,Observations ‚Üí Model,learn,trains or updates model
F3.1,,flow,update,Model ‚Üí Policy,update,updates decision policy
F3.1,,flow,apply,Policy ‚Üí Actions,apply,applies learned policy
F3.2,,flow,validate,Data ‚Üí Set‚ü®Violation‚ü©,validate,checks constraints
F3.2,,flow,report,Violation ‚Üí Notification,report,reports issues
F3.2,,flow,correct,Violation ‚Üí Correction,correct,attempts fixes
F3.2,,flow,verify,Correction ‚Üí ùîπ,verify,confirms fix
F3.3,,flow,monitor,System ‚Üí Metrics,monitor,observes system behavior
F3.3,,flow,detect,Metrics ‚Üí Anomalies,detect,identifies issues
F3.3,,flow,adjust,Anomalies ‚Üí Adjustments,adjust,modifies system
F3.3,,flow,measure,Adjustments ‚Üí Performance,measure,evaluates changes
F3.4,,flow,track,UserAction ‚Üí Event,track,records user behavior
F3.4,,flow,infer,Sequence‚ü®Event‚ü© ‚Üí Preferences,infer,learns preferences
F3.4,,flow,personalize,Preferences ‚Üí Configuration,personalize,customizes experience
F3.4,,flow,apply,Configuration ‚Üí Effect,apply,applies personalization
C4,Metadata Schema,concept,schema,"Map‚ü®String, Type‚ü©",schema,defines field types
C4,Metadata Schema,concept,data,"Map‚ü®String, Value‚ü©",data,actual metadata
C4,Metadata Schema,concept,validators,"Map‚ü®String, Predicate‚ü©",validators,validation rules
P4,Property Inspector,pattern,selection,Element | null,selection,inspected object
P4,Property Inspector,pattern,fields,"Map‚ü®String, Field‚ü©",fields,editable properties
P4,Property Inspector,pattern,validators,"Map‚ü®String, Validator‚ü©",validators,validate changes
P4,Property Inspector,pattern,commit,"(String, Value) ‚Üí Effect",commit,applies changes
F4.1,,flow,state,State,state,current application state
F4.1,,flow,render,State ‚Üí VirtualDOM,render,creates virtual representation
F4.1,,flow,diff,VirtualDOM √ó VirtualDOM ‚Üí Patch,diff,computes changes
F4.1,,flow,patch,Patch ‚Üí Effect,patch,applies changes to actual DOM
F4.2,,flow,trigger,Event ‚Üí Notification,trigger,creates notification from event
F4.2,,flow,route,Notification ‚Üí Set‚ü®Channel‚ü©,route,selects delivery channels
F4.2,,flow,format,"(Notification, Channel) ‚Üí Message",format,formats for channel
F4.2,,flow,deliver,"(Message, Channel) ‚Üí Effect",deliver,sends notification
F4.3,,flow,source,InternalData,source,internal data to export
F4.3,,flow,transform,InternalData ‚Üí ExternalFormat,transform,converts to external format
F4.3,,flow,validate,ExternalFormat ‚Üí Valid | Invalid,validate,checks output validity
F4.3,,flow,publish,Valid ‚Üí Destination,publish,delivers to target
F4.4,,flow,query,Query,query,defines the view computation
F4.4,,flow,compute,Data ‚Üí Result,compute,executes the query
F4.4,,flow,cache,Result,cache,stores computed result
F4.4,,flow,refresh,Trigger ‚Üí Effect,refresh,updates materialized view
C5,Version History,concept,states,Sequence‚ü®State‚ü©,states,sequence of states
C5,Version History,concept,deltas,Sequence‚ü®Delta‚ü©,deltas,sequence of changes
C5,Version History,concept,branches,Tree‚ü®State‚ü©,branches,represents branch structure
F5,Collaborative Editing Flow,flow,T,O \times O ‚Üí O,T,**transformation function**
F5,Collaborative Editing Flow,flow,M,U ‚Üí Cursor,M,tracks **user presence**
P5,Tabbed Workspace,pattern,tabs,Sequence‚ü®Tab‚ü©,tabs,open tabs
P5,Tabbed Workspace,pattern,active,‚Ñï,active,active tab index
P5,Tabbed Workspace,pattern,buffers,"Map‚ü®Tab, Content‚ü©",buffers,stores tab contents
P5,Tabbed Workspace,pattern,state,"Map‚ü®Tab, State‚ü©",state,"stores tab states (dirty, saved)"
F6,Error Recovery Flow,flow,detect,Operation ‚Üí Error | Success,detect,catches errors
F6,Error Recovery Flow,flow,classify,Error ‚Üí ErrorType,classify,determines error category
F6,Error Recovery Flow,flow,strategy,ErrorType ‚Üí RecoveryStrategy,strategy,selects recovery approach
F6,Error Recovery Flow,flow,recover,"(Error, RecoveryStrategy) ‚Üí Effect",recover,executes recovery
P6,Palette/Toolbar,pattern,input,Input,input,input to palette/toolbar
P6,Palette/Toolbar,pattern,process,Input ‚Üí Output,process,processing function
P6,Palette/Toolbar,pattern,output,Output,output,output from palette/toolbar
P6,Palette/Toolbar,pattern,display,Output ‚Üí Visual,display,display function
P7,Breadcrumb Trail,pattern,path,Sequence‚ü®Node‚ü©,path,current location path
P7,Breadcrumb Trail,pattern,separators,String,separators,"visual separators (e.g., "" / "")"
P7,Breadcrumb Trail,pattern,actions,Node ‚Üí Effect,actions,defines click behavior
P8,Search-Based Navigation,pattern,query,String,query,search query
P8,Search-Based Navigation,pattern,index,Index‚ü®Item‚ü©,index,searchable index
P8,Search-Based Navigation,pattern,results,Sequence‚ü®Item‚ü©,results,ranked results
P8,Search-Based Navigation,pattern,ranker,"(Item, String) ‚Üí ‚Ñù",ranker,scores relevance
P9,Backlinks/References,pattern,input,Input,input,input to backlinks/references
P9,Backlinks/References,pattern,process,Input ‚Üí Output,process,processing function
P9,Backlinks/References,pattern,output,Output,output,output from backlinks/references
P9,Backlinks/References,pattern,display,Output ‚Üí Visual,display,display function
P10,Parser/Compiler Pipeline,pattern,input,Input,input,input to parser/compiler pipeline
P10,Parser/Compiler Pipeline,pattern,process,Input ‚Üí Output,process,processing function
P10,Parser/Compiler Pipeline,pattern,output,Output,output,output from parser/compiler pipeline
P10,Parser/Compiler Pipeline,pattern,display,Output ‚Üí Visual,display,display function
P11,Validator/Checker,pattern,input,Input,input,input to validator/checker
P11,Validator/Checker,pattern,process,Input ‚Üí Output,process,processing function
P11,Validator/Checker,pattern,output,Output,output,output from validator/checker
P11,Validator/Checker,pattern,display,Output ‚Üí Visual,display,display function
P12,Solver/Optimizer,pattern,input,Input,input,input to solver/optimizer
P12,Solver/Optimizer,pattern,process,Input ‚Üí Output,process,processing function
P12,Solver/Optimizer,pattern,output,Output,output,output from solver/optimizer
P12,Solver/Optimizer,pattern,display,Output ‚Üí Visual,display,display function
P13,Indexer/Query Engine,pattern,input,Input,input,input to indexer/query engine
P13,Indexer/Query Engine,pattern,process,Input ‚Üí Output,process,processing function
P13,Indexer/Query Engine,pattern,output,Output,output,output from indexer/query engine
P13,Indexer/Query Engine,pattern,display,Output ‚Üí Visual,display,display function
P14,Agent Swarm,pattern,agents,Set‚ü®Agent‚ü©,agents,autonomous workers
P14,Agent Swarm,pattern,tasks,Queue‚ü®Task‚ü©,tasks,pending tasks
P14,Agent Swarm,pattern,coord,Coordinator,coord,manages task distribution
P14,Agent Swarm,pattern,results,"Map‚ü®Task, Result‚ü©",results,stores completed results
P15,Reasoning Chain,pattern,steps,Sequence‚ü®Step‚ü©,steps,reasoning steps
P15,Reasoning Chain,pattern,state,"Map‚ü®‚Ñï, State‚ü©",state,tracks state at each step
P15,Reasoning Chain,pattern,deps,"Map‚ü®‚Ñï, Set‚ü®‚Ñï‚ü©‚ü©",deps,defines step dependencies
P15,Reasoning Chain,pattern,result,Result,result,final conclusion
P16,Suggestion/Recommendation System,pattern,input,Input,input,input to suggestion/recommendation system
P16,Suggestion/Recommendation System,pattern,process,Input ‚Üí Output,process,processing function
P16,Suggestion/Recommendation System,pattern,output,Output,output,output from suggestion/recommendation system
P16,Suggestion/Recommendation System,pattern,display,Output ‚Üí Visual,display,display function
P17,Key-Value Store,pattern,store,"Map‚ü®Key, Value‚ü©",store,storage
P17,Key-Value Store,pattern,get,Key ‚Üí Value | null,get,retrieves values
P17,Key-Value Store,pattern,set,Key √ó Value ‚Üí Effect,set,stores values
P17,Key-Value Store,pattern,delete,Key ‚Üí Effect,delete,removes entries
P18,Relational Database,pattern,tables,"Map‚ü®String, Table‚ü©",tables,data tables
P18,Relational Database,pattern,schemas,"Map‚ü®String, Schema‚ü©",schemas,define table structures
P18,Relational Database,pattern,constraints,Set‚ü®Constraint‚ü©,constraints,enforce integrity
P18,Relational Database,pattern,indices,"Map‚ü®(Table, Column), Index‚ü©",indices,speed queries
P19,Graph Database,pattern,nodes,Set‚ü®Node‚ü©,nodes,entities
P19,Graph Database,pattern,edges,Set‚ü®Edge‚ü©,edges,relationships
P19,Graph Database,pattern,props,"(Node | Edge) ‚Üí Map‚ü®String, Value‚ü©",props,properties
P19,Graph Database,pattern,traversal,Query ‚Üí Sequence‚ü®Path‚ü©,traversal,executes graph queries
P20,Document Store,pattern,collections,"Map‚ü®String, Set‚ü®Document‚ü©‚ü©",collections,group documents
P20,Document Store,pattern,documents,Set‚ü®Document‚ü©,documents,schema-free documents
P20,Document Store,pattern,queries,Query ‚Üí Set‚ü®Document‚ü©,queries,find documents
P20,Document Store,pattern,indices,"Map‚ü®Path, Index‚ü©",indices,speed queries
P21,Time-Series Store,pattern,series,"Map‚ü®String, TimeSeries‚ü©",series,named series
P21,Time-Series Store,pattern,timestamps,Sequence‚ü®Time‚ü©,timestamps,ordered timestamps
P21,Time-Series Store,pattern,values,"Map‚ü®Time, Value‚ü©",values,data points
P21,Time-Series Store,pattern,aggregations,"(Time, Time, Func) ‚Üí Value",aggregations,compute aggregates
P22,Event Bus,pattern,publishers,Set‚ü®Publisher‚ü©,publishers,emit events
P22,Event Bus,pattern,subscribers,"Map‚ü®Topic, Set‚ü®Subscriber‚ü©‚ü©",subscribers,listen for events
P22,Event Bus,pattern,topics,Set‚ü®Topic‚ü©,topics,event channels
P22,Event Bus,pattern,broker,"(Topic, Event) ‚Üí Effect",broker,routes events
P23,Real-Time Sync,pattern,local,State,local,local state
P23,Real-Time Sync,pattern,remote,State,remote,remote state
P23,Real-Time Sync,pattern,diff,State √ó State ‚Üí Delta,diff,computes differences
P23,Real-Time Sync,pattern,merge,State √ó Delta ‚Üí State,merge,applies changes
P23,Real-Time Sync,pattern,conflicts,Sequence‚ü®Conflict‚ü©,conflicts,tracks unresolved conflicts
P24,Request-Response API,pattern,endpoints,Set‚ü®Endpoint‚ü©,endpoints,API routes
P24,Request-Response API,pattern,handlers,"Map‚ü®Endpoint, Handler‚ü©",handlers,process requests
P24,Request-Response API,pattern,middleware,Sequence‚ü®Middleware‚ü©,middleware,request interceptors
P24,Request-Response API,pattern,responses,Request ‚Üí Response,responses,generates responses
P25,Streaming Protocol,pattern,producer,Producer,producer,generates data
P25,Streaming Protocol,pattern,consumer,Consumer,consumer,processes data
P25,Streaming Protocol,pattern,buffer,Queue‚ü®Chunk‚ü©,buffer,buffers data
P25,Streaming Protocol,pattern,backpressure,Signal,backpressure,controls flow rate
P25,Streaming Protocol,pattern,state,"\{\text{flowing}, \text{paused}, \text{ended}, \text{error}\}",state,stream state
P26,Status Bar/Indicator,pattern,state,State,state,current status bar/indicator state
P26,Status Bar/Indicator,pattern,measure,State ‚Üí Metric,measure,measurement function
P26,Status Bar/Indicator,pattern,visualize,Metric ‚Üí Visual,visualize,visualization function
P26,Status Bar/Indicator,pattern,update,Visual ‚Üí Effect,update,display update function
P27,Toast/Notification,pattern,input,Input,input,input to toast/notification
P27,Toast/Notification,pattern,process,Input ‚Üí Output,process,processing function
P27,Toast/Notification,pattern,output,Output,output,output from toast/notification
P27,Toast/Notification,pattern,display,Output ‚Üí Visual,display,display function
P28,Progress Indicator,pattern,current,‚Ñï,current,completed work
P28,Progress Indicator,pattern,total,‚Ñï,total,total work
P28,Progress Indicator,pattern,label,String,label,describes the task
P28,Progress Indicator,pattern,eta,Time,eta,estimated completion time
P28,Progress Indicator,pattern,state,"\{\text{running}, \text{paused}, \text{complete}, \text{error}\}",state,status
P29,Centralized State Store,pattern,store,State,store,application state (single source of truth)
P29,Centralized State Store,pattern,reducers,"Map‚ü®Action, Reducer‚ü©",reducers,update state
P29,Centralized State Store,pattern,selectors,"Map‚ü®String, Selector‚ü©",selectors,query state
P29,Centralized State Store,pattern,subscriptions,Set‚ü®Subscriber‚ü©,subscriptions,listen for changes
P30,Command Pattern,pattern,commands,Sequence‚ü®Command‚ü©,commands,executed commands
P30,Command Pattern,pattern,executor,Command ‚Üí Effect,executor,executes commands
P30,Command Pattern,pattern,undo\_stack,Stack‚ü®Command‚ü©,undo\_stack,for undo
P30,Command Pattern,pattern,redo\_stack,Stack‚ü®Command‚ü©,redo\_stack,for redo
P31,Observer Pattern,pattern,subject,Subject,subject,observed object
P31,Observer Pattern,pattern,observers,Set‚ü®Observer‚ü©,observers,listeners
P31,Observer Pattern,pattern,notify,() ‚Üí Effect,notify,notifies all observers
P32,Plugin Architecture,pattern,interface,Interface,interface,defines plugin contract
P32,Plugin Architecture,pattern,registry,"Map‚ü®ID, Plugin‚ü©",registry,stores loaded plugins
P32,Plugin Architecture,pattern,loader,Path ‚Üí Plugin,loader,loads plugins
P32,Plugin Architecture,pattern,lifecycle,Plugin ‚Üí Sequence‚ü®Phase‚ü©,lifecycle,manages plugin lifecycle
P33,Hook System,pattern,hooks,Set‚ü®HookPoint‚ü©,hooks,extension points
P33,Hook System,pattern,handlers,"Map‚ü®HookPoint, Sequence‚ü®Handler‚ü©‚ü©",handlers,registered handlers
P33,Hook System,pattern,register,"(HookPoint, Handler) ‚Üí Effect",register,registers handlers
P33,Hook System,pattern,invoke,"(HookPoint, Context) ‚Üí Effect",invoke,invokes handlers
P34,Strategy Pattern,pattern,interface,Interface,interface,defines algorithm contract
P34,Strategy Pattern,pattern,implementations,"Map‚ü®ID, Implementation‚ü©",implementations,concrete strategies
P34,Strategy Pattern,pattern,selector,Context ‚Üí ID,selector,chooses strategy
P34,Strategy Pattern,pattern,current,Implementation,current,active strategy
P35,Split-Pane Layout,pattern,R,"P ‚Üí [0,1]",R,maps panes to **proportional sizes**
P35,Split-Pane Layout,pattern,\delta_{35},"P \times P ‚Üí \{\text{splitter}, \text{null}\}",\delta_{35},indicates splitters
P35,Split-Pane Layout,pattern,\sigma_{35},"P ‚Üí \{\text{visible}, \text{collapsed}\}",\sigma_{35},**state function**
P36,Selection-Driven Panel,pattern,selection,Element | null,selection,currently selected object
P36,Selection-Driven Panel,pattern,content,Component,content,displayed content
P36,Selection-Driven Panel,pattern,\phi_{36},Element ‚Üí Component,\phi_{36},maps selection to content
P36,Selection-Driven Panel,pattern,observers,Set‚ü®Observer‚ü©,observers,watch selection changes
P37,Empty State Pattern,pattern,\epsilon_{37},"C ‚Üí \{\text{empty}, \text{populated}\}",\epsilon_{37},**emptiness predicate**
P38,Badge/Indicator Pattern,pattern,state,State,state,current badge/indicator pattern state
P38,Badge/Indicator Pattern,pattern,measure,State ‚Üí Metric,measure,measurement function
P38,Badge/Indicator Pattern,pattern,visualize,Metric ‚Üí Visual,visualize,visualization function
P38,Badge/Indicator Pattern,pattern,update,Visual ‚Üí Effect,update,display update function
P39,Contextual Action Menu,pattern,\pi_{39},"A \times C ‚Üí \{\text{visible}, \text{hidden}, \text{disabled}\}",\pi_{39},**availability**
P39,Contextual Action Menu,pattern,\sigma_{39},"M ‚Üí \{\text{open}, \text{closed}\}",\sigma_{39},**state**
P39,Contextual Action Menu,pattern,\delta_{39},M ‚Üí \mathbb{R}^2,\delta_{39},**positioning function**
P40,Mode Toggle System,pattern,\delta_{40},"M \times M ‚Üí \{\text{allowed}, \text{forbidden}\}",\delta_{40},**transition function**
P40,Mode Toggle System,pattern,\phi_{40},M ‚Üí UIConfig,\phi_{40},maps mode to **UI configuration**
P40,Mode Toggle System,pattern,\iota_{40},M ‚Üí Indicator,\iota_{40},provides **visual indicators**
P41,Inline Status Chip,pattern,\sigma_{41},States ‚Üí Styles,\sigma_{41},**styling function**
P41,Inline Status Chip,pattern,\alpha_{41},Chip ‚Üí Action,\alpha_{41},optional **click action**
P42,Tooltip/Hint System,pattern,input,Input,input,input to tooltip/hint system
P42,Tooltip/Hint System,pattern,process,Input ‚Üí Output,process,processing function
P42,Tooltip/Hint System,pattern,output,Output,output,output from tooltip/hint system
P42,Tooltip/Hint System,pattern,display,Output ‚Üí Visual,display,display function
P43,Application Navigation Drawer,pattern,O,S_{43} ‚Üí \mathbb{B},O,determines **overlay visibility**
P43,Application Navigation Drawer,pattern,\alpha_{43},S_{43} \times S_{43} ‚Üí Animation,\alpha_{43},**transition animation**
P43,Application Navigation Drawer,pattern,\pi_{43},C ‚Üí Route,\pi_{43},maps items to **routes**
P44,Keyboard Shortcut System,pattern,B,KeyCombo ‚Üí Action,B,**binding map**
P44,Keyboard Shortcut System,pattern,H,Action ‚Üí String,H,**hint display function**
P44,Keyboard Shortcut System,pattern,C,KeyCombo \times KeyCombo ‚Üí \mathbb{B},C,**conflict detector**
P44,Keyboard Shortcut System,pattern,P,Platform ‚Üí KeyMapping,P,**platform mapping**
P45,Drag and Drop Interaction,pattern,G,S ‚Üí Ghost,G,**ghost element function**
P45,Drag and Drop Interaction,pattern,F,"S \times T ‚Üí \{\text{accept}, \text{reject}\}",F,**acceptance predicate**
P45,Drag and Drop Interaction,pattern,\phi_{45},S \times T ‚Üí Effect,\phi_{45},**drop handler**
P46,Focus Management System,pattern,O,UI ‚Üí Sequence‚ü®Element‚ü©,O,**focus order function**
P46,Focus Management System,pattern,\tau_{46},"Element ‚Üí \{\text{tabbable}, \text{not\_tabbable}\}",\tau_{46},**tabbability**
P46,Focus Management System,pattern,R,Modal ‚Üí Element,R,**focus restoration function**
P46,Focus Management System,pattern,I,Element ‚Üí VisualIndicator,I,**indicator rendering**
P47,Inline Editing Pattern,pattern,\tau_{47},Event ‚Üí M,\tau_{47},**trigger function**
P47,Inline Editing Pattern,pattern,\phi_{47},Value \times Value ‚Üí Effect,\phi_{47},**commit handler**
P47,Inline Editing Pattern,pattern,\psi_{47},() ‚Üí Effect,\psi_{47},**cancel handler**
P48,Form Validation Pattern,pattern,fields,"Map‚ü®String, Field‚ü©",fields,form fields
P48,Form Validation Pattern,pattern,rules,"Map‚ü®String, Validator‚ü©",rules,validation rules
P48,Form Validation Pattern,pattern,state,"Map‚ü®String, ValidationState‚ü©",state,tracks validation status
P48,Form Validation Pattern,pattern,errors,"Map‚ü®String, Sequence‚ü®String‚ü©‚ü©",errors,stores error messages
P49,Multi-Step Form (Wizard) Pattern,pattern,steps,Sequence‚ü®Step‚ü©,steps,form steps
P49,Multi-Step Form (Wizard) Pattern,pattern,current,‚Ñï,current,active step index
P49,Multi-Step Form (Wizard) Pattern,pattern,data,"Map‚ü®String, Value‚ü©",data,accumulates form data
P49,Multi-Step Form (Wizard) Pattern,pattern,nav,Navigation,nav,controls step transitions
P49,Multi-Step Form (Wizard) Pattern,pattern,progress,‚Ñï/‚Ñï,progress,shows completion progress
P50,Form Dependency Pattern,pattern,fields,"Map‚ü®String, Field‚ü©",fields,form fields
P50,Form Dependency Pattern,pattern,deps,"Map‚ü®String, Set‚ü®String‚ü©‚ü©",deps,defines dependencies
P50,Form Dependency Pattern,pattern,update,String √ó Value ‚Üí Effect,update,propagates changes
P50,Form Dependency Pattern,pattern,cascade,ùîπ,cascade,enables cascading updates
P51,Responsive Layout Pattern (NEW),pattern,breakpoints,"Sequence‚ü®(width: ‚Ñù, name: String)‚ü©",breakpoints,define size thresholds
P51,Responsive Layout Pattern (NEW),pattern,layouts,"Map‚ü®String, Layout‚ü©",layouts,map breakpoint names to layouts
P51,Responsive Layout Pattern (NEW),pattern,current,String,current,active layout name
P52,Pagination Pattern,pattern,data,Sequence‚ü®Item‚ü©,data,full dataset
P52,Pagination Pattern,pattern,page,‚Ñï,page,current page number (1-indexed)
P52,Pagination Pattern,pattern,size,‚Ñï,size,items per page
P52,Pagination Pattern,pattern,total,‚Ñï,total,total item count
P52,Pagination Pattern,pattern,nav,Navigation,nav,provides navigation controls
P53,Filtering Pattern,pattern,data,Set‚ü®Item‚ü©,data,full dataset
P53,Filtering Pattern,pattern,filters,"Map‚ü®String, Filter‚ü©",filters,available filters
P53,Filtering Pattern,pattern,active,"Map‚ü®String, FilterValue‚ü©",active,active filters
P53,Filtering Pattern,pattern,result,Set‚ü®Item‚ü©,result,filtered result
P53,Filtering Pattern,pattern,facets,"Map‚ü®String, Facet‚ü©",facets,shows filter counts
P54,Sorting Pattern,pattern,data,Sequence‚ü®Item‚ü©,data,dataset
P54,Sorting Pattern,pattern,columns,Sequence‚ü®Column‚ü©,columns,sortable columns
P54,Sorting Pattern,pattern,order,"Sequence‚ü®(Column, Direction)‚ü©",order,sort specification
P54,Sorting Pattern,pattern,comparator,"Item √ó Item ‚Üí \{-1, 0, 1\}",comparator,comparison function
P55,Virtualization Pattern,pattern,data,Sequence‚ü®Item‚ü©,data,full dataset
P55,Virtualization Pattern,pattern,viewport,Rectangle,viewport,visible area
P55,Virtualization Pattern,pattern,item\_height,Item ‚Üí ‚Ñù,item\_height,calculates item height
P55,Virtualization Pattern,pattern,buffer,‚Ñï,buffer,number of items to pre-render beyond viewport
P55,Virtualization Pattern,pattern,visible,Sequence‚ü®Item‚ü©,visible,currently rendered items
P56,Cache Strategy Pattern,pattern,storage,"Map‚ü®Key, (Value, Metadata)‚ü©",storage,cache store
P56,Cache Strategy Pattern,pattern,policy,EvictionPolicy,policy,determines what to evict
P56,Cache Strategy Pattern,pattern,ttl,Key ‚Üí Duration,ttl,defines time-to-live
P56,Cache Strategy Pattern,pattern,evict,() ‚Üí Effect,evict,removes stale entries
P57,Data Migration Pattern,pattern,versions,Sequence‚ü®Version‚ü©,versions,schema versions
P57,Data Migration Pattern,pattern,migrations,"Map‚ü®(Version, Version), Migration‚ü©",migrations,define transitions
P57,Data Migration Pattern,pattern,current,Version,current,active version
P57,Data Migration Pattern,pattern,rollback,Migration ‚Üí Migration,rollback,reverses migrations
P58,Authentication Pattern,pattern,users,"Map‚ü®UserID, User‚ü©",users,registered users
P58,Authentication Pattern,pattern,credentials,"Map‚ü®UserID, HashedPassword‚ü©",credentials,store credentials
P58,Authentication Pattern,pattern,sessions,"Map‚ü®SessionID, Session‚ü©",sessions,track active sessions
P58,Authentication Pattern,pattern,verify,"(UserID, Password) ‚Üí ùîπ",verify,validates credentials
P58,Authentication Pattern,pattern,tokens,"Map‚ü®Token, UserID‚ü©",tokens,map tokens to users
P59,Authorization Pattern,pattern,subjects,Set‚ü®Subject‚ü©,subjects,"actors (users, services)"
P59,Authorization Pattern,pattern,objects,Set‚ü®Object‚ü©,objects,resources
P59,Authorization Pattern,pattern,permissions,Set‚ü®Permission‚ü©,permissions,allowed actions
P59,Authorization Pattern,pattern,policies,Subject \times Object \times Action ‚Üí \mathbb{B},policies,define rules
P59,Authorization Pattern,pattern,check,"(Subject, Object, Action) ‚Üí \mathbb{B}",check,evaluates access
P60,Input Sanitization Pattern,pattern,validators,"Map‚ü®InputType, Validator‚ü©",validators,check input validity
P60,Input Sanitization Pattern,pattern,sanitizers,"Map‚ü®InputType, Sanitizer‚ü©",sanitizers,clean input
P60,Input Sanitization Pattern,pattern,encoders,"Map‚ü®Context, Encoder‚ü©",encoders,encode for safe output
P60,Input Sanitization Pattern,pattern,rules,Set‚ü®SecurityRule‚ü©,rules,define security constraints
P61,Unit Test Pattern,pattern,sut,System,sut,**system under test** (unit being tested)
P61,Unit Test Pattern,pattern,arrange,() ‚Üí Context,arrange,sets up test preconditions
P61,Unit Test Pattern,pattern,act,Context ‚Üí Result,act,exercises the unit
P61,Unit Test Pattern,pattern,assert,Result ‚Üí \mathbb{B},assert,verifies expectations
P61,Unit Test Pattern,pattern,cleanup,Context ‚Üí Effect,cleanup,tears down test state
P62,Integration Test Pattern,pattern,components,Set‚ü®Component‚ü©,components,integrated components
P62,Integration Test Pattern,pattern,interactions,Sequence‚ü®Interaction‚ü©,interactions,component communications
P62,Integration Test Pattern,pattern,environment,Environment,environment,"test environment (DB, API, etc.)"
P62,Integration Test Pattern,pattern,verify,() ‚Üí \mathbb{B},verify,checks end-to-end behavior
P63,End-to-End Test Pattern,pattern,scenario,UserStory,scenario,user scenario being tested
P63,End-to-End Test Pattern,pattern,browser,Browser,browser,automated browser
P63,End-to-End Test Pattern,pattern,pages,"Map‚ü®String, PageObject‚ü©",pages,represent UI pages
P63,End-to-End Test Pattern,pattern,assertions,Sequence‚ü®Assertion‚ü©,assertions,verify expected outcomes
P63,End-to-End Test Pattern,pattern,data,TestData,data,test data for the scenario
P64,Generative UI,pattern,T_{lib},Set‚ü®ComponentTemplate‚ü©,T_{lib},library of UI component templates
P64,Generative UI,pattern,ctx,Context,ctx,current application context and state
P64,Generative UI,pattern,gen,Context ‚Üí ComponentSpec,gen,AI generator function that selects/configures components
P64,Generative UI,pattern,render,ComponentSpec ‚Üí UIElement,render,rendering function that creates UI from spec
P64,Generative UI,pattern,stream,Stream‚ü®Token‚ü©,stream,token stream from LLM for progressive generation
P65,Streaming Component,pattern,\tau_{stream},Stream‚ü®Token‚ü©,\tau_{stream},incoming token stream from LLM
P65,Streaming Component,pattern,buf,BoundedQueue‚ü®Token‚ü©,buf,buffer for token accumulation
P65,Streaming Component,pattern,Q_{render},Queue‚ü®RenderTask‚ü©,Q_{render},render task queue for async updates
P65,Streaming Component,pattern,sync,State ‚Üí Effect,sync,synchronization mechanism for UI updates
P66,Context-Adaptive Interface,pattern,U_{state},ApplicationState,U_{state},current application state
P66,Context-Adaptive Interface,pattern,T_{ctx},Context ‚Üí ContextVector,T_{ctx},context extraction and encoding function
P66,Context-Adaptive Interface,pattern,T_{ui},Set‚ü®UIVariant‚ü©,T_{ui},set of UI variants for different contexts
P66,Context-Adaptive Interface,pattern,R_{adapt},ContextVector ‚Üí UIVariant,R_{adapt},adaptation function mapping context to UI
P67,Progressive Disclosure by AI,pattern,H_{info},Hierarchy‚ü®InfoNode‚ü©,H_{info},hierarchical structure of information to disclose
P67,Progressive Disclosure by AI,pattern,score_{rel},"InfoNode ‚Üí [0,1]",score_{rel},relevance scoring function for each node
P67,Progressive Disclosure by AI,pattern,\sigma_{disc},DisclosureStrategy,\sigma_{disc},strategy for progressive information revelation
P68,Agent Team Visualization,pattern,A_{roster},Set‚ü®Agent‚ü©,A_{roster},current team of active agents
P68,Agent Team Visualization,pattern,R_{roles},Agent ‚Üí Role,R_{roles},role assignment mapping for each agent
P68,Agent Team Visualization,pattern,S_{status},Agent ‚Üí Status,S_{status},current status of each agent
P68,Agent Team Visualization,pattern,C_{coord},Set‚ü®Coordination‚ü©,C_{coord},coordination relationships between agents
P69,Agent Activity Timeline,pattern,Events,Seq‚ü®Event‚ü©,Events,chronological sequence of agent events
P69,Agent Activity Timeline,pattern,Timeline,Time ‚Üí Set‚ü®Event‚ü©,Timeline,temporal mapping of events
P69,Agent Activity Timeline,pattern,Agents,Set‚ü®Agent‚ü©,Agents,set of agents being tracked
P69,Agent Activity Timeline,pattern,Actions,Event ‚Üí ActionType,Actions,classification of event types
P70,Agent Handoff,pattern,A_{from},Agent,A_{from},source agent initiating handoff
P70,Agent Handoff,pattern,A_{to},Agent,A_{to},target agent receiving handoff
P70,Agent Handoff,pattern,\Sigma_{state},State,\Sigma_{state},state being transferred between agents
P70,Agent Handoff,pattern,T_{transfer},TransferProtocol,T_{transfer},protocol for state transfer
P70,Agent Handoff,pattern,V_{verify},State ‚Üí Boolean,V_{verify},verification function for transfer integrity
P71,Orchestration Dashboard,pattern,W_{flow},WorkflowGraph,W_{flow},DAG representing orchestration workflow
P71,Orchestration Dashboard,pattern,A_{agents},Set‚ü®Agent‚ü©,A_{agents},set of orchestrated agents
P71,Orchestration Dashboard,pattern,M_{metrics},Metrics,M_{metrics},real-time performance metrics
P71,Orchestration Dashboard,pattern,C_{control},Set‚ü®Control‚ü©,C_{control},user controls for orchestration
P72,Agent Role Selector,pattern,R_{available},Set‚ü®Role‚ü©,R_{available},set of available agent roles
P72,Agent Role Selector,pattern,T_{task},TaskSpec,T_{task},task specification requiring role assignment
P72,Agent Role Selector,pattern,M_{match},"Role √ó Task ‚Üí [0,1]",M_{match},role-task matching score function
P72,Agent Role Selector,pattern,A_{assign},"(Role, Task) ‚Üí Agent",A_{assign},assignment function mapping role to agent
P73,Composite Action,pattern,A_{atomic},Set‚ü®AtomicAction‚ü©,A_{atomic},set of atomic actions to compose
P73,Composite Action,pattern,compose,Seq‚ü®Action‚ü© ‚Üí CompositeAction,compose,composition function creating compound action
P73,Composite Action,pattern,exec,CompositeAction ‚Üí Result,exec,execution function for composite action
P73,Composite Action,pattern,rollback,CompositeAction ‚Üí Effect,rollback,rollback function for failed composites
P74,Continuous AI Monitoring,pattern,S_{stream},Stream‚ü®State‚ü©,S_{stream},continuous stream of system state
P74,Continuous AI Monitoring,pattern,D_{detect},State ‚Üí Set‚ü®Anomaly‚ü©,D_{detect},anomaly detection function
P74,Continuous AI Monitoring,pattern,T_{threshold},"Map‚ü®Metric, ‚Ñù‚ü©",T_{threshold},threshold values for each monitored metric
P74,Continuous AI Monitoring,pattern,A_{alert},Anomaly ‚Üí Alert,A_{alert},alert generation function
P75,Proactive Intervention,pattern,P_{predict},Context ‚Üí Prediction,P_{predict},prediction function for user needs
P75,Proactive Intervention,pattern,T_{timing},Prediction ‚Üí Time,T_{timing},optimal timing function for intervention
P75,Proactive Intervention,pattern,A_{action},Prediction ‚Üí Action,A_{action},action selection function
P75,Proactive Intervention,pattern,U_{user},UserState,U_{user},current user state and cognitive load
P76,Ambient AI,pattern,C_{aware},Component,C_{aware},Component implementing Ambient AI functionality
P76,Ambient AI,pattern,P_{cont},Component,P_{cont},Component implementing Ambient AI functionality
P76,Ambient AI,pattern,I_{subtle},Component,I_{subtle},Component implementing Ambient AI functionality
P76,Ambient AI,pattern,E_{bg},Component,E_{bg},Component implementing Ambient AI functionality
P77,Intelligent Interruption,pattern,S_{load},Component,S_{load},Component implementing Intelligent Interruption functionality
P77,Intelligent Interruption,pattern,D_{boundary},Component,D_{boundary},Component implementing Intelligent Interruption functionality
P77,Intelligent Interruption,pattern,score_{urgency},Component,score_{urgency},Generator producing dynamic Intelligent Interruption output
P77,Intelligent Interruption,pattern,Sched,Component,Sched,Component implementing Intelligent Interruption functionality
P78,Background Task Management,pattern,Q_{tasks},Component,Q_{tasks},Component implementing Background Task Management functionality
P78,Background Task Management,pattern,I_{progress},Component,I_{progress},Component implementing Background Task Management functionality
P78,Background Task Management,pattern,N_{complete},Component,N_{complete},Component implementing Background Task Management functionality
P78,Background Task Management,pattern,S_{results},Component,S_{results},Component implementing Background Task Management functionality
P79,Anticipatory Action,pattern,P_{intent},Component,P_{intent},Component implementing Anticipatory Action functionality
P79,Anticipatory Action,pattern,Prep_{res},Component,Prep_{res},Component implementing Anticipatory Action functionality
P79,Anticipatory Action,pattern,E_{spec},Component,E_{spec},Component implementing Anticipatory Action functionality
P79,Anticipatory Action,pattern,V_{gate},Component,V_{gate},Component implementing Anticipatory Action functionality
P80,Voice Conversation,pattern,I_{speech},AudioStream,I_{speech},continuous audio input stream from user
P80,Voice Conversation,pattern,R_{intent},Intent \times Confidence,R_{intent},recognized intent with confidence score
P80,Voice Conversation,pattern,M_{dialog},List‚ü®Turn‚ü©,M_{dialog},conversation history and dialog state
P80,Voice Conversation,pattern,O_{speech},AudioStream,O_{speech},synthesized speech output to user
P80,Voice Conversation,pattern,H_{int},"\{\text{listening}, \text{processing}, \text{speaking}, \text{idle}\}",H_{int},current interaction state
P81,Voice Command with Visual Feedback,pattern,I_{voice},Component,I_{voice},Component implementing Voice Command with Visual Feedback functionality
P81,Voice Command with Visual Feedback,pattern,D_{trans},Component,D_{trans},Component implementing Voice Command with Visual Feedback functionality
P81,Voice Command with Visual Feedback,pattern,V_{intent},Component,V_{intent},Component implementing Voice Command with Visual Feedback functionality
P81,Voice Command with Visual Feedback,pattern,UI_{confirm},Component,UI_{confirm},Component implementing Voice Command with Visual Feedback functionality
P82,Multimodal Input Fusion,pattern,I_{voice},Component,I_{voice},Component implementing Multimodal Input Fusion functionality
P82,Multimodal Input Fusion,pattern,I_{gesture},Component,I_{gesture},Component implementing Multimodal Input Fusion functionality
P82,Multimodal Input Fusion,pattern,I_{screen},Component,I_{screen},Component implementing Multimodal Input Fusion functionality
P82,Multimodal Input Fusion,pattern,E_{fusion},Component,E_{fusion},Component implementing Multimodal Input Fusion functionality
P82,Multimodal Input Fusion,pattern,Intent_{unified},Component,Intent_{unified},Component implementing Multimodal Input Fusion functionality
P83,Voice-First Navigation,pattern,C_{voice},Component,C_{voice},Component implementing Voice-First Navigation functionality
P83,Voice-First Navigation,pattern,G_{nav},Component,G_{nav},Component implementing Voice-First Navigation functionality
P83,Voice-First Navigation,pattern,S_{shortcuts},Component,S_{shortcuts},Component implementing Voice-First Navigation functionality
P83,Voice-First Navigation,pattern,M_{confirm},Component,M_{confirm},Component implementing Voice-First Navigation functionality
P84,Continuous Dictation,pattern,T_{stream},Component,T_{stream},Stream processing component handling continuous Continuous Dictation data flow
P84,Continuous Dictation,pattern,D_{struct},Component,D_{struct},Component implementing Continuous Dictation functionality
P84,Continuous Dictation,pattern,F_{auto},Component,F_{auto},Component implementing Continuous Dictation functionality
P84,Continuous Dictation,pattern,M_{punct},Component,M_{punct},Component implementing Continuous Dictation functionality
P85,Voice Disambiguation,pattern,D_{ambig},Component,D_{ambig},Component implementing Voice Disambiguation functionality
P85,Voice Disambiguation,pattern,G_{clarify},Component,G_{clarify},Component implementing Voice Disambiguation functionality
P85,Voice Disambiguation,pattern,P_{choices},Component,P_{choices},Component implementing Voice Disambiguation functionality
P85,Voice Disambiguation,pattern,R_{ctx},Component,R_{ctx},Context container holding current application state for Voice Disambiguation
P86,Approval Checkpoint,pattern,T_{checkpoint},Component,T_{checkpoint},Component implementing Approval Checkpoint functionality
P86,Approval Checkpoint,pattern,G_{preview},Component,G_{preview},Component implementing Approval Checkpoint functionality
P86,Approval Checkpoint,pattern,UI_{approve},Component,UI_{approve},Component implementing Approval Checkpoint functionality
P86,Approval Checkpoint,pattern,Gate_{exec},Component,Gate_{exec},Component implementing Approval Checkpoint functionality
P87,Agency Slider,pattern,Spectrum_{control},Component,Spectrum_{control},Component implementing Agency Slider functionality
P87,Agency Slider,pattern,Level_{current},Component,Level_{current},Component implementing Agency Slider functionality
P87,Agency Slider,pattern,Sens_{ctx},Component,Sens_{ctx},Context container holding current application state for Agency Slider
P87,Agency Slider,pattern,Adj_{dynamic},Component,Adj_{dynamic},Component implementing Agency Slider functionality
P88,Collaboration Mode Switcher,pattern,Modes,Component,Modes,Component implementing Collaboration Mode Switcher functionality
P88,Collaboration Mode Switcher,pattern,T_{transition},Component,T_{transition},Component implementing Collaboration Mode Switcher functionality
P88,Collaboration Mode Switcher,pattern,P_{state},Component,P_{state},State management component maintaining Collaboration Mode Switcher state
P88,Collaboration Mode Switcher,pattern,I_{mode},Component,I_{mode},Component implementing Collaboration Mode Switcher functionality
P89,Confidence Indicator,pattern,Score_{conf},Component,Score_{conf},Component implementing Confidence Indicator functionality
P89,Confidence Indicator,pattern,V_{vis},Component,V_{vis},Component implementing Confidence Indicator functionality
P89,Confidence Indicator,pattern,Alert_{threshold},Component,Alert_{threshold},Component implementing Confidence Indicator functionality
P89,Confidence Indicator,pattern,Link_{explain},Component,Link_{explain},Component implementing Confidence Indicator functionality
P90,Explanation on Demand,pattern,Trace_{reason},Component,Trace_{reason},Component implementing Explanation on Demand functionality
P90,Explanation on Demand,pattern,G_{explain},Component,G_{explain},Component implementing Explanation on Demand functionality
P90,Explanation on Demand,pattern,P_{present},Component,P_{present},Component implementing Explanation on Demand functionality
P90,Explanation on Demand,pattern,Levels_{detail},Component,Levels_{detail},Component implementing Explanation on Demand functionality
P91,Intervention Request,pattern,D_{stuck},Component,D_{stuck},Component implementing Intervention Request functionality
P91,Intervention Request,pattern,R_{help},Component,R_{help},Component implementing Intervention Request functionality
P91,Intervention Request,pattern,Prov_{ctx},Component,Prov_{ctx},Context container holding current application state for Intervention Request
P91,Intervention Request,pattern,Resp_{human},Component,Resp_{human},Component implementing Intervention Request functionality
P92,Contextual Undo/Rollback,pattern,H_{actions},Component,H_{actions},Component implementing Contextual Undo/Rollback functionality
P92,Contextual Undo/Rollback,pattern,Snap_{state},Component,Snap_{state},State management component maintaining Contextual Undo/Rollback state
P92,Contextual Undo/Rollback,pattern,Track_{dep},Component,Track_{dep},Component implementing Contextual Undo/Rollback functionality
P92,Contextual Undo/Rollback,pattern,Prev_{undo},Component,Prev_{undo},Component implementing Contextual Undo/Rollback functionality
P93,Agent Thinking Indicator,pattern,P_{reasoning},Component,P_{reasoning},Component implementing Agent Thinking Indicator functionality
P93,Agent Thinking Indicator,pattern,V_{display},Component,V_{display},Component implementing Agent Thinking Indicator functionality
P93,Agent Thinking Indicator,pattern,Phase_{current},Component,Phase_{current},Component implementing Agent Thinking Indicator functionality
P94,Tool Execution Visualization,pattern,T_{active},Component,T_{active},Component implementing Tool Execution Visualization functionality
P94,Tool Execution Visualization,pattern,P_{progress},Component,P_{progress},Component implementing Tool Execution Visualization functionality
P94,Tool Execution Visualization,pattern,R_{results},Component,R_{results},Component implementing Tool Execution Visualization functionality
P94,Tool Execution Visualization,pattern,E_{errors},Component,E_{errors},Component implementing Tool Execution Visualization functionality
P95,Multi-Step Progress,pattern,Steps,Component,Steps,Component implementing Multi-Step Progress functionality
P95,Multi-Step Progress,pattern,Current,Component,Current,Component implementing Multi-Step Progress functionality
P95,Multi-Step Progress,pattern,Completed,Component,Completed,Component implementing Multi-Step Progress functionality
P95,Multi-Step Progress,pattern,Remaining,Component,Remaining,Component implementing Multi-Step Progress functionality
P96,Real-Time Confidence Display,pattern,Conf_{stream},Component,Conf_{stream},Stream processing component handling continuous Real-Time Confidence Display data flow
P96,Real-Time Confidence Display,pattern,Update_{live},Component,Update_{live},Component implementing Real-Time Confidence Display functionality
P96,Real-Time Confidence Display,pattern,Threshold_{alert},Component,Threshold_{alert},Component implementing Real-Time Confidence Display functionality
P97,Resource Usage Indicator,pattern,API_{calls},Component,API_{calls},Component implementing Resource Usage Indicator functionality
P97,Resource Usage Indicator,pattern,Tokens_{used},Component,Tokens_{used},Component implementing Resource Usage Indicator functionality
P97,Resource Usage Indicator,pattern,Cost_{current},Component,Cost_{current},Component implementing Resource Usage Indicator functionality
P97,Resource Usage Indicator,pattern,Limits,Component,Limits,Component implementing Resource Usage Indicator functionality
P98,Agent State Timeline,pattern,States,Component,States,State management component maintaining Agent State Timeline state
P98,Agent State Timeline,pattern,Decisions,Component,Decisions,Component implementing Agent State Timeline functionality
P98,Agent State Timeline,pattern,Transitions,Component,Transitions,Component implementing Agent State Timeline functionality
P98,Agent State Timeline,pattern,History,Component,History,Component implementing Agent State Timeline functionality
P99,Knowledge Graph Explorer,pattern,G,Component,G,Component implementing Knowledge Graph Explorer functionality
P99,Knowledge Graph Explorer,pattern,N_{focus},Component,N_{focus},Component implementing Knowledge Graph Explorer functionality
P99,Knowledge Graph Explorer,pattern,Traverse,Component,Traverse,Component implementing Knowledge Graph Explorer functionality
P99,Knowledge Graph Explorer,pattern,Filter,Component,Filter,Component implementing Knowledge Graph Explorer functionality
P99,Knowledge Graph Explorer,pattern,Layout,Component,Layout,Component implementing Knowledge Graph Explorer functionality
P100,Source Citation,pattern,Sources,Set‚ü®Source‚ü©,Sources,set of source documents with metadata
P100,Source Citation,pattern,Inline_{refs},"Map‚ü®TextSpan, SourceId‚ü©",Inline_{refs},mapping from content spans to sources
P100,Source Citation,pattern,Links,Set‚ü®URI‚ü©,Links,hyperlinks to original sources
P100,Source Citation,pattern,Verification,SourceId ‚Üí Boolean,Verification,verifies source accessibility and validity
P101,Retrieval Path Visualization,pattern,Query,String √ó Embedding,Query,user query with vector embedding
P101,Retrieval Path Visualization,pattern,Path_{retrieval},Seq‚ü®Node √ó Edge‚ü©,Path_{retrieval},sequence of nodes and edges traversed in graph
P101,Retrieval Path Visualization,pattern,Nodes_{visited},Set‚ü®Node‚ü©,Nodes_{visited},all nodes explored during retrieval
P101,Retrieval Path Visualization,pattern,Score_{relevance},"Node ‚Üí [0,1]",Score_{relevance},relevance score for each node
P102,Confidence-Based Highlighting,pattern,Text,Seq‚ü®TextSpan‚ü©,Text,sequence of text segments
P102,Confidence-Based Highlighting,pattern,Conf_{scores},"TextSpan ‚Üí [0,1]",Conf_{scores},confidence mapping for each span
P102,Confidence-Based Highlighting,pattern,Colors,"[0,1] ‚Üí RGB",Colors,color scale from low to high confidence
P102,Confidence-Based Highlighting,pattern,Thresholds,Seq‚ü®‚Ñù‚ü©,Thresholds,confidence thresholds for coloring tiers
P103,Multi-Source Reconciliation,pattern,Sources,Set‚ü®Source √ó Claim‚ü©,Sources,multiple sources making potentially conflicting claims
P103,Multi-Source Reconciliation,pattern,Conflicts,Set‚ü®Claim √ó Claim √ó ConflictType‚ü©,Conflicts,detected contradictions between sources
P103,Multi-Source Reconciliation,pattern,Resolution,Conflict ‚Üí ResolvedClaim,Resolution,strategy for resolving conflicts
P103,Multi-Source Reconciliation,pattern,Display,ResolvedClaim ‚Üí Visualization,Display,how to present reconciled information
P104,Graph Query Builder,pattern,G,"Graph‚ü®V, E‚ü©",G,underlying knowledge graph
P104,Graph Query Builder,pattern,Q_{visual},VisualQuery,Q_{visual},visual pattern representation
P104,Graph Query Builder,pattern,Cypher,String,Cypher,generated query language text
P104,Graph Query Builder,pattern,Execute,Cypher ‚Üí ResultSet,Execute,query execution function
P105,Semantic Similarity Visualizer,pattern,Concepts,Set‚ü®Concept‚ü©,Concepts,set of semantic concepts to compare
P105,Semantic Similarity Visualizer,pattern,Sim_{matrix},"Concept √ó Concept ‚Üí [0,1]",Sim_{matrix},pairwise similarity scores
P105,Semantic Similarity Visualizer,pattern,Layout,Concept ‚Üí ‚Ñù¬≤,Layout,2D spatial positioning of concepts
P105,Semantic Similarity Visualizer,pattern,Threshold,"‚Ñù ‚àà [0,1]",Threshold,minimum similarity to display connection
P106,Auto-Updating Content,pattern,Content,Component,Content,Component implementing Auto-Updating Content functionality
P106,Auto-Updating Content,pattern,Sources,Component,Sources,Component implementing Auto-Updating Content functionality
P106,Auto-Updating Content,pattern,Monitor,Component,Monitor,Component implementing Auto-Updating Content functionality
P106,Auto-Updating Content,pattern,Update_{trigger},Component,Update_{trigger},Component implementing Auto-Updating Content functionality
P107,Suggested Edits,pattern,Content,Document,Content,original document content to be improved
P107,Suggested Edits,pattern,Improvements,Set‚ü®Edit‚ü©,Improvements,set of AI-suggested edits with rationale
P107,Suggested Edits,pattern,Confidence,"Edit ‚Üí [0,1]",Confidence,confidence score for each suggested edit
P107,Suggested Edits,pattern,Approval,"Edit ‚Üí \{\text{pending}, \text{accepted}, \text{rejected}\}",Approval,approval state for each edit
P108,Cross-Document Linking,pattern,Docs,Set‚ü®Document‚ü©,Docs,collection of interrelated documents
P108,Cross-Document Linking,pattern,Relationships,Set‚ü®Link‚ü©,Relationships,semantic relationships between documents
P108,Cross-Document Linking,pattern,Auto_{link},"(Document √ó Document) ‚Üí [0,1]",Auto_{link},AI-computed relevance score for linking
P108,Cross-Document Linking,pattern,Display,Link ‚Üí Visualization,Display,how links are rendered in UI
P109,Outdated Content Detection,pattern,Content,Document,Content,document content to be checked for staleness
P109,Outdated Content Detection,pattern,Sources,Set‚ü®Source √ó Timestamp‚ü©,Sources,external sources with last-checked timestamps
P109,Outdated Content Detection,pattern,Freshness,ContentSpan ‚Üí ‚Ñù,Freshness,freshness score per content segment (higher = fresher)
P109,Outdated Content Detection,pattern,Alerts,Set‚ü®Alert‚ü©,Alerts,detected outdated content notifications
P110,Collaborative Document Intelligence,pattern,Agents,Set‚ü®Agent‚ü©,Agents,multiple AI agents collaborating on document
P110,Collaborative Document Intelligence,pattern,Document,SharedDocument,Document,shared document state with version control
P110,Collaborative Document Intelligence,pattern,Contributions,Seq‚ü®Contribution‚ü©,Contributions,ordered sequence of agent contributions
P110,Collaborative Document Intelligence,pattern,Coordination,Agent √ó Agent ‚Üí Protocol,Coordination,coordination mechanism between agents
P111,Document Evolution Timeline,pattern,Versions,Seq‚ü®Version‚ü©,Versions,chronologically ordered document versions
P111,Document Evolution Timeline,pattern,Changes,Version √ó Version ‚Üí Delta,Changes,computed diff between consecutive versions
P111,Document Evolution Timeline,pattern,Contributors,Version ‚Üí Set‚ü®Actor‚ü©,Contributors,humans and AI agents that modified each version
P111,Document Evolution Timeline,pattern,Timestamps,Version ‚Üí Time,Timestamps,temporal mapping of versions
P112,Event Stream Visualization,pattern,Events,Stream‚ü®Event‚ü©,Events,real-time stream of events
P112,Event Stream Visualization,pattern,Timeline,Time ‚Üí Set‚ü®Event‚ü©,Timeline,temporal index of events
P112,Event Stream Visualization,pattern,Filter,Event ‚Üí Boolean,Filter,predicate to filter events
P112,Event Stream Visualization,pattern,Aggregation,Seq‚ü®Event‚ü© ‚Üí Aggregate,Aggregation,grouping and summarization of events
P113,Event Replay Control,pattern,History,Seq‚ü®Event‚ü©,History,recorded sequence of past events
P113,Event Replay Control,pattern,Selector,(Event ‚Üí Boolean) √ó TimeRange,Selector,predicate and time range for replay selection
P113,Event Replay Control,pattern,Playback,PlaybackControl,Playback,"controls for playback speed, pause, step"
P113,Event Replay Control,pattern,State_{restore},Seq‚ü®Event‚ü© ‚Üí State,State_{restore},reconstructs system state from event sequence
P114,Stream Backpressure,pattern,Stream,Stream‚ü®Event‚ü©,Stream,incoming event stream with variable rate
P114,Stream Backpressure,pattern,Buffer,BoundedQueue‚ü®Event‚ü©,Buffer,bounded buffer for temporary storage
P114,Stream Backpressure,pattern,Rate_{control},‚Ñï √ó Time,Rate_{control},maximum events per time unit
P114,Stream Backpressure,pattern,Drop_{strategy},Strategy,Drop_{strategy},policy for dropping events when overwhelmed
P115,Event-Driven State Updates,pattern,State,ApplicationState,State,current application state
P115,Event-Driven State Updates,pattern,Event_{stream},Stream‚ü®Event‚ü©,Event_{stream},incoming event stream triggering updates
P115,Event-Driven State Updates,pattern,Reducer,State √ó Event ‚Üí State,Reducer,pure function computing state transitions
P115,Event-Driven State Updates,pattern,UI_{sync},State ‚Üí Effect,UI_{sync},synchronizes UI with state changes
P116,Multi-Stream Coordination UI,pattern,Streams,Set‚ü®Stream‚ü®Event‚ü©‚ü©,Streams,multiple independent event streams
P116,Multi-Stream Coordination UI,pattern,Sync,SyncStrategy,Sync,time synchronization strategy for streams
P116,Multi-Stream Coordination UI,pattern,Merge,Set‚ü®Stream‚ü© ‚Üí Stream,Merge,combines multiple streams into unified stream
P116,Multi-Stream Coordination UI,pattern,Display,Stream ‚Üí Visualization,Display,visualization of merged stream
P117,Event Filter & Query,pattern,Stream,Stream‚ü®Event‚ü©,Stream,event stream to be queried
P117,Event Filter & Query,pattern,Filters,Set‚ü®Predicate‚ü©,Filters,collection of filter predicates
P117,Event Filter & Query,pattern,Query_{language},QueryLanguage,Query_{language},domain-specific query language for events
P117,Event Filter & Query,pattern,Results,Stream‚ü®Event‚ü©,Results,filtered/queried result stream
P118,Domain Context Switcher,pattern,Domains,Component,Domains,Component implementing Domain Context Switcher functionality
P118,Domain Context Switcher,pattern,Context_{current},Component,Context_{current},Context container holding current application state for Domain Context Switcher
P118,Domain Context Switcher,pattern,Switch,Component,Switch,Component implementing Domain Context Switcher functionality
P118,Domain Context Switcher,pattern,Preserve_{state},Component,Preserve_{state},State management component maintaining Domain Context Switcher state
P119,Cross-Domain Integration View,pattern,Domains,Set‚ü®Domain‚ü©,Domains,collection of distinct business/data domains
P119,Cross-Domain Integration View,pattern,Data_{integrated},Domain ‚Üí DataSet,Data_{integrated},integrated data from each domain
P119,Cross-Domain Integration View,pattern,Relationships,Set‚ü®CrossDomainLink‚ü©,Relationships,relationships spanning domain boundaries
P119,Cross-Domain Integration View,pattern,Unified_{display},Visualization,Unified_{display},unified view integrating all domains
P120,Domain-Specific Agent Activation,pattern,Domain,Component,Domain,Component implementing Domain-Specific Agent Activation functionality
P120,Domain-Specific Agent Activation,pattern,Agents_{specialist},Component,Agents_{specialist},Generator producing dynamic Domain-Specific Agent Activation output
P120,Domain-Specific Agent Activation,pattern,Activation,Component,Activation,Component implementing Domain-Specific Agent Activation functionality
P120,Domain-Specific Agent Activation,pattern,Context,Component,Context,Context container holding current application state for Domain-Specific Agent Activation
P121,Context Preservation Across Domains,pattern,Context,Component,Context,Context container holding current application state for Context Preservation Across Domains
P121,Context Preservation Across Domains,pattern,Domain_{src},Component,Domain_{src},Component implementing Context Preservation Across Domains functionality
P121,Context Preservation Across Domains,pattern,Domain_{tgt},Component,Domain_{tgt},Component implementing Context Preservation Across Domains functionality
P121,Context Preservation Across Domains,pattern,Transform,Component,Transform,Component implementing Context Preservation Across Domains functionality
P122,Multi-Domain Dashboard,pattern,Domains,Component,Domains,Component implementing Multi-Domain Dashboard functionality
P122,Multi-Domain Dashboard,pattern,Metrics,Component,Metrics,Component implementing Multi-Domain Dashboard functionality
P122,Multi-Domain Dashboard,pattern,Aggregation,Component,Aggregation,Component implementing Multi-Domain Dashboard functionality
P122,Multi-Domain Dashboard,pattern,Layout,Component,Layout,Component implementing Multi-Domain Dashboard functionality
P123,Domain Boundary Indicator,pattern,Domain_{current},Component,Domain_{current},Component implementing Domain Boundary Indicator functionality
P123,Domain Boundary Indicator,pattern,Scope,Component,Scope,Component implementing Domain Boundary Indicator functionality
P123,Domain Boundary Indicator,pattern,Visual_{cue},Component,Visual_{cue},Component implementing Domain Boundary Indicator functionality
P123,Domain Boundary Indicator,pattern,Alerts,Component,Alerts,Component implementing Domain Boundary Indicator functionality
P124,Agent Trace Viewer,pattern,Execution,Component,Execution,Component implementing Agent Trace Viewer functionality
P124,Agent Trace Viewer,pattern,Steps,Component,Steps,Component implementing Agent Trace Viewer functionality
P124,Agent Trace Viewer,pattern,Branch_{decisions},Component,Branch_{decisions},Component implementing Agent Trace Viewer functionality
P124,Agent Trace Viewer,pattern,Visualization,Component,Visualization,Component implementing Agent Trace Viewer functionality
P125,Decision Explanation,pattern,Decision,Component,Decision,Component implementing Decision Explanation functionality
P125,Decision Explanation,pattern,Reasoning,Component,Reasoning,Component implementing Decision Explanation functionality
P125,Decision Explanation,pattern,Factors,Component,Factors,Component implementing Decision Explanation functionality
P125,Decision Explanation,pattern,Alternatives,Component,Alternatives,Component implementing Decision Explanation functionality
P126,Token Usage Display,pattern,Usage,Component,Usage,Component implementing Token Usage Display functionality
P126,Token Usage Display,pattern,Cost,Component,Cost,Component implementing Token Usage Display functionality
P126,Token Usage Display,pattern,Limits,Component,Limits,Component implementing Token Usage Display functionality
P126,Token Usage Display,pattern,Breakdown,Component,Breakdown,Component implementing Token Usage Display functionality
P127,Error Debug Interface,pattern,Error,Component,Error,Component implementing Error Debug Interface functionality
P127,Error Debug Interface,pattern,Stack_{trace},Component,Stack_{trace},Component implementing Error Debug Interface functionality
P127,Error Debug Interface,pattern,Context,Component,Context,Context container holding current application state for Error Debug Interface
P127,Error Debug Interface,pattern,Solutions,Component,Solutions,Component implementing Error Debug Interface functionality
P128,A/B Test Results,pattern,Variants,Component,Variants,Component implementing A/B Test Results functionality
P128,A/B Test Results,pattern,Metrics,Component,Metrics,Component implementing A/B Test Results functionality
P128,A/B Test Results,pattern,Statistical_{sig},Component,Statistical_{sig},Component implementing A/B Test Results functionality
P128,A/B Test Results,pattern,Winner,Component,Winner,Component implementing A/B Test Results functionality
P129,Performance Metrics Dashboard,pattern,Metrics,Component,Metrics,Component implementing Performance Metrics Dashboard functionality
P129,Performance Metrics Dashboard,pattern,Time_{series},Component,Time_{series},Component implementing Performance Metrics Dashboard functionality
P129,Performance Metrics Dashboard,pattern,Thresholds,Component,Thresholds,Component implementing Performance Metrics Dashboard functionality
P129,Performance Metrics Dashboard,pattern,Alerts,Component,Alerts,Component implementing Performance Metrics Dashboard functionality
P130,AI Agent Presence Indicator,pattern,Agents_{active},Component,Agents_{active},Generator producing dynamic AI Agent Presence Indicator output
P130,AI Agent Presence Indicator,pattern,Status,Component,Status,Component implementing AI Agent Presence Indicator functionality
P130,AI Agent Presence Indicator,pattern,Location_{virtual},Component,Location_{virtual},Component implementing AI Agent Presence Indicator functionality
P130,AI Agent Presence Indicator,pattern,Activity,Component,Activity,Component implementing AI Agent Presence Indicator functionality
P131,Multi-User + AI Avatar,pattern,Participants,Component,Participants,Component implementing Multi-User + AI Avatar functionality
P131,Multi-User + AI Avatar,pattern,Humans,Component,Humans,Component implementing Multi-User + AI Avatar functionality
P131,Multi-User + AI Avatar,pattern,Agents,Component,Agents,Generator producing dynamic Multi-User + AI Avatar output
P131,Multi-User + AI Avatar,pattern,Visual_{rep},Component,Visual_{rep},Component implementing Multi-User + AI Avatar functionality
P132,AI Cursor Sharing,pattern,Agent,Component,Agent,Generator producing dynamic AI Cursor Sharing output
P132,AI Cursor Sharing,pattern,Focus_{current},Component,Focus_{current},Component implementing AI Cursor Sharing functionality
P132,AI Cursor Sharing,pattern,Path,Component,Path,Component implementing AI Cursor Sharing functionality
P132,AI Cursor Sharing,pattern,Highlight,Component,Highlight,Component implementing AI Cursor Sharing functionality
P133,Activity Feed,pattern,Events,Component,Events,Component implementing Activity Feed functionality
P133,Activity Feed,pattern,Actors,Component,Actors,Component implementing Activity Feed functionality
P133,Activity Feed,pattern,Timestamps,Component,Timestamps,Component implementing Activity Feed functionality
P133,Activity Feed,pattern,Filter,Component,Filter,Component implementing Activity Feed functionality
P134,Collaboration Session,pattern,Participants,Component,Participants,Component implementing Collaboration Session functionality
P134,Collaboration Session,pattern,Workspace,Component,Workspace,Component implementing Collaboration Session functionality
P134,Collaboration Session,pattern,Coordination,Component,Coordination,Component implementing Collaboration Session functionality
P134,Collaboration Session,pattern,State_{shared},Component,State_{shared},State management component maintaining Collaboration Session state
P135,Conflict Resolution Interface,pattern,Conflicts,Component,Conflicts,Component implementing Conflict Resolution Interface functionality
P135,Conflict Resolution Interface,pattern,Options,Component,Options,Component implementing Conflict Resolution Interface functionality
P135,Conflict Resolution Interface,pattern,Reasoning,Component,Reasoning,Component implementing Conflict Resolution Interface functionality
P135,Conflict Resolution Interface,pattern,Choose,Component,Choose,Component implementing Conflict Resolution Interface functionality
P136,User Preference Learning,pattern,Interactions,Component,Interactions,Component implementing User Preference Learning functionality
P136,User Preference Learning,pattern,Patterns,Component,Patterns,Component implementing User Preference Learning functionality
P136,User Preference Learning,pattern,Model,Component,Model,Component implementing User Preference Learning functionality
P136,User Preference Learning,pattern,Adaptation,Component,Adaptation,Component implementing User Preference Learning functionality
P137,Adaptive Interface,pattern,UI,Component,UI,Component implementing Adaptive Interface functionality
P137,Adaptive Interface,pattern,User_{behavior},Component,User_{behavior},Component implementing Adaptive Interface functionality
P137,Adaptive Interface,pattern,Learn,Component,Learn,Component implementing Adaptive Interface functionality
P137,Adaptive Interface,pattern,Adapt,Component,Adapt,Component implementing Adaptive Interface functionality
P138,Personalized Agent Configuration,pattern,User,Component,User,Component implementing Personalized Agent Configuration functionality
P138,Personalized Agent Configuration,pattern,Agents,Component,Agents,Generator producing dynamic Personalized Agent Configuration output
P138,Personalized Agent Configuration,pattern,Config,Component,Config,Component implementing Personalized Agent Configuration functionality
P138,Personalized Agent Configuration,pattern,Optimize,Component,Optimize,Component implementing Personalized Agent Configuration functionality
P139,Learning Progress Indicator,pattern,Model,Component,Model,Component implementing Learning Progress Indicator functionality
P139,Learning Progress Indicator,pattern,Training_{data},Component,Training_{data},Component implementing Learning Progress Indicator functionality
P139,Learning Progress Indicator,pattern,Accuracy,Component,Accuracy,Component implementing Learning Progress Indicator functionality
P139,Learning Progress Indicator,pattern,Progress,Component,Progress,Component implementing Learning Progress Indicator functionality
P140,Reset/Retrain Controls,pattern,Model,Component,Model,Component implementing Reset/Retrain Controls functionality
P140,Reset/Retrain Controls,pattern,Reset,Component,Reset,Component implementing Reset/Retrain Controls functionality
P140,Reset/Retrain Controls,pattern,Retrain,Component,Retrain,Component implementing Reset/Retrain Controls functionality
P140,Reset/Retrain Controls,pattern,Confirm,Component,Confirm,Component implementing Reset/Retrain Controls functionality
P141,Workflow Template Gallery,pattern,Templates,Component,Templates,Component implementing Workflow Template Gallery functionality
P141,Workflow Template Gallery,pattern,Categories,Component,Categories,Component implementing Workflow Template Gallery functionality
P141,Workflow Template Gallery,pattern,Preview,Component,Preview,Component implementing Workflow Template Gallery functionality
P141,Workflow Template Gallery,pattern,Instantiate,Component,Instantiate,Component implementing Workflow Template Gallery functionality
P142,Automation Builder,pattern,Components,Component,Components,Component implementing Automation Builder functionality
P142,Automation Builder,pattern,Canvas_{visual},Component,Canvas_{visual},Component implementing Automation Builder functionality
P142,Automation Builder,pattern,Connect,Component,Connect,Component implementing Automation Builder functionality
P142,Automation Builder,pattern,Execute,Component,Execute,Component implementing Automation Builder functionality
P143,Scheduled Agent,pattern,Agent,Component,Agent,Generator producing dynamic Scheduled Agent output
P143,Scheduled Agent,pattern,Schedule,Component,Schedule,Component implementing Scheduled Agent functionality
P143,Scheduled Agent,pattern,Trigger,Component,Trigger,Component implementing Scheduled Agent functionality
P143,Scheduled Agent,pattern,Execute,Component,Execute,Component implementing Scheduled Agent functionality
P144,Trigger-Action,pattern,Trigger,Component,Trigger,Component implementing Trigger-Action functionality
P144,Trigger-Action,pattern,Condition,Component,Condition,Component implementing Trigger-Action functionality
P144,Trigger-Action,pattern,Action,Component,Action,Component implementing Trigger-Action functionality
P144,Trigger-Action,pattern,Execute,Component,Execute,Component implementing Trigger-Action functionality
P145,Workflow Monitoring Dashboard,pattern,Workflows,Component,Workflows,Component implementing Workflow Monitoring Dashboard functionality
P145,Workflow Monitoring Dashboard,pattern,Status,Component,Status,Component implementing Workflow Monitoring Dashboard functionality
P145,Workflow Monitoring Dashboard,pattern,Metrics,Component,Metrics,Component implementing Workflow Monitoring Dashboard functionality
P145,Workflow Monitoring Dashboard,pattern,Control,Component,Control,Component implementing Workflow Monitoring Dashboard functionality
P146,Token Budget Indicator,pattern,Budget,Component,Budget,Component implementing Token Budget Indicator functionality
P146,Token Budget Indicator,pattern,Used,Component,Used,Component implementing Token Budget Indicator functionality
P146,Token Budget Indicator,pattern,Remaining,Component,Remaining,Component implementing Token Budget Indicator functionality
P146,Token Budget Indicator,pattern,Alerts,Component,Alerts,Component implementing Token Budget Indicator functionality
P147,Cost Estimation Preview,pattern,Action,Component,Action,Component implementing Cost Estimation Preview functionality
P147,Cost Estimation Preview,pattern,Tokens_{estimated},Component,Tokens_{estimated},Component implementing Cost Estimation Preview functionality
P147,Cost Estimation Preview,pattern,Cost,Component,Cost,Component implementing Cost Estimation Preview functionality
P147,Cost Estimation Preview,pattern,Preview,Component,Preview,Component implementing Cost Estimation Preview functionality
P148,Resource Limit Controls,pattern,Limits,Component,Limits,Component implementing Resource Limit Controls functionality
P148,Resource Limit Controls,pattern,Current,Component,Current,Component implementing Resource Limit Controls functionality
P148,Resource Limit Controls,pattern,Controls,Component,Controls,Component implementing Resource Limit Controls functionality
P148,Resource Limit Controls,pattern,Enforcement,Component,Enforcement,Component implementing Resource Limit Controls functionality
P149,Usage Analytics Dashboard,pattern,Usage_{history},Component,Usage_{history},Component implementing Usage Analytics Dashboard functionality
P149,Usage Analytics Dashboard,pattern,Trends,Component,Trends,Component implementing Usage Analytics Dashboard functionality
P149,Usage Analytics Dashboard,pattern,Breakdown,Component,Breakdown,Component implementing Usage Analytics Dashboard functionality
P149,Usage Analytics Dashboard,pattern,Insights,Component,Insights,Component implementing Usage Analytics Dashboard functionality
P150,Rate Limit Warning,pattern,Rate,Component,Rate,Component implementing Rate Limit Warning functionality
P150,Rate Limit Warning,pattern,Limit,Component,Limit,Component implementing Rate Limit Warning functionality
P150,Rate Limit Warning,pattern,Warning_{threshold},Component,Warning_{threshold},Component implementing Rate Limit Warning functionality
P150,Rate Limit Warning,pattern,Alert,Component,Alert,Component implementing Rate Limit Warning functionality
P152,Audit Trail Viewer,pattern,Actions,Component,Actions,Component implementing Audit Trail Viewer functionality
P152,Audit Trail Viewer,pattern,Actors,Component,Actors,Component implementing Audit Trail Viewer functionality
P152,Audit Trail Viewer,pattern,Timestamps,Component,Timestamps,Component implementing Audit Trail Viewer functionality
P152,Audit Trail Viewer,pattern,Filter,Component,Filter,Component implementing Audit Trail Viewer functionality
P153,Data Access Transparency,pattern,Data,Component,Data,Component implementing Data Access Transparency functionality
P153,Data Access Transparency,pattern,Accessor,Component,Accessor,Component implementing Data Access Transparency functionality
P153,Data Access Transparency,pattern,Purpose,Component,Purpose,Component implementing Data Access Transparency functionality
P153,Data Access Transparency,pattern,Disclosure,Component,Disclosure,Component implementing Data Access Transparency functionality
P154,Secure Credential Management,pattern,Credentials,Component,Credentials,Component implementing Secure Credential Management functionality
P154,Secure Credential Management,pattern,Encryption,Component,Encryption,Component implementing Secure Credential Management functionality
P154,Secure Credential Management,pattern,Access_{control},Component,Access_{control},Component implementing Secure Credential Management functionality
P154,Secure Credential Management,pattern,Rotation,Component,Rotation,Component implementing Secure Credential Management functionality
P155,Trust Score Indicator,pattern,Agent,Component,Agent,Generator producing dynamic Trust Score Indicator output
P155,Trust Score Indicator,pattern,Behavior_{history},Component,Behavior_{history},Component implementing Trust Score Indicator functionality
P155,Trust Score Indicator,pattern,Reliability,Component,Reliability,Component implementing Trust Score Indicator functionality
P155,Trust Score Indicator,pattern,Score,Component,Score,Component implementing Trust Score Indicator functionality
