id,name,pattern_type,category_name,category,status,complexity,version,tuple_notation,component_count,type_def_count,property_count,operation_count,manifestation_count,dependency_count,has_circular_deps
C1,Graph Structure,concept,Foundational Concepts,concept,stable,medium,1.1,"$G = (N, E, \lambda_n, \lambda_e)$",2,0,2,3,7,0,no
P1,Direct Manipulation Canvas,pattern,Interface Patterns,pattern,stable,low,1.1,"$C = (viewport, objects, cursor, tools, state)$",5,0,3,1,5,0,no
F1.1,,flow,Process Flows,pattern,stable,medium,1.1,"$F = (source, validator, normalizer, store)$",4,4,3,3,5,0,no
F1.2,,flow,Process Flows,pattern,stable,medium,1.1,"$I = (source, parser, transformer, integrator)$",4,4,3,3,5,0,no
F1.3,,flow,Process Flows,pattern,stable,medium,1.1,"$L = (stream, buffer, processor, emitter)$",4,3,3,3,5,0,no
C2,Document/Artifact,concept,Foundational Concepts,pattern,stable,medium,1.1,"$doc = (state, process, visualize, interact) : \text{Input} \to \text{Output}$",4,3,4,3,3,0,no
P2,Command Interface,pattern,Interface Patterns,pattern,stable,low,1.1,"$I = (input, parser, executor, history)$",4,0,3,3,4,0,no
F2.1,,flow,Process Flows,pattern,stable,medium,1.1,"$P = (stages, ir, error\_handler, compose)$",4,3,3,3,5,0,no
F2.2,,flow,Process Flows,pattern,stable,medium,1.1,"$A = (agents, coordinator, tasks, results)$",4,3,3,3,5,0,no
F2.3,,flow,Process Flows,pattern,stable,medium,1.1,"$I = (graph, cache, invalidate, recompute)$",4,2,3,3,5,0,no
F2.4,,flow,Process Flows,pattern,stable,medium,1.1,"$E = (base, enrichers, combine, output)$",4,4,3,3,5,0,no
C3,Symbolic Expression,concept,Foundational Concepts,concept,stable,medium,1.1,"$T = (root, children)$",2,0,3,3,5,0,no
P3,Hierarchical Navigator,pattern,Interface Patterns,pattern,stable,low,1.1,"$N = (tree, selection, expansion, breadcrumb)$",4,0,3,3,5,0,no
F3.1,,flow,Process Flows,pattern,stable,medium,1.1,"$L = (observe, learn, update, apply)$",4,4,3,3,5,0,no
F3.2,,flow,Process Flows,pattern,stable,medium,1.1,"$V = (validate, report, correct, verify)$",4,4,3,3,5,0,no
F3.3,,flow,Process Flows,pattern,stable,medium,1.1,"$A = (monitor, detect, adjust, measure)$",4,4,1,0,5,0,no
F3.4,,flow,Process Flows,pattern,stable,medium,1.1,"$U = (track, infer, personalize, apply)$",4,4,3,3,5,0,no
C4,Metadata Schema,concept,Foundational Concepts,concept,stable,medium,1.1,"$M = (schema, data, validators)$",3,0,3,3,5,0,no
P4,Property Inspector,pattern,Interface Patterns,pattern,stable,low,1.1,"$I = (selection, fields, validators, commit)$",4,0,3,3,4,0,no
F4.1,,flow,Process Flows,pattern,stable,medium,1.1,"$R = (state, render, diff, patch)$",4,4,3,3,5,0,no
F4.2,,flow,Process Flows,pattern,stable,medium,1.1,"$N = (trigger, route, format, deliver)$",4,4,3,3,5,0,no
F4.3,,flow,Process Flows,pattern,stable,medium,1.1,"$E = (source, transform, validate, publish)$",4,4,3,3,5,0,no
F4.4,,flow,Process Flows,pattern,stable,medium,1.1,"$M = (query, compute, cache, refresh)$",4,4,3,3,5,0,no
C5,Version History,concept,Foundational Concepts,concept,stable,medium,1.1,"$H = (states, deltas, branches)$",3,0,3,3,5,0,no
F5,Collaborative Editing Flow,flow,Process Flows,flow,stable,medium,1.1,"$E = (U, D, O, T, M, \delta_{F5})$",2,0,0,3,4,0,no
P5,Tabbed Workspace,pattern,Interface Patterns,pattern,stable,low,1.1,"$W = (tabs, active, buffers, state)$",4,0,3,3,4,0,no
F6,Error Recovery Flow,flow,Process Flows,flow,stable,medium,1.1,"$E = (detect, classify, strategy, recover)$",4,3,3,3,5,0,no
P6,Palette/Toolbar,pattern,Interface Patterns,pattern,stable,low,1.1,"$pal = (state, process, visualize, interact) : \text{Input} \to \text{Output}$",4,3,4,3,3,0,no
P7,Breadcrumb Trail,pattern,Interface Patterns,pattern,stable,low,1.1,"$B = (path, separators, actions)$",3,0,3,2,3,0,no
P8,Search-Based Navigation,pattern,Interface Patterns,pattern,stable,low,1.1,"$S = (query, index, results, ranker)$",4,0,3,3,4,0,no
P9,Backlinks/References,pattern,Interface Patterns,pattern,stable,low,1.1,"$bac = (state, process, visualize, interact) : \text{Input} \to \text{Output}$",4,3,4,3,3,0,no
P10,Parser/Compiler Pipeline,pattern,Backend Patterns,pattern,stable,low,1.1,"$pp = (state, process, visualize, interact) : \text{Input} \to \text{Output}$",4,3,4,3,3,0,no
P11,Validator/Checker,pattern,Backend Patterns,pattern,stable,low,1.1,"$val = (state, process, visualize, interact) : \text{Input} \to \text{Output}$",4,3,4,3,3,0,no
P12,Solver/Optimizer,pattern,Backend Patterns,pattern,stable,low,1.1,"$sol = (state, process, visualize, interact) : \text{Input} \to \text{Output}$",4,3,4,3,3,0,no
P13,Indexer/Query Engine,pattern,Backend Patterns,pattern,stable,low,1.1,"$ie = (state, process, visualize, interact) : \text{Input} \to \text{Output}$",4,3,4,3,3,0,no
P14,Agent Swarm,pattern,Backend Patterns,pattern,stable,low,1.1,"$A = (agents, tasks, coord, results)$",4,4,3,6,4,0,no
P15,Reasoning Chain,pattern,Backend Patterns,pattern,stable,low,1.1,"$R = (steps, state, deps, result)$",4,3,3,2,4,0,no
P16,Suggestion/Recommendation System,pattern,Backend Patterns,pattern,stable,low,1.1,"$ss = (state, process, visualize, interact) : \text{Input} \to \text{Output}$",4,3,4,3,3,0,no
P17,Key-Value Store,pattern,Feedback & Communication,pattern,stable,low,1.1,"$K = (store, get, set, delete)$",4,0,2,3,4,0,no
P18,Relational Database,pattern,Feedback & Communication,pattern,stable,low,1.1,"$R = (tables, schemas, constraints, indices)$",4,4,2,3,4,0,no
P19,Graph Database,pattern,Feedback & Communication,pattern,stable,low,1.1,"$G = (nodes, edges, props, traversal)$",4,4,2,2,4,0,no
P20,Document Store,pattern,Feedback & Communication,pattern,stable,low,1.1,"$D = (collections, documents, queries, indices)$",4,3,2,3,4,0,no
P21,Time-Series Store,pattern,Feedback & Communication,pattern,stable,low,1.1,"$T = (series, timestamps, values, aggregations)$",4,2,2,2,5,0,no
P22,Event Bus,pattern,Feedback & Communication,pattern,stable,low,1.1,"$B = (publishers, subscribers, topics, broker)$",4,4,3,6,4,0,no
P23,Real-Time Sync,pattern,Feedback & Communication,pattern,stable,low,1.1,"$S = (local, remote, diff, merge, conflicts)$",5,3,3,6,4,0,no
P24,Request-Response API,pattern,Feedback & Communication,pattern,stable,low,1.1,"$A = (endpoints, handlers, middleware, responses)$",4,6,3,3,4,0,no
P25,Streaming Protocol,pattern,Feedback & Communication,pattern,stable,low,1.1,"$S = (producer, consumer, buffer, backpressure, state)$",5,3,3,6,5,0,no
P26,Status Bar/Indicator,pattern,Feedback & Communication,pattern,stable,low,1.1,"$sb = (state, process, visualize, interact) : \text{Input} \to \text{Output}$",4,3,4,3,3,0,no
P27,Toast/Notification,pattern,Feedback & Communication,pattern,stable,low,1.1,"$toa = (state, process, visualize, interact) : \text{Input} \to \text{Output}$",4,3,4,3,3,0,no
P28,Progress Indicator,pattern,Feedback & Communication,pattern,stable,low,1.1,"$P = (current, total, label, eta, state)$",5,2,4,3,5,2,no
P29,Centralized State Store,pattern,State & Architecture,pattern,stable,low,1.1,"$S = (store, reducers, selectors, subscriptions)$",4,5,3,3,4,0,no
P30,Command Pattern,pattern,State & Architecture,pattern,stable,low,1.1,"$C = (commands, executor, undo\_stack, redo\_stack)$",4,1,3,3,4,0,no
P31,Observer Pattern,pattern,State & Architecture,pattern,stable,medium,1.1,"$O = (subject, observers, notify)$",3,2,2,3,4,0,no
P32,Plugin Architecture,pattern,State & Architecture,pattern,stable,medium,1.1,"$P = (interface, registry, loader, lifecycle)$",4,3,3,3,4,0,no
P33,Hook System,pattern,State & Architecture,pattern,stable,medium,1.1,"$H = (hooks, handlers, register, invoke)$",4,3,2,2,4,0,no
P34,Strategy Pattern,pattern,State & Architecture,pattern,stable,medium,1.1,"$S = (interface, implementations, selector, current)$",4,3,2,3,4,0,no
P35,Split-Pane Layout,pattern,Layout & Navigation,pattern,stable,medium,1.1,"$S = (P, D, R, \delta_{35}, \sigma_{35})$",3,0,3,1,4,0,no
P36,Selection-Driven Panel,pattern,Layout & Navigation,pattern,stable,medium,1.1,"$S = (selection, content, \phi_{36}, observers)$",4,3,3,4,0,0,no
P37,Empty State Pattern,pattern,Layout & Navigation,pattern,stable,medium,1.1,"$E = (C, \epsilon_{37}, P, A)$",1,0,0,2,4,0,no
P38,Badge/Indicator Pattern,pattern,Layout & Navigation,pattern,stable,medium,1.1,"$bp = (state, process, visualize, interact) : \text{Input} \to \text{Output}$",4,3,4,3,3,0,no
P39,Contextual Action Menu,pattern,Layout & Navigation,pattern,stable,medium,1.1,"$M = (T, C, A, \pi_{39}, \sigma_{39}, \delta_{39})$",3,0,3,2,4,0,no
P40,Mode Toggle System,pattern,Layout & Navigation,pattern,stable,medium,1.1,"$T = (M, m_0, \delta_{40}, \phi_{40}, \iota_{40})$",3,0,3,2,4,0,no
P41,Inline Status Chip,pattern,Layout & Navigation,pattern,stable,medium,1.1,"$S = (I, L, \theta_{41}, \sigma_{41}, \alpha_{41})$",2,0,3,2,4,0,no
P42,Tooltip/Hint System,pattern,Layout & Navigation,pattern,stable,medium,1.1,"$ts = (state, process, visualize, interact) : \text{Input} \to \text{Output}$",4,3,4,3,3,0,no
P43,Application Navigation Drawer,pattern,Layout & Navigation,pattern,stable,medium,1.1,"$D = (S_{43}, C, O, \alpha_{43}, \omega_{43}, \pi_{43})$",3,0,3,3,4,0,no
P44,Keyboard Shortcut System,pattern,Layout & Navigation,pattern,stable,medium,1.1,"$K = (B, M, H, C, P)$",4,0,3,3,4,0,no
P45,Drag and Drop Interaction,pattern,Forms & Input,pattern,stable,medium,1.1,"$D = (S, T, G, F, \phi_{45}, \psi_{45})$",3,0,0,2,4,0,no
P46,Focus Management System,pattern,Forms & Input,pattern,stable,medium,1.1,"$F = (O, \tau_{46}, R, I, S)$",4,0,0,2,4,0,no
P47,Inline Editing Pattern,pattern,Forms & Input,pattern,stable,medium,1.1,"$E = (M, \sigma_{47}, \tau_{47}, \phi_{47}, \psi_{47})$",3,0,3,3,4,0,no
P48,Form Validation Pattern,pattern,Forms & Input,pattern,stable,medium,1.1,"$V = (fields, rules, state, errors)$",4,4,4,8,5,0,no
P49,Multi-Step Form (Wizard) Pattern,pattern,Forms & Input,pattern,stable,medium,1.1,"$W = (steps, current, data, nav, progress)$",5,2,4,5,5,0,no
P50,Form Dependency Pattern,pattern,Forms & Input,pattern,stable,medium,1.1,"$D = (fields, deps, update, cascade)$",4,1,4,7,5,0,no
P51,Responsive Layout Pattern (NEW),pattern,Data Display,pattern,stable,medium,1.1,"$L = (breakpoints, layouts, current)$",3,2,3,6,4,0,no
P52,Pagination Pattern,pattern,Data Display,pattern,stable,medium,1.1,"$P = (data, page, size, total, nav)$",5,1,3,9,5,0,no
P53,Filtering Pattern,pattern,Data Display,pattern,stable,medium,1.1,"$F = (data, filters, active, result, facets)$",5,4,3,6,5,0,no
P54,Sorting Pattern,pattern,Data Display,pattern,stable,medium,1.1,"$S = (data, columns, order, comparator)$",4,3,3,7,5,0,no
P55,Virtualization Pattern,pattern,Data Display,pattern,stable,medium,1.1,"$V = (data, viewport, item\_height, buffer, visible)$",5,0,4,5,5,0,no
P56,Cache Strategy Pattern,pattern,Data Display,pattern,stable,medium,1.1,"$C = (storage, policy, ttl, evict)$",4,3,3,7,5,0,no
P57,Data Migration Pattern,pattern,Data Display,pattern,stable,medium,1.1,"$M = (versions, migrations, current, rollback)$",4,3,3,6,4,0,no
P58,Authentication Pattern,pattern,Data Display,pattern,stable,medium,1.1,"$A = (users, credentials, sessions, verify, tokens)$",5,4,3,10,4,0,no
P59,Authorization Pattern,pattern,Data Display,pattern,stable,medium,1.1,"$Z = (subjects, objects, permissions, policies, check)$",5,5,3,8,4,0,no
P60,Input Sanitization Pattern,pattern,Data Display,pattern,stable,medium,1.1,"$S = (validators, sanitizers, encoders, rules)$",4,5,3,8,4,0,no
P61,Unit Test Pattern,pattern,Testing,pattern,stable,medium,1.1,"$U = (sut, arrange, act, assert, cleanup)$",5,4,4,6,4,0,no
P62,Integration Test Pattern,pattern,Testing,pattern,stable,medium,1.1,"$I = (components, interactions, environment, verify)$",4,3,3,11,4,0,no
P63,End-to-End Test Pattern,pattern,Testing,pattern,stable,medium,1.1,"$E = (scenario, browser, pages, assertions, data)$",5,4,3,3,4,0,no
P64,Generative UI,pattern,Generative/Dynamic UI,pattern,stable,high,1.1,"$G = (T_{lib}, ctx, gen, render, stream) : \text{ctx} \times T_{lib} \to \text{UI}_{dynamic}$",5,4,4,3,4,3,yes
P65,Streaming Component,pattern,Generative/Dynamic UI,pattern,stable,high,1.1,"$S = (\tau_{stream}, buf, Q_{render}, sync) : \text{Token} \to \Delta \text{UI}$",4,3,4,3,4,4,yes
P66,Context-Adaptive Interface,pattern,Generative/Dynamic UI,pattern,stable,high,1.1,"$A = (U_{state}, T_{ctx}, T_{ui}, R_{adapt}) : \text{Context} \to \text{UI}_{morphed}$",4,4,4,3,4,4,yes
P67,Progressive Disclosure by AI,pattern,Generative/Dynamic UI,pattern,stable,high,1.1,"$D = (H_{info}, score_{rel}, \sigma_{disc}) : \text{Information} \to \text{Revealed}_t$",3,4,4,3,4,3,yes
P68,Agent Team Visualization,pattern,Multi-Agent Orchestration UI,pattern,stable,high,1.1,"$V_{team} = (A_{roster}, R_{roles}, S_{status}, C_{coord}) : \text{Agents} \to \text{Visualization}$",4,4,4,3,4,4,yes
P69,Agent Activity Timeline,pattern,Multi-Agent Orchestration UI,pattern,stable,high,1.1,"$T_{activity} = (Events, Timeline, Agents, Actions) : Agent 	imes Time 	o Activity_{log}$",4,3,4,3,4,4,yes
P70,Agent Handoff,pattern,Multi-Agent Orchestration UI,pattern,stable,high,1.1,"$H = (A_{from}, A_{to}, \Sigma_{state}, T_{transfer}, V_{verify}) : \text{Task} \times \text{Context} \to \text{Transfer}$",5,3,4,3,4,4,no
P71,Orchestration Dashboard,pattern,Multi-Agent Orchestration UI,pattern,stable,high,1.1,"$D_{orch} = (W_{flow}, A_{agents}, M_{metrics}, C_{control}) : \text{Workflow} \to \text{Dashboard}$",4,3,4,3,4,5,yes
P72,Agent Role Selector,pattern,Multi-Agent Orchestration UI,pattern,stable,high,1.1,"$S_{role} = (R_{available}, T_{task}, M_{match}, A_{assign}) : \text{Task} \to \text{Agent} \times \text{Role}$",4,3,4,3,4,3,no
P73,Composite Action,pattern,Multi-Agent Orchestration UI,pattern,stable,high,1.1,"$C = (A_{atomic}, compose, exec, rollback) : \text{Set}\langle \text{Action} \rangle \to \text{Action}_{composite}$",4,3,4,3,4,3,no
P74,Continuous AI Monitoring,pattern,Proactive AI Assistance,pattern,stable,high,1.1,"$M_{cont} = (S_{stream}, D_{detect}, T_{threshold}, A_{alert}) : \text{State}_{stream} \to \text{Anomalies}$",4,3,4,3,4,5,yes
P75,Proactive Intervention,pattern,Proactive AI Assistance,pattern,stable,high,1.1,"$I_{proact} = (P_{predict}, T_{timing}, A_{action}, U_{user}) : \text{Context} \to \text{Intervention}$",4,3,4,3,4,4,yes
P76,Ambient AI,pattern,Proactive AI Assistance,pattern,stable,high,1.1,"$A_{ambient} = (C_{aware}, P_{cont}, I_{subtle}, E_{bg}) : Context \to Actions_{unobtrusive}$",4,0,3,3,3,0,no
P77,Intelligent Interruption,pattern,Proactive AI Assistance,pattern,stable,high,1.1,"$I_{int} = (S_{load}, D_{boundary}, score_{urgency}, Sched) : (Task, Interrupt) \to Time_{optimal}$",4,0,3,3,3,0,no
P78,Background Task Management,pattern,Proactive AI Assistance,pattern,stable,high,1.1,"$B_{task} = (Q_{tasks}, I_{progress}, N_{complete}, S_{results}) : Tasks_{async} \to UI_{status}$",4,0,3,3,3,0,no
P79,Anticipatory Action,pattern,Proactive AI Assistance,pattern,stable,high,1.1,"$A_{antic} = (P_{intent}, Prep_{res}, E_{spec}, V_{gate}) : Context \to Actions_{prepared}$",4,0,3,3,3,0,no
P80,Voice Conversation,pattern,Voice & Multimodal Interaction,pattern,stable,high,1.1,"$V_{conv} = (I_{speech}, R_{intent}, M_{dialog}, O_{speech}, H_{int}) : \text{Speech} \leftrightarrow \text{Response}$",5,4,4,3,4,3,no
P81,Voice Command with Visual Feedback,pattern,Voice & Multimodal Interaction,pattern,stable,high,1.1,"$V_{visual} = (I_{voice}, D_{trans}, V_{intent}, UI_{confirm}) : Voice \to (Command, Visualization)$",4,0,3,3,3,0,no
P82,Multimodal Input Fusion,pattern,Voice & Multimodal Interaction,pattern,stable,high,1.1,"$F_{multi} = (I_{voice}, I_{gesture}, I_{screen}, E_{fusion}, Intent_{unified}) : Inputs \to Intent$",5,0,3,3,3,0,no
P83,Voice-First Navigation,pattern,Voice & Multimodal Interaction,pattern,stable,high,1.1,"$N_{voice} = (C_{voice}, G_{nav}, S_{shortcuts}, M_{confirm}) : VoiceCommand \to Navigation$",4,0,3,3,3,0,no
P84,Continuous Dictation,pattern,Voice & Multimodal Interaction,pattern,stable,high,1.1,"$D_{cont} = (T_{stream}, D_{struct}, F_{auto}, M_{punct}) : Speech_{stream} \to Text_{structured}$",4,0,3,3,3,0,no
P85,Voice Disambiguation,pattern,Voice & Multimodal Interaction,pattern,stable,high,1.1,"$D_{voice} = (D_{ambig}, G_{clarify}, P_{choices}, R_{ctx}) : Ambiguous \to Resolved$",4,0,3,3,3,0,no
P86,Approval Checkpoint,pattern,Human-in-Loop & Agency Control,pattern,stable,high,1.1,"$C_{approve} = (T_{checkpoint}, G_{preview}, UI_{approve}, Gate_{exec}) : Action_{critical} \to Approved \cup Rejected$",4,0,3,3,3,0,no
P87,Agency Slider,pattern,Human-in-Loop & Agency Control,pattern,stable,high,1.1,"$S_{agency} = (Spectrum_{control}, Level_{current}, Sens_{ctx}, Adj_{dynamic}) : Context \to Control_{distribution}$",4,0,3,3,3,0,no
P88,Collaboration Mode Switcher,pattern,Human-in-Loop & Agency Control,pattern,stable,high,1.1,"$M_{collab} = (Modes, T_{transition}, P_{state}, I_{mode}) : Mode \to \{AI\text{-}Centric, Human\text{-}Centric, Symbiotic\}$",4,0,3,3,3,0,no
P89,Confidence Indicator,pattern,Human-in-Loop & Agency Control,pattern,stable,high,1.1,"$I_{conf} = (Score_{conf}, V_{vis}, Alert_{threshold}, Link_{explain}) : Decision \to Confidence \in [0,1]$",4,0,3,3,3,0,no
P90,Explanation on Demand,pattern,Human-in-Loop & Agency Control,pattern,stable,high,1.1,"$E_{explain} = (Trace_{reason}, G_{explain}, P_{present}, Levels_{detail}) : Decision \to Explanation$",4,0,3,3,3,0,no
P91,Intervention Request,pattern,Human-in-Loop & Agency Control,pattern,stable,high,1.1,"$R_{int} = (D_{stuck}, R_{help}, Prov_{ctx}, Resp_{human}) : Stuck \to Help_{request}$",4,0,3,3,3,0,no
P92,Contextual Undo/Rollback,pattern,Human-in-Loop & Agency Control,pattern,stable,high,1.1,"$U_{ctx} = (H_{actions}, Snap_{state}, Track_{dep}, Prev_{undo}) : Action \to State_{previous}$",4,0,3,3,3,0,no
P93,Agent Thinking Indicator,pattern,Agent State Visualization,pattern,stable,medium,1.1,"$I_{think} = (P_{reasoning}, V_{display}, Phase_{current}) : Agent_{state} \to Indicator_{thinking}$",3,0,3,3,3,0,no
P94,Tool Execution Visualization,pattern,Agent State Visualization,pattern,stable,medium,1.1,"$V_{tool} = (T_{active}, P_{progress}, R_{results}, E_{errors}) : Tool_{exec} \to Visualization$",4,0,3,3,3,0,no
P95,Multi-Step Progress,pattern,Agent State Visualization,pattern,stable,medium,1.1,"$P_{multi} = (Steps, Current, Completed, Remaining) : Workflow \to Progress_{visual}$",4,0,3,3,3,0,no
P96,Real-Time Confidence Display,pattern,Agent State Visualization,pattern,stable,medium,1.1,"$C_{rt} = (Conf_{stream}, Update_{live}, Threshold_{alert}) : Decision_{stream} \to Confidence_{t}$",3,0,3,3,3,0,no
P97,Resource Usage Indicator,pattern,Agent State Visualization,pattern,stable,medium,1.1,"$R_{usage} = (API_{calls}, Tokens_{used}, Cost_{current}, Limits) : Resources \to Usage_{display}$",4,0,3,3,3,0,no
P98,Agent State Timeline,pattern,Agent State Visualization,pattern,stable,medium,1.1,"$T_{state} = (States, Decisions, Transitions, History) : Agent_{history} \to Timeline$",4,0,3,3,3,0,no
P99,Knowledge Graph Explorer,pattern,Knowledge Graph UI,pattern,stable,medium,1.1,"$E_{graph} = (G, N_{focus}, Traverse, Filter, Layout) : KnowledgeGraph \to Exploration_{interactive}$",5,0,3,3,3,0,no
P100,Source Citation,pattern,Knowledge Graph UI,pattern,stable,medium,1.1,"$C_{source} = (Sources, Inline_{refs}, Links, Verification) : \text{Content} \to \text{Sources}_{cited}$",4,3,4,3,4,4,yes
P101,Retrieval Path Visualization,pattern,Knowledge Graph UI,pattern,stable,medium,1.1,"$V_{path} = (Query, Path_{retrieval}, Nodes_{visited}, Score_{relevance}) : \text{Retrieval} \to \text{Path}_{visual}$",4,3,4,3,4,4,yes
P102,Confidence-Based Highlighting,pattern,Knowledge Graph UI,pattern,stable,medium,1.1,"$H_{conf} = (Text, Conf_{scores}, Colors, Thresholds) : (\text{Content}, \text{Confidence}) \to \text{Highlighted}$",4,3,4,3,4,4,yes
P103,Multi-Source Reconciliation,pattern,Knowledge Graph UI,pattern,stable,medium,1.1,"$R_{multi} = (Sources, Conflicts, Resolution, Display) : \text{Sources} \to \text{Reconciled}_{view}$",4,3,4,3,4,3,yes
P104,Graph Query Builder,pattern,Knowledge Graph UI,pattern,stable,medium,1.1,"$B_{query} = (G, Q_{visual}, Cypher, Execute) : \text{UserInput} \to \text{Query}_{graph}$",4,3,4,3,4,4,yes
P105,Semantic Similarity Visualizer,pattern,Knowledge Graph UI,pattern,stable,medium,1.1,"$V_{sim} = (Concepts, Sim_{matrix}, Layout, Threshold) : \text{Set}\langle \text{Concept} \rangle \to \text{Similarity}_{visual}$",4,3,4,3,4,3,yes
P106,Auto-Updating Content,pattern,Knowledge Graph UI,pattern,stable,medium,1.1,"$U_{auto} = (Content, Sources, Monitor, Update_{trigger}) : Document \times Time \to Document'$",4,0,3,3,3,0,no
P107,Suggested Edits,pattern,Knowledge Graph UI,pattern,stable,medium,1.1,"$E_{suggest} = (Content, Improvements, Confidence, Approval) : \text{Document} \to \text{Edits}_{suggested}$",4,3,4,3,4,3,yes
P108,Cross-Document Linking,pattern,Knowledge Graph UI,pattern,stable,medium,1.1,"$L_{cross} = (Docs, Relationships, Auto_{link}, Display) : \text{Set}\langle \text{Document} \rangle \to \text{Links}$",4,3,4,3,4,4,yes
P109,Outdated Content Detection,pattern,Knowledge Graph UI,pattern,stable,medium,1.1,"$D_{outdated} = (Content, Sources, Freshness, Alerts) : \text{Document} \to \text{Outdated}_{flags}$",4,3,4,3,4,4,yes
P110,Collaborative Document Intelligence,pattern,Event-Driven UI,pattern,stable,medium,1.1,"$I_{collab} = (Agents, Document, Contributions, Coordination) : (\text{Agents}, \text{Doc}) \to \text{Doc}'$",4,3,4,3,4,5,no
P111,Document Evolution Timeline,pattern,Event-Driven UI,pattern,stable,medium,1.1,"$T_{evol} = (Versions, Changes, Contributors, Timestamps) : \text{Document}_{history} \to \text{Timeline}$",4,3,4,3,4,4,yes
P112,Event Stream Visualization,pattern,Event-Driven UI,pattern,stable,medium,1.1,"$V_{stream} = (Events, Timeline, Filter, Aggregation) : \text{Event}_{stream} \to \text{Visualization}_{realtime}$",4,3,4,3,4,5,yes
P113,Event Replay Control,pattern,Event-Driven UI,pattern,stable,medium,1.1,"$R_{replay} = (History, Selector, Playback, State_{restore}) : \text{Events}_{past} \to \text{Replay}$",4,3,4,3,4,4,yes
P114,Stream Backpressure,pattern,Event-Driven UI,pattern,stable,medium,1.1,"$B_{press} = (Stream, Buffer, Rate_{control}, Drop_{strategy}) : \text{Events}_{overwhelming} \to \text{Events}_{managed}$",4,3,4,3,4,3,yes
P115,Event-Driven State Updates,pattern,Event-Driven UI,pattern,stable,medium,1.1,"$U_{event} = (State, Event_{stream}, Reducer, UI_{sync}) : (\text{State}, \text{Events}) \to \text{State}'$",4,3,4,3,4,7,yes
P116,Multi-Stream Coordination UI,pattern,Event-Driven UI,pattern,stable,medium,1.1,"$C_{streams} = (Streams, Sync, Merge, Display) : \text{Set}\langle \text{Stream} \rangle \to \text{Unified}_{view}$",4,3,4,3,4,5,yes
P117,Event Filter & Query,pattern,Event-Driven UI,pattern,stable,medium,1.1,"$Q_{event} = (Stream, Filters, Query_{language}, Results) : \text{Events} \to \text{Events}_{filtered}$",4,3,4,3,4,5,yes
P118,Domain Context Switcher,pattern,Multi-Domain Management,pattern,stable,medium,1.1,"$S_{domain} = (Domains, Context_{current}, Switch, Preserve_{state}) : Domain_i \to Domain_j$",4,0,3,3,3,0,no
P119,Cross-Domain Integration View,pattern,Multi-Domain Management,pattern,stable,medium,1.1,"$V_{cross} = (Domains, Data_{integrated}, Relationships, Unified_{display}) : \text{Set}\langle \text{Domain} \rangle \to \text{View}$",4,3,4,3,4,3,no
P120,Domain-Specific Agent Activation,pattern,Multi-Domain Management,pattern,stable,medium,1.1,"$A_{domain} = (Domain, Agents_{specialist}, Activation, Context) : Domain \to Agents_{active}$",4,0,3,3,3,0,no
P121,Context Preservation Across Domains,pattern,Multi-Domain Management,pattern,stable,medium,1.1,"$P_{ctx} = (Context, Domain_{src}, Domain_{tgt}, Transform) : Context_i \to Context_j$",4,0,3,3,3,0,no
P122,Multi-Domain Dashboard,pattern,Multi-Domain Management,pattern,stable,medium,1.1,"$D_{multi} = (Domains, Metrics, Aggregation, Layout) : Set\langle Domain \rangle \to Dashboard$",4,0,3,3,3,0,no
P123,Domain Boundary Indicator,pattern,Multi-Domain Management,pattern,stable,medium,1.1,"$I_{boundary} = (Domain_{current}, Scope, Visual_{cue}, Alerts) : Context \to Domain_{indication}$",4,0,3,3,3,0,no
P124,Agent Trace Viewer,pattern,AI Observability,pattern,stable,low,1.1,"$T_{trace} = (Execution, Steps, Branch_{decisions}, Visualization) : Agent_{run} \to Trace$",4,0,3,3,3,0,no
P125,Decision Explanation,pattern,AI Observability,pattern,stable,low,1.1,"$E_{decision} = (Decision, Reasoning, Factors, Alternatives) : Decision \to Explanation_{detailed}$",4,0,3,3,3,0,no
P126,Token Usage Display,pattern,AI Observability,pattern,stable,low,1.1,"$D_{tokens} = (Usage, Cost, Limits, Breakdown) : Tokens_{used} \to Display_{cost}$",4,0,3,3,3,0,no
P127,Error Debug Interface,pattern,AI Observability,pattern,stable,low,1.1,"$I_{debug} = (Error, Stack_{trace}, Context, Solutions) : Error \to Debug_{info}$",4,0,3,3,3,0,no
P128,A/B Test Results,pattern,AI Observability,pattern,stable,low,1.1,"$R_{ab} = (Variants, Metrics, Statistical_{sig}, Winner) : Test \to Results_{comparison}$",4,0,3,3,3,0,no
P129,Performance Metrics Dashboard,pattern,AI Observability,pattern,stable,low,1.1,"$M_{perf} = (Metrics, Time_{series}, Thresholds, Alerts) : System \to Metrics_{display}$",4,0,3,3,3,0,no
P130,AI Agent Presence Indicator,pattern,Collaborative Presence,pattern,stable,low,1.1,"$P_{agent} = (Agents_{active}, Status, Location_{virtual}, Activity) : Agents \to Presence$",4,0,3,3,3,0,no
P131,Multi-User + AI Avatar,pattern,Collaborative Presence,pattern,stable,low,1.1,"$A_{avatar} = (Participants, Humans, Agents, Visual_{rep}) : Collaborators \to Avatars$",4,0,3,3,3,0,no
P132,AI Cursor Sharing,pattern,Collaborative Presence,pattern,stable,low,1.1,"$C_{ai} = (Agent, Focus_{current}, Path, Highlight) : Agent_{activity} \to Cursor_{virtual}$",4,0,3,3,3,0,no
P133,Activity Feed,pattern,Collaborative Presence,pattern,stable,low,1.1,"$F_{activity} = (Events, Actors, Timestamps, Filter) : (Humans \cup Agents) \times Actions \to Feed$",4,0,3,3,3,0,no
P134,Collaboration Session,pattern,Collaborative Presence,pattern,stable,low,1.1,"$S_{session} = (Participants, Workspace, Coordination, State_{shared}) : Collaborators \to Session$",4,0,3,3,3,0,no
P135,Conflict Resolution Interface,pattern,Collaborative Presence,pattern,stable,low,1.1,"$R_{conflict} = (Conflicts, Options, Reasoning, Choose) : Conflicts \to Resolution$",4,0,3,3,3,0,no
P136,User Preference Learning,pattern,Personalization & Learning,pattern,stable,low,1.1,"$L_{pref} = (Interactions, Patterns, Model, Adaptation) : History \to Preferences_{learned}$",4,0,3,3,3,0,no
P137,Adaptive Interface,pattern,Personalization & Learning,pattern,stable,low,1.1,"$I_{adaptive} = (UI, User_{behavior}, Learn, Adapt) : (UI, Behavior) \to UI_{personalized}$",4,0,3,3,3,0,no
P138,Personalized Agent Configuration,pattern,Personalization & Learning,pattern,stable,low,1.1,"$C_{personal} = (User, Agents, Config, Optimize) : User \to Agents_{configured}$",4,0,3,3,3,0,no
P139,Learning Progress Indicator,pattern,Personalization & Learning,pattern,stable,low,1.1,"$P_{learn} = (Model, Training_{data}, Accuracy, Progress) : Learning \to Progress_{display}$",4,0,3,3,3,0,no
P140,Reset/Retrain Controls,pattern,Personalization & Learning,pattern,stable,low,1.1,"$R_{retrain} = (Model, Reset, Retrain, Confirm) : Model \to Model_{reset} \cup Model_{retrained}$",4,0,3,3,3,0,no
P141,Workflow Template Gallery,pattern,Workflow Automation,pattern,stable,low,1.1,"$G_{templates} = (Templates, Categories, Preview, Instantiate) : Templates \to Workflow$",4,0,3,3,3,0,no
P142,Automation Builder,pattern,Workflow Automation,pattern,stable,low,1.1,"$B_{auto} = (Components, Canvas_{visual}, Connect, Execute) : Builder \to Automation$",4,0,3,3,3,0,no
P143,Scheduled Agent,pattern,Workflow Automation,pattern,stable,low,1.1,"$S_{scheduled} = (Agent, Schedule, Trigger, Execute) : (Agent, Time) \to Execution$",4,0,3,3,3,0,no
P144,Trigger-Action,pattern,Workflow Automation,pattern,stable,low,1.1,"$T_{action} = (Trigger, Condition, Action, Execute) : Event \to Action_{conditional}$",4,0,3,3,3,0,no
P145,Workflow Monitoring Dashboard,pattern,Workflow Automation,pattern,stable,low,1.1,"$M_{workflow} = (Workflows, Status, Metrics, Control) : Workflows \to Dashboard$",4,0,3,3,3,0,no
P146,Token Budget Indicator,pattern,Cost & Resource Management,pattern,stable,low,1.1,"$B_{tokens} = (Budget, Used, Remaining, Alerts) : Usage \to Budget_{status}$",4,0,3,3,3,0,no
P147,Cost Estimation Preview,pattern,Cost & Resource Management,pattern,stable,low,1.1,"$E_{cost} = (Action, Tokens_{estimated}, Cost, Preview) : Action \to Cost_{preview}$",4,0,3,3,3,0,no
P148,Resource Limit Controls,pattern,Cost & Resource Management,pattern,stable,low,1.1,"$L_{resources} = (Limits, Current, Controls, Enforcement) : Resources \to Limits_{managed}$",4,0,3,3,3,0,no
P149,Usage Analytics Dashboard,pattern,Cost & Resource Management,pattern,stable,low,1.1,"$A_{usage} = (Usage_{history}, Trends, Breakdown, Insights) : Usage \to Analytics$",4,0,3,3,3,0,no
P150,Rate Limit Warning,pattern,Cost & Resource Management,pattern,stable,low,1.1,"$W_{rate} = (Rate, Limit, Warning_{threshold}, Alert) : Usage_{rate} \to Warning$",4,0,3,3,3,0,no
P152,Audit Trail Viewer,pattern,Security & Trust,pattern,stable,low,1.1,"$V_{audit} = (Actions, Actors, Timestamps, Filter) : History \to Audit_{view}$",4,0,3,3,3,0,no
P153,Data Access Transparency,pattern,Security & Trust,pattern,stable,low,1.1,"$T_{access} = (Data, Accessor, Purpose, Disclosure) : Access \to Transparency$",4,0,3,3,3,0,no
P154,Secure Credential Management,pattern,Security & Trust,pattern,stable,low,1.1,"$M_{cred} = (Credentials, Encryption, Access_{control}, Rotation) : Secrets \to Secured$",4,0,3,3,3,0,no
P155,Trust Score Indicator,pattern,Security & Trust,pattern,stable,low,1.1,"$I_{trust} = (Agent, Behavior_{history}, Reliability, Score) : Agent \to Trust \in [0,1]$",4,0,3,3,3,0,no
