pattern_id,pattern_name,pattern_type,property_id,property_name,formal_spec,invariant_count
C1,Graph Structure,concept,P.C1.1,Connectivity,"connected(G) ⇔ ∀n₁, n₂ ∈ N: ∃ path from n₁ to n₂",0
C1,Graph Structure,concept,P.C1.2,Cycle Detection,acyclic(G) ⇔ ¬∃ path: n → ... → n,0
P1,Direct Manipulation Canvas,pattern,P.P1.1,WYSIWYG,∀o ∈ objects: visual(o) = semantic(o) Changes to visual representation directly modify semantic content.,0
P1,Direct Manipulation Canvas,pattern,P.P1.2,Direct Feedback,gesture(t) → update_visual(t + ε) where ε < 16ms (60fps),0
P1,Direct Manipulation Canvas,pattern,P.P1.3,Object Selection,click(p) → select({o ∈ objects : p ∈ bounds(o)}),0
F1.1,,flow,P.F1.1.1,Validation Required,∀i ∈ Input: store(i) ⇒ validator(i) = Valid No invalid input reaches storage,0
F1.1,,flow,P.F1.1.2,Normalization,∀v ∈ Valid: normalizer(v) produces consistent Internal format,0
F1.1,,flow,P.F1.1.3,Persistence,∀i ∈ Internal: store(i) ⇒ retrievable(i),0
F1.2,,flow,P.F1.2.1,Format Support,∀f ∈ ExternalFormat: parser(f) defined ⇒ supported_format(f),0
F1.2,,flow,P.F1.2.2,Schema Transformation,∀p ∈ ParsedData: transformer(p) conforms to internal schema,0
F1.2,,flow,P.F1.2.3,Conflict Resolution,∀d ∈ InternalData: integrator(d) applies merge strategy consistently,0
F1.3,,flow,P.F1.3.1,Ordering Preservation,"∀e₁, e₂ ∈ Stream: timestamp(e₁) < timestamp(e₂) ⇒ process_order(e₁) < process_order(e₂)",0
F1.3,,flow,P.F1.3.2,Backpressure Handling,|buffer| > threshold ⇒ apply_backpressure(stream),0
F1.3,,flow,P.F1.3.3,At-Least-Once Delivery,"∀e ∈ Stream: processed(e) ⇒ ∃s ∈ Subscribers: delivered(e, s)",0
C2,Document/Artifact,concept,P.C2.1,Correctness,$\forall i : \text{valid}(i) \implies \text{correct}(\text{output}(i))$,0
C2,Document/Artifact,concept,P.C2.2,Performance,$\Delta t_{process} < \text{threshold}$,0
C2,Document/Artifact,concept,P.C2.3,Consistency,"$\forall i_1, i_2 : i_1 = i_2 \implies \text{output}(i_1) = \text{output}(i_2)$",0
C2,Document/Artifact,concept,P.C2.4,Usability,$\forall u : \text{usable}(u)$,0
P2,Command Interface,pattern,P.P2.1,Parse-Execute Cycle,input → parse → validate → execute → feedback,0
P2,Command Interface,pattern,P.P2.2,History Navigation,↑ key → previous(history) ↓ key → next(history),0
P2,Command Interface,pattern,P.P2.3,Autocomplete,partial_input → suggest(completions) where completions ⊆ valid_commands,0
F2.1,,flow,P.F2.1.1,Sequential Composition,output(stage_n) = input(stage_{n+1}) Stages connect sequentially,0
F2.1,,flow,P.F2.1.2,Error Propagation,error(stage_i) ⇒ handle_error ∨ abort_pipeline,0
F2.1,,flow,P.F2.1.3,Determinism,∀input: compose(stages)(input) produces same output,0
F2.2,,flow,P.F2.2.1,Capability Matching,∀t ∈ tasks: coordinator(t) = a ⇒ t.requirements ⊆ a.capabilities,0
F2.2,,flow,P.F2.2.2,Load Balancing,distribution(agents) should be approximately uniform,0
F2.2,,flow,P.F2.2.3,Deadline Awareness,∀t ∈ tasks: priority(t) considers deadline(t),0
F2.3,,flow,P.F2.3.1,Minimal Recomputation,∀n ∈ graph: recompute(n) ⇔ (invalidated(n) ∨ ∃d ∈ dependencies(n): invalidated(d)) Only recompute what changed,0
F2.3,,flow,P.F2.3.2,Topological Order,"∀n₁, n₂: dependency(n₁, n₂) ⇒ compute_order(n₁) < compute_order(n₂)",0
F2.3,,flow,P.F2.3.3,Cache Consistency,∀n ∈ graph: cache[n] = last_computed_value(n) ∨ cache[n] = ⊥,0
F2.4,,flow,P.F2.4.1,Non-Destructive,"∀b ∈ BaseData: base_fields(combine(b, enrichments)) = b Original data preserved",0
F2.4,,flow,P.F2.4.2,Parallel Enrichment,"∀e₁, e₂ ∈ enrichers: e₁ and e₂ can execute in parallel",0
F2.4,,flow,P.F2.4.3,Partial Failure Tolerance,failure(enricher_i) ⇏ failure(entire_flow) Flow continues with available enrichments,0
C3,Symbolic Expression,concept,P.C3.1,Parseability,parse(serialize(T)) = T,0
C3,Symbolic Expression,concept,P.C3.2,Evaluability,"∀T, context: eval(T, context) → Value | Error",0
C3,Symbolic Expression,concept,P.C3.3,Transformability,∃transform: simplify(T) = T' where semantics(T) = semantics(T') ∧ complexity(T') ≤ complexity(T),0
P3,Hierarchical Navigator,pattern,P.P3.1,Parent-Child Visibility,visible(n) ⇒ visible(parent(n)) Expanding parent makes children visible.,0
P3,Hierarchical Navigator,pattern,P.P3.2,Breadcrumb Consistency,"breadcrumb = path_from_root(tree, selection)",0
P3,Hierarchical Navigator,pattern,P.P3.3,Lazy Loading,expand(n) → load_children(n) only when n first expanded,0
F3.1,,flow,P.F3.1.1,Continuous Improvement,∀t: accuracy(model_t+1) ≥ accuracy(model_t) ∨ explore(new_strategy),0
F3.1,,flow,P.F3.1.2,Feedback Integration,∀observation ∈ Observations: observation influences future policy,0
F3.1,,flow,P.F3.1.3,Convergence,lim_{t→∞} improvement(model_t) → 0 Eventually reaches optimal or near-optimal,0
F3.2,,flow,P.F3.2.1,Completeness,∀d ∈ Data: validate(d) finds all violations according to defined rules,0
F3.2,,flow,P.F3.2.2,Non-Destructive,∀v ∈ Violations: correct(v) preserves valid data,0
F3.2,,flow,P.F3.2.3,Verification,∀c ∈ Corrections: verify(c) ⇒ ¬violation_exists(after_correction),0
F3.3,,flow,P.F3.3.1,Stability,∀adjustments: system remains stable after applying adjustments No oscillation or divergence,0
F3.4,,flow,P.F3.4.1,Privacy Preservation,∀u ∈ Users: preferences(u) stored with user consent ∧ anonymizable,0
F3.4,,flow,P.F3.4.2,Preference Decay,"∀p ∈ Preferences: score(p, t) = score(p, 0) · decay_function(t) Old preferences have less weight",0
F3.4,,flow,P.F3.4.3,Override Capability,∀u ∈ Users: explicit_preference(u) overrides inferred_preference(u),0
C4,Metadata Schema,concept,P.C4.1,Type Safety,∀k ∈ keys(data): type(data[k]) = schema[k],0
C4,Metadata Schema,concept,P.C4.2,Validation,valid(M) ⇔ ∀k ∈ keys(data): validators[k](data[k]),0
C4,Metadata Schema,concept,P.C4.3,Extensibility,"extend(M, k, v) → M' where keys(M'.data) = keys(M.data) ∪ {k}",0
P4,Property Inspector,pattern,P.P4.1,Selection-Driven,selection changes → reload_fields(selection),0
P4,Property Inspector,pattern,P.P4.2,Validation Before Commit,"commit(field, value) succeeds ⇔ validators[field](value) = valid",0
P4,Property Inspector,pattern,P.P4.3,Immediate or Delayed Commit,"Mode 1 (immediate): onChange → commit Mode 2 (delayed): onChange → stage, onBlur → commit",0
F4.1,,flow,P.F4.1.1,Reactivity,state changes → render(state) → diff → patch → updated DOM Automatic propagation,0
F4.1,,flow,P.F4.1.2,Minimal Updates,"∀s₁, s₂ ∈ State: patch(diff(render(s₁), render(s₂))) applies minimal changes",0
F4.1,,flow,P.F4.1.3,Consistency,∀s ∈ State: visual_output(s) = render(s) What you see reflects state,0
F4.2,,flow,P.F4.2.1,Priority-Based Delivery,∀n ∈ Notifications: priority(n) = Urgent ⇒ all_channels_enabled(n) ∧ immediate_delivery(n),0
F4.2,,flow,P.F4.2.2,User Preferences,"∀u ∈ Users, n ∈ Notifications: deliver(n, channel) only if user_allows(u, channel, type(n))",0
F4.2,,flow,P.F4.2.3,Deduplication,"∀n₁, n₂: similar(n₁, n₂) ∧ recent(n₁) ⇒ suppress(n₂)",0
F4.3,,flow,P.F4.3.1,Format Compliance,∀d ∈ InternalData: validate(transform(d)) = Valid ⇒ conforms_to_spec(transform(d)),0
F4.3,,flow,P.F4.3.2,Lossless Export,∀d ∈ InternalData: can_round_trip(d) ⇒ import(transform(d)) = d,0
F4.3,,flow,P.F4.3.3,Atomic Publish,∀d ∈ Data: publish(d) succeeds completely ∨ rolls back completely,0
F4.4,,flow,P.F4.4.1,Consistency Eventually,"∀m ∈ MaterializedViews: after_refresh(m) ⇒ cache(m) = compute(query(m), current_data)",0
F4.4,,flow,P.F4.4.2,Performance Trade-off,read_cost(materialized_view) << read_cost(base_query) ∧ maintenance_cost(materialized_view) > 0,0
F4.4,,flow,P.F4.4.3,Staleness Bound,∀m ∈ MaterializedViews: staleness(m) ≤ max_staleness(m) ∨ trigger_refresh(m),0
C5,Version History,concept,P.C5.1,Immutability,∀s ∈ states: s is immutable once committed,0
C5,Version History,concept,P.C5.2,Reconstructability,"∀i: states[i] = apply_all(states[0], deltas[1..i])",0
C5,Version History,concept,P.C5.3,Branching,"branch(s, name) creates new branch from state s",0
P5,Tabbed Workspace,pattern,P.P5.1,Single Active Tab,∀t: active(t) = (t = tabs[active]),0
P5,Tabbed Workspace,pattern,P.P5.2,Unsaved Warning,"close(tab) ∧ dirty(tab) → confirm(""Unsaved changes. Close anyway?"")",0
P5,Tabbed Workspace,pattern,P.P5.3,Tab Persistence,"Application restart → restore(tabs, active)",0
F6,Error Recovery Flow,flow,P.F6.1,Error Classification,∀e ∈ Error: classify(e) determines appropriate recovery strategy Transient → Retry Permanent → Report Recoverable → Fallback | GracefulDegradation,0
F6,Error Recovery Flow,flow,P.F6.2,Recovery Exhaustion,∀recovery_attempt: attempts ≤ max_attempts ∨ escalate(error),0
F6,Error Recovery Flow,flow,P.F6.3,State Safety,∀e ∈ Error: recover(e) preserves system invariants No partial state corruption,0
P6,Palette/Toolbar,pattern,P.P6.1,Correctness,$\forall i : \text{valid}(i) \implies \text{correct}(\text{output}(i))$,0
P6,Palette/Toolbar,pattern,P.P6.2,Performance,$\Delta t_{process} < \text{threshold}$,0
P6,Palette/Toolbar,pattern,P.P6.3,Consistency,"$\forall i_1, i_2 : i_1 = i_2 \implies \text{output}(i_1) = \text{output}(i_2)$",0
P6,Palette/Toolbar,pattern,P.P6.4,Usability,$\forall u : \text{usable}(u)$,0
P7,Breadcrumb Trail,pattern,P.P7.1,Hierarchical Path,"path = [root, child₁, child₂, ..., current] where childᵢ ∈ children(childᵢ₋₁)",0
P7,Breadcrumb Trail,pattern,P.P7.2,Clickable Ancestors,∀n ∈ path: click(n) → navigate_to(n),0
P7,Breadcrumb Trail,pattern,P.P7.3,Auto-Update,"navigate(new_location) → path := compute_path(root, new_location)",0
P8,Search-Based Navigation,pattern,P.P8.1,Real-Time Results,type(query[0..n]) → results updated within 100ms,0
P8,Search-Based Navigation,pattern,P.P8.2,Fuzzy Matching,"query = ""fle"" matches ""file"", ""filter"", ""flexible""",0
P8,Search-Based Navigation,pattern,P.P8.3,Ranking,"results sorted by ranker(item, query) descending",0
P9,Backlinks/References,pattern,P.P9.1,Correctness,$\forall i : \text{valid}(i) \implies \text{correct}(\text{output}(i))$,0
P9,Backlinks/References,pattern,P.P9.2,Performance,$\Delta t_{process} < \text{threshold}$,0
P9,Backlinks/References,pattern,P.P9.3,Consistency,"$\forall i_1, i_2 : i_1 = i_2 \implies \text{output}(i_1) = \text{output}(i_2)$",0
P9,Backlinks/References,pattern,P.P9.4,Usability,$\forall u : \text{usable}(u)$,0
P10,Parser/Compiler Pipeline,pattern,P.P10.1,Correctness,$\forall i : \text{valid}(i) \implies \text{correct}(\text{output}(i))$,0
P10,Parser/Compiler Pipeline,pattern,P.P10.2,Performance,$\Delta t_{process} < \text{threshold}$,0
P10,Parser/Compiler Pipeline,pattern,P.P10.3,Consistency,"$\forall i_1, i_2 : i_1 = i_2 \implies \text{output}(i_1) = \text{output}(i_2)$",0
P10,Parser/Compiler Pipeline,pattern,P.P10.4,Usability,$\forall u : \text{usable}(u)$,0
P11,Validator/Checker,pattern,P.P11.1,Correctness,$\forall i : \text{valid}(i) \implies \text{correct}(\text{output}(i))$,0
P11,Validator/Checker,pattern,P.P11.2,Performance,$\Delta t_{process} < \text{threshold}$,0
P11,Validator/Checker,pattern,P.P11.3,Consistency,"$\forall i_1, i_2 : i_1 = i_2 \implies \text{output}(i_1) = \text{output}(i_2)$",0
P11,Validator/Checker,pattern,P.P11.4,Usability,$\forall u : \text{usable}(u)$,0
P12,Solver/Optimizer,pattern,P.P12.1,Correctness,$\forall i : \text{valid}(i) \implies \text{correct}(\text{output}(i))$,0
P12,Solver/Optimizer,pattern,P.P12.2,Performance,$\Delta t_{process} < \text{threshold}$,0
P12,Solver/Optimizer,pattern,P.P12.3,Consistency,"$\forall i_1, i_2 : i_1 = i_2 \implies \text{output}(i_1) = \text{output}(i_2)$",0
P12,Solver/Optimizer,pattern,P.P12.4,Usability,$\forall u : \text{usable}(u)$,0
P13,Indexer/Query Engine,pattern,P.P13.1,Correctness,$\forall i : \text{valid}(i) \implies \text{correct}(\text{output}(i))$,0
P13,Indexer/Query Engine,pattern,P.P13.2,Performance,$\Delta t_{process} < \text{threshold}$,0
P13,Indexer/Query Engine,pattern,P.P13.3,Consistency,"$\forall i_1, i_2 : i_1 = i_2 \implies \text{output}(i_1) = \text{output}(i_2)$",0
P13,Indexer/Query Engine,pattern,P.P13.4,Usability,$\forall u : \text{usable}(u)$,0
P14,Agent Swarm,pattern,P.P14.1,Agent Independence,Agents execute tasks independently without coordination,0
P14,Agent Swarm,pattern,P.P14.2,Eventual Completion,"∀task ∈ tasks: ∃agent, time: agent executes task at time",0
P14,Agent Swarm,pattern,P.P14.3,Load Balancing,tasks distributed evenly across idle agents,0
P15,Reasoning Chain,pattern,P.P15.1,Sequential Dependency,step_i depends on step_j ⇒ j < i (executed before),0
P15,Reasoning Chain,pattern,P.P15.2,State Evolution,"state[i+1] = apply(step[i], state[i])",0
P15,Reasoning Chain,pattern,P.P15.3,Conclusion Derivation,result derived from state[|steps|],0
P16,Suggestion/Recommendation System,pattern,P.P16.1,Correctness,$\forall i : \text{valid}(i) \implies \text{correct}(\text{output}(i))$,0
P16,Suggestion/Recommendation System,pattern,P.P16.2,Performance,$\Delta t_{process} < \text{threshold}$,0
P16,Suggestion/Recommendation System,pattern,P.P16.3,Consistency,"$\forall i_1, i_2 : i_1 = i_2 \implies \text{output}(i_1) = \text{output}(i_2)$",0
P16,Suggestion/Recommendation System,pattern,P.P16.4,Usability,$\forall u : \text{usable}(u)$,0
P17,Key-Value Store,pattern,P.P17.1,Fast Lookup,get(key) completes in O(1) average time,0
P17,Key-Value Store,pattern,P.P17.2,Atomic Operations,set and delete are atomic,0
P18,Relational Database,pattern,P.P18.1,ACID,Atomicity: Transactions complete fully or not at all Consistency: Constraints always satisfied Isolation: Concurrent transactions don't interfere Durability: Committed changes persist,0
P18,Relational Database,pattern,P.P18.2,Relational Algebra,"Queries expressed as: SELECT, PROJECT, JOIN, UNION, DIFFERENCE",0
P19,Graph Database,pattern,P.P19.1,Efficient Traversal,"traverse(node, depth) in O(k·d) where k = avg degree, d = depth",0
P19,Graph Database,pattern,P.P19.2,Core Property 2,Both nodes and edges can have properties,0
P20,Document Store,pattern,P.P20.1,Schema-Free,Documents in same collection can have different structures,0
P20,Document Store,pattern,P.P20.2,Nested Data,Documents can contain nested objects and arrays,0
P21,Time-Series Store,pattern,P.P21.1,Temporal Ordering,timestamps are sorted: tᵢ < tᵢ₊₁,0
P21,Time-Series Store,pattern,P.P21.2,Efficient Range Queries,"range(t1, t2) uses binary search: O(log n + k) where k = result size",0
P22,Event Bus,pattern,P.P22.1,Decoupling,Publishers don't know subscribers Subscribers don't know publishers,0
P22,Event Bus,pattern,P.P22.2,Many-to-Many,One event → multiple subscribers One subscriber → multiple topics,0
P22,Event Bus,pattern,P.P22.3,Async Delivery,publish(event) returns immediately Delivery happens asynchronously,0
P23,Real-Time Sync,pattern,P.P23.1,Eventual Consistency,After quiescence: local = remote,0
P23,Real-Time Sync,pattern,P.P23.2,Conflict Resolution,Concurrent changes → detect conflicts → resolve,0
P23,Real-Time Sync,pattern,P.P23.3,Efficient Sync,"Only send deltas, not full state",0
P24,Request-Response API,pattern,P.P24.1,Stateless,Each request independent No server-side session required (often),0
P24,Request-Response API,pattern,P.P24.2,Idempotency,"GET, PUT, DELETE are idempotent Multiple identical requests = same result as single request",0
P24,Request-Response API,pattern,P.P24.3,Status Codes,2xx: Success 3xx: Redirection 4xx: Client error 5xx: Server error,0
P25,Streaming Protocol,pattern,P.P25.1,Flow Control,buffer full → pause producer → wait → resume producer,0
P25,Streaming Protocol,pattern,P.P25.2,Chunk Ordering,Chunks consumed in order produced,0
P25,Streaming Protocol,pattern,P.P25.3,Graceful Termination,Producer sends EndOfStream → consumer processes remaining chunks → close,0
P26,Status Bar/Indicator,pattern,P.P26.1,Correctness,$\forall i : \text{valid}(i) \implies \text{correct}(\text{output}(i))$,0
P26,Status Bar/Indicator,pattern,P.P26.2,Performance,$\Delta t_{process} < \text{threshold}$,0
P26,Status Bar/Indicator,pattern,P.P26.3,Consistency,"$\forall i_1, i_2 : i_1 = i_2 \implies \text{output}(i_1) = \text{output}(i_2)$",0
P26,Status Bar/Indicator,pattern,P.P26.4,Usability,$\forall u : \text{usable}(u)$,0
P27,Toast/Notification,pattern,P.P27.1,Correctness,$\forall i : \text{valid}(i) \implies \text{correct}(\text{output}(i))$,0
P27,Toast/Notification,pattern,P.P27.2,Performance,$\Delta t_{process} < \text{threshold}$,0
P27,Toast/Notification,pattern,P.P27.3,Consistency,"$\forall i_1, i_2 : i_1 = i_2 \implies \text{output}(i_1) = \text{output}(i_2)$",0
P27,Toast/Notification,pattern,P.P27.4,Usability,$\forall u : \text{usable}(u)$,0
P28,Progress Indicator,pattern,P.P28.1,Monotonic Progress,$\forall t : \text{current}_t \leq \text{current}_{t+1}$ (progress only increases),0
P28,Progress Indicator,pattern,P.P28.2,Bounded Progress,$\forall t : 0 \leq \text{current}_t \leq \text{total}$ (progress within bounds),0
P28,Progress Indicator,pattern,P.P28.3,Completion Invariant,$\text{state} = \text{complete} \iff \text{current} = \text{total}$,0
P28,Progress Indicator,pattern,P.P28.4,Valid Percentage,"$\text{percentage} = \frac{\text{current}}{\text{total}} \times 100 \in [0, 100]$",0
P29,Centralized State Store,pattern,P.P29.1,Single Source of Truth,∃! store: all application state in store,0
P29,Centralized State Store,pattern,P.P29.2,Immutable Updates,"reducer(state, action) returns new state, doesn't mutate old state",0
P29,Centralized State Store,pattern,P.P29.3,Unidirectional Flow,action → reducer → new_state → notify_subscribers,0
P30,Command Pattern,pattern,P.P30.1,Reversibility,∀cmd: undo(execute(cmd)) returns to pre-execution state,0
P30,Command Pattern,pattern,P.P30.2,Command History,All executed commands pushed to undo_stack,0
P30,Command Pattern,pattern,P.P30.3,Redo Invalidation,New command execution → clear redo_stack,0
P31,Observer Pattern,pattern,P.P31.1,Loose Coupling,Subject doesn't know observer details Observers independent of each other,0
P31,Observer Pattern,pattern,P.P31.2,Automatic Updates,subject.state changes → notify_all_observers(),0
P32,Plugin Architecture,pattern,P.P32.1,Isolation,Plugins isolated from each other Plugin failure doesn't crash system,0
P32,Plugin Architecture,pattern,P.P32.2,Well-Defined Interface,All plugins implement same interface,0
P32,Plugin Architecture,pattern,P.P32.3,Dynamic Loading,Plugins loaded/unloaded at runtime,0
P33,Hook System,pattern,P.P33.1,Handler Order,Handlers invoked in registration order,0
P33,Hook System,pattern,P.P33.2,Error Handling,Handler error doesn't prevent other handlers from running,0
P34,Strategy Pattern,pattern,P.P34.1,Interface Compatibility,"∀impl ∈ implementations: implements(impl, interface)",0
P34,Strategy Pattern,pattern,P.P34.2,Hot-Swappable,Can change strategy at runtime without recompilation,0
P35,Split-Pane Layout,pattern,P.P35.1,Size Conservation,"∑_{p ∈ P, σ₃₅(p) = visible} R(p) = 1",0
P35,Split-Pane Layout,pattern,P.P35.2,Adjacency Constraints,"∀p_i, p_j ∈ P: δ₃₅(p_i, p_j) = splitter ⇔ adjacent(p_i, p_j)",0
P35,Split-Pane Layout,pattern,P.P35.3,Minimum Size Constraint,∀p ∈ P: R(p) ≥ R_min(p) ∨ σ₃₅(p) = collapsed,0
P36,Selection-Driven Panel,pattern,P.P36.1,Selection-Driven Content,selection changes → content := φ₃₆(selection) ∀s ∈ Element: content = φ₃₆(s) when selection = s,0
P36,Selection-Driven Panel,pattern,P.P36.2,Reactive Update,selection := new_selection ⇒ notify_observers(SelectionEvent) All observers automatically receive update,0
P36,Selection-Driven Panel,pattern,P.P36.3,Null Selection State,selection = null ⇒ content = empty_state | default_content Panel handles empty selection gracefully,0
P38,Badge/Indicator Pattern,pattern,P.P38.1,Correctness,$\forall i : \text{valid}(i) \implies \text{correct}(\text{output}(i))$,0
P38,Badge/Indicator Pattern,pattern,P.P38.2,Performance,$\Delta t_{process} < \text{threshold}$,0
P38,Badge/Indicator Pattern,pattern,P.P38.3,Consistency,"$\forall i_1, i_2 : i_1 = i_2 \implies \text{output}(i_1) = \text{output}(i_2)$",0
P38,Badge/Indicator Pattern,pattern,P.P38.4,Usability,$\forall u : \text{usable}(u)$,0
P39,Contextual Action Menu,pattern,P.P39.1,Context Dependency,"∀a ∈ A: π₃₉(a, C) determines visibility",0
P39,Contextual Action Menu,pattern,P.P39.2,Mutual Exclusivity,"∀m₁, m₂ ∈ Menus: m₁ ≠ m₂ ⇒ ¬(σ₃₉(m₁) = open ∧ σ₃₉(m₂) = open)",0
P39,Contextual Action Menu,pattern,P.P39.3,Auto-Dismiss,σ₃₉(M) = open ∧ click(outside(M)) ⇒ σ₃₉(M) := closed,0
P40,Mode Toggle System,pattern,P.P40.1,Mutual Exclusivity,"∀t: ∃!m ∈ M: active(m, t)",0
P40,Mode Toggle System,pattern,P.P40.2,Transition Atomicity,"transition(m_i, m_j) succeeds ⇔ δ₄₀(m_i, m_j) = allowed",0
P40,Mode Toggle System,pattern,P.P40.3,UI Consistency,active(m) ⇒ UI = φ₄₀(m),0
P41,Inline Status Chip,pattern,P.P41.1,State-Style Coupling,∀θ ∈ States: style(S) = σ₄₁(θ),0
P41,Inline Status Chip,pattern,P.P41.2,Compactness,width(S) ≤ 20·fontSize ∧ height(S) ≤ 2·fontSize,0
P41,Inline Status Chip,pattern,P.P41.3,Color Semantics,σ₄₁(success) = green σ₄₁(warning) = yellow σ₄₁(error) = red σ₄₁(info) = blue,0
P42,Tooltip/Hint System,pattern,P.P42.1,Correctness,$\forall i : \text{valid}(i) \implies \text{correct}(\text{output}(i))$,0
P42,Tooltip/Hint System,pattern,P.P42.2,Performance,$\Delta t_{process} < \text{threshold}$,0
P42,Tooltip/Hint System,pattern,P.P42.3,Consistency,"$\forall i_1, i_2 : i_1 = i_2 \implies \text{output}(i_1) = \text{output}(i_2)$",0
P42,Tooltip/Hint System,pattern,P.P42.4,Usability,$\forall u : \text{usable}(u)$,0
P43,Application Navigation Drawer,pattern,P.P43.1,State Machine,Transitions: collapsed ↔ expanded expanded ↔ pinned collapsed ↔ pinned,0
P43,Application Navigation Drawer,pattern,P.P43.2,Space Management,"available_width = viewport.width - (σ₄₃ ∈ {expanded, pinned} ? ω₄₃ : 0)",0
P43,Application Navigation Drawer,pattern,P.P43.3,Overlay Behavior,O(σ₄₃) = true ⇔ σ₄₃ = expanded,0
P44,Keyboard Shortcut System,pattern,P.P44.1,Binding Uniqueness,"∀k₁, k₂: k₁ ≠ k₂ ⇒ B(k₁) ≠ B(k₂) ∨ scope(k₁) ∩ scope(k₂) = ∅",0
P44,Keyboard Shortcut System,pattern,P.P44.2,Platform Mapping,"P(Mac): Ctrl ↦ Cmd, Alt ↦ Option P(Windows): identity P(Linux): identity",0
P44,Keyboard Shortcut System,pattern,P.P44.3,Scope Hierarchy,priority(component) > priority(modal) > priority(global),0
P47,Inline Editing Pattern,pattern,P.P47.1,Mode Exclusivity,|{m : active(m)}| = 1,0
P47,Inline Editing Pattern,pattern,P.P47.2,Position Preservation,bounds(view) ≈ bounds(edit),0
P47,Inline Editing Pattern,pattern,P.P47.3,Validation Gate,commit(v) succeeds ⇔ valid(v),0
P48,Form Validation Pattern,pattern,P.P48.1,Eager Validation,field.dirty ∧ field.touched ⇒ validate(field) on change,0
P48,Form Validation Pattern,pattern,P.P48.2,Form-Level Validation,"valid(form) ⇔ ∀f ∈ fields: state[f] ∈ {Valid, Pristine}",0
P48,Form Validation Pattern,pattern,P.P48.3,Async Validation,validate_async(field) → ValidationResult (eventually) state[field] = Validating during execution,0
P48,Form Validation Pattern,pattern,P.P48.4,Cross-Field Validation,"validate_group([field₁, field₂, ...]) → ValidationResult Example: password confirmation",0
P49,Multi-Step Form (Wizard) Pattern,pattern,P.P49.1,Sequential Progress,can_advance(step) ⇔ valid(steps[current]),0
P49,Multi-Step Form (Wizard) Pattern,pattern,P.P49.2,Data Accumulation,complete(step_i) ⇒ data := data ∪ extract_values(step_i),0
P49,Multi-Step Form (Wizard) Pattern,pattern,P.P49.3,State Persistence,"Navigate away → persist(data, current) Return → restore(data, current)",0
P49,Multi-Step Form (Wizard) Pattern,pattern,P.P49.4,Non-Linear Navigation,∀i < current: can_goto(i)  // Can revisit completed steps,0
P50,Form Dependency Pattern,pattern,P.P50.1,Dependency Graph,deps forms a DAG (no circular dependencies),0
P50,Form Dependency Pattern,pattern,P.P50.2,Automatic Updates,change(field_A) ∧ field_B ∈ deps[field_A] ⇒ update(field_B),0
P50,Form Dependency Pattern,pattern,P.P50.3,Conditional Visibility,"visible(field) = evaluate(visibility_condition, form_data)",0
P50,Form Dependency Pattern,pattern,P.P50.4,Value Computation,computed_field.value = compute(dependencies.values),0
P51,Responsive Layout Pattern (NEW),pattern,P.P51.1,Breakpoint Selection,current = max{bp.name : bp.width ≤ viewport.width},0
P51,Responsive Layout Pattern (NEW),pattern,P.P51.2,Layout Activation,viewport changes → update_current() → apply(layouts[current]),0
P51,Responsive Layout Pattern (NEW),pattern,P.P51.3,Mobile-First,breakpoints ordered: mobile < tablet < desktop < wide,0
P52,Pagination Pattern,pattern,P.P52.1,Page Calculation,"total_pages = ⌈total / size⌉ page ∈ [1, total_pages]",0
P52,Pagination Pattern,pattern,P.P52.2,Item Range,current_items = data[(page-1)·size : page·size],0
P52,Pagination Pattern,pattern,P.P52.3,Boundary Checks,has_prev ⇔ page > 1 has_next ⇔ page < total_pages,0
P53,Filtering Pattern,pattern,P.P53.1,Result Computation,"result = {item ∈ data : ∀(k, v) ∈ active: filters[k].apply(item, v)}",0
P53,Filtering Pattern,pattern,P.P53.2,Facet Accuracy,facets[filter_k][value_v] = |{item ∈ result : item[k] = value_v}|,0
P53,Filtering Pattern,pattern,P.P53.3,Filter Composition,Multiple filters combined with AND (intersection) Multi-select within filter combined with OR (union),0
P54,Sorting Pattern,pattern,P.P54.1,Stable Sort,Items with equal sort keys maintain their original relative order,0
P54,Sorting Pattern,pattern,P.P54.2,Multi-Column Sort,"Sort by order[0], then order[1] for ties, then order[2], ...",0
P54,Sorting Pattern,pattern,P.P54.3,Type-Aware Comparison,"comparator respects type semantics: Numeric: 2 < 10 String: ""a"" < ""b"" (lexicographic) Date: older < newer",0
P55,Virtualization Pattern,pattern,P.P55.1,Minimal Rendering,|visible| ≪ |data| Only render items in viewport ± buffer,0
P55,Virtualization Pattern,pattern,P.P55.2,Scroll Performance,scroll_event → update_visible() completes in < 16ms,0
P55,Virtualization Pattern,pattern,P.P55.3,Memory Efficiency,"memory_usage = O(|visible|), not O(|data|)",0
P55,Virtualization Pattern,pattern,P.P55.4,Content Height,total_height = ∑_{item ∈ data} item_height(item),0
P56,Cache Strategy Pattern,pattern,P.P56.1,Bounded Size,|storage| ≤ max_size,0
P56,Cache Strategy Pattern,pattern,P.P56.2,Cache Hit,get(key) → O(1) if key ∈ storage,0
P56,Cache Strategy Pattern,pattern,P.P56.3,Automatic Eviction,|storage| = max_size ∧ insert(new_key) → evict() → insert(new_key),0
P57,Data Migration Pattern,pattern,P.P57.1,Bidirectionality,∀m ∈ migrations: ∃m⁻¹: m⁻¹(m(data)) = data,0
P57,Data Migration Pattern,pattern,P.P57.2,Transactional,Migration completes fully or rolls back,0
P57,Data Migration Pattern,pattern,P.P57.3,Version Ordering,versions totally ordered: v₁ < v₂ < v₃ < ...,0
P58,Authentication Pattern,pattern,P.P58.1,Secure Storage,"Passwords stored as secure hashes, never plaintext",0
P58,Authentication Pattern,pattern,P.P58.2,Session Expiration,∀session ∈ sessions: now() > session.expires ⇒ invalid(session),0
P58,Authentication Pattern,pattern,P.P58.3,Token Security,Tokens cryptographically signed and time-limited,0
P59,Authorization Pattern,pattern,P.P59.1,Least Privilege,Default deny: access denied unless explicitly allowed,0
P59,Authorization Pattern,pattern,P.P59.2,Policy Evaluation,Explicit deny overrides allow Multiple policies combined with AND,0
P59,Authorization Pattern,pattern,P.P59.3,Inheritance,Group permissions inherited by members Parent resource permissions inherited by children,0
P60,Input Sanitization Pattern,pattern,P.P60.1,Defense in Depth,Multiple layers: validate → sanitize → encode,0
P60,Input Sanitization Pattern,pattern,P.P60.2,Whitelist Over Blacklist,Allow known-good patterns rather than blocking known-bad,0
P60,Input Sanitization Pattern,pattern,P.P60.3,Context-Appropriate Encoding,HTML context → HTML encode SQL context → Parameterized queries URL context → URL encode,0
P61,Unit Test Pattern,pattern,P.P61.1,Isolation,Unit tests run independently No shared state between tests,0
P61,Unit Test Pattern,pattern,P.P61.2,Fast Execution,"Unit tests complete in milliseconds No I/O, network, or database",0
P61,Unit Test Pattern,pattern,P.P61.3,Repeatability,Same input → same output (deterministic),0
P61,Unit Test Pattern,pattern,P.P61.4,Single Assertion Focus,Each test verifies one behavior Clear failure messages,0
P62,Integration Test Pattern,pattern,P.P62.1,Multiple Components,Tests interaction between ≥2 real components,0
P62,Integration Test Pattern,pattern,P.P62.2,External Dependencies,"May use real databases, APIs, file systems Or test doubles (test DB, mock APIs)",0
P62,Integration Test Pattern,pattern,P.P62.3,Slower Than Unit Tests,Execution time: seconds (vs milliseconds for unit tests),0
P63,End-to-End Test Pattern,pattern,P.P63.1,Full System,"Tests complete system from user perspective Real browser, real UI, real backend",0
P63,End-to-End Test Pattern,pattern,P.P63.2,User Scenarios,Tests realistic user workflows Example: Register → Login → Purchase → Logout,0
P63,End-to-End Test Pattern,pattern,P.P63.3,Slowest Tests,Execution time: seconds to minutes Run less frequently than unit/integration tests,0
P64,Generative UI,pattern,P.P64.1,Dynamic Generation,$\forall c \in \text{Context} : gen(c) \to \text{ComponentSpec}$ (context-dependent UI generation),0
P64,Generative UI,pattern,P.P64.2,Streaming Render,$\forall t \in stream : \exists \Delta UI : render(t) = \Delta UI$ (incremental rendering per token),0
P64,Generative UI,pattern,P.P64.3,Template Safety,$\forall spec \in \text{ComponentSpec} : spec.template \in T_{lib}$ (only valid templates used),0
P64,Generative UI,pattern,P.P64.4,Real-Time Morphing,$\Delta t_{morph} = t_{render}(\text{token}_i) - t_{receive}(\text{token}_i) < 16ms$ (60fps responsiveness),0
P65,Streaming Component,pattern,P.P65.1,Token-by-Token Updates,$\forall t \in \tau_{stream} : \exists \Delta UI : t \to \Delta UI$ (progressive disclosure),0
P65,Streaming Component,pattern,P.P65.2,Buffer Boundedness,$\forall t : |buf(t)| \leq \text{capacity}$ (prevents memory overflow),0
P65,Streaming Component,pattern,P.P65.3,Render Order Preservation,"$\forall i, j : i < j \implies \text{order}(Q_{render}[i]) < \text{order}(Q_{render}[j])$ (FIFO queue)",0
P65,Streaming Component,pattern,P.P65.4,Sync Consistency,$\forall s \in \text{State} : sync(s) \implies \text{UI}_{rendered} = \text{UI}_{expected}(s)$,0
P66,Context-Adaptive Interface,pattern,P.P66.1,Context Sensitivity,"$\forall c_1, c_2 \in \text{Context} : c_1 \neq c_2 \implies R_{adapt}(T_{ctx}(c_1)) \neq R_{adapt}(T_{ctx}(c_2))$ (distinct contexts → distinct UIs)",0
P66,Context-Adaptive Interface,pattern,P.P66.2,Smooth Transitions,$\forall t : \Delta t_{transition} = t_{UI_{new}} - t_{context_{change}} < 200ms$ (perceptually instant),0
P66,Context-Adaptive Interface,pattern,P.P66.3,State Preservation,$\forall s \in U_{state} : \text{adapt}(c) \implies U_{state}' \supseteq s$ (state persists across adaptations),0
P66,Context-Adaptive Interface,pattern,P.P66.4,Variant Coverage,$\forall c \in \text{Context} : \exists v \in T_{ui} : R_{adapt}(T_{ctx}(c)) = v$ (complete coverage),0
P67,Progressive Disclosure by AI,pattern,P.P67.1,Monotonic Disclosure,"$\forall t_1, t_2 : t_1 < t_2 \implies \text{Revealed}_{t_1} \subseteq \text{Revealed}_{t_2}$ (never hide revealed info)",0
P67,Progressive Disclosure by AI,pattern,P.P67.2,Relevance-Based Ordering,"$\forall n_1, n_2 : score_{rel}(n_1) > score_{rel}(n_2) \implies t_{reveal}(n_1) \leq t_{reveal}(n_2)$ (high relevance first)",0
P67,Progressive Disclosure by AI,pattern,P.P67.3,Parent-Before-Children,"$\forall n, c : c \in \text{children}(n) \implies t_{reveal}(n) < t_{reveal}(c)$ (hierarchical order)",0
P67,Progressive Disclosure by AI,pattern,P.P67.4,Cognitive Load Management,$\forall t : |\text{Revealed}_t \setminus \text{Revealed}_{t-\Delta t}| \leq k$ (bounded disclosure rate),0
P68,Agent Team Visualization,pattern,P.P68.1,Complete Roster,$\forall a \in \text{ActiveAgents} : a \in A_{roster}$ (all active agents visualized),0
P68,Agent Team Visualization,pattern,P.P68.2,Role Uniqueness,$\exists! a \in A_{roster} : R_{roles}(a) = \text{coordinator}$ (exactly one coordinator),0
P68,Agent Team Visualization,pattern,P.P68.3,Status Real-Time,$\forall a \in A_{roster} : \Delta t_{status} = t_{display}(S_{status}(a)) - t_{actual}(a) < 100ms$,0
P68,Agent Team Visualization,pattern,P.P68.4,Coordination Visibility,"$\forall c \in C_{coord} : \text{visible}(c) \land \text{direction}(c) \in \{\text{bidirectional}, \text{unidirectional}\}$",0
P69,Agent Activity Timeline,pattern,P.P69.1,Chronological Ordering,"$\forall e_1, e_2 \in Events : e_1.timestamp < e_2.timestamp \implies \text{index}(e_1) < \text{index}(e_2)$",0
P69,Agent Activity Timeline,pattern,P.P69.2,Complete Agent Coverage,$\forall a \in Agents : \exists e \in Events : e.agent = a$ (all agents have events),0
P69,Agent Activity Timeline,pattern,P.P69.3,Event Causality,"$\forall e_1, e_2 : e_1 \xrightarrow{\text{causes}} e_2 \implies e_1.timestamp < e_2.timestamp$",0
P69,Agent Activity Timeline,pattern,P.P69.4,Real-Time Updates,$\forall e \in Events : \Delta t_{display} = t_{show}(e) - e.timestamp < 50ms$,0
P70,Agent Handoff,pattern,P.P70.1,State Preservation,"$\forall s \in \Sigma_{state} : \text{handoff}(A_{from}, A_{to}, s) \implies s' = s$ (no state loss)",0
P70,Agent Handoff,pattern,P.P70.2,Handoff Atomicity,"$\text{handoff}(A_{from}, A_{to}) \implies \exists t : \text{owner}(\text{task}, t^-) = A_{from} \land \text{owner}(\text{task}, t^+) = A_{to}$",0
P70,Agent Handoff,pattern,P.P70.3,Capability Compatibility,$\forall \text{task} : \text{capabilities}(A_{from}) \subseteq \text{capabilities}(A_{to})$ for handoff,0
P70,Agent Handoff,pattern,P.P70.4,Verification Required,$\forall \text{transfer} : \text{complete}(\text{transfer}) \iff V_{verify}(\Sigma_{state}) = \text{true}$,0
P71,Orchestration Dashboard,pattern,P.P71.1,Complete Workflow Visibility,$\forall n \in W_{flow}.V : \text{visible}(n) \land \text{status}(n) \in \text{Dashboard}$,0
P71,Orchestration Dashboard,pattern,P.P71.2,Real-Time Metrics,$\forall m \in M_{metrics} : \Delta t_{update}(m) < 1s$ (near real-time updates),0
P71,Orchestration Dashboard,pattern,P.P71.3,Control Responsiveness,$\forall c \in C_{control} : \text{execute}(c) \implies \text{effect}(c) \text{ within } 100ms$,0
P71,Orchestration Dashboard,pattern,P.P71.4,Dependency Visualization,"$\forall (u, v) \in W_{flow}.E : \text{visible}(\text{edge}(u, v)) \land \text{direction}(u, v)$",0
P72,Agent Role Selector,pattern,P.P72.1,Optimal Role Selection,"$\forall t \in \text{Tasks} : r^* = \arg\max_{r \in R_{available}} M_{match}(r, t)$ (best match)",0
P72,Agent Role Selector,pattern,P.P72.2,Capability Coverage,$\forall t : t.\text{requirements} \subseteq r^*.\text{capabilities}$ where $r^*$ is selected role,0
P72,Agent Role Selector,pattern,P.P72.3,Dynamic Re-assignment,"$\forall a : \text{failing}(a) \implies \exists r' : A_{assign}(r', t) = a'$ (can reassign on failure)",0
P72,Agent Role Selector,pattern,P.P72.4,Load Balancing,$\text{variance}(\{|\text{tasks}(a)| \mid a \in \text{Agents}\}) < \theta$ (balanced workload),0
P73,Composite Action,pattern,P.P73.1,Compositional Semantics,"$\forall a_1, a_2 : exec(compose([a_1, a_2])) = exec(a_2) \circ exec(a_1)$ (sequential composition)",0
P73,Composite Action,pattern,P.P73.2,Atomicity of Composite,$\forall c \in \text{CompositeAction} : \text{partial\_failure}(c) \implies rollback(c)$ (all-or-nothing),0
P73,Composite Action,pattern,P.P73.3,Dependency Ordering,"$\forall a_i, a_j \in c : a_i \xrightarrow{\text{depends}} a_j \implies \text{order}(a_i) < \text{order}(a_j)$",0
P73,Composite Action,pattern,P.P73.4,Compensation Completeness,$\forall a \in A_{atomic} : \exists u : a.\text{undo} = u$ (every action has undo),0
P74,Continuous AI Monitoring,pattern,P.P74.1,Continuous Observation,$\forall t : \exists s \in S_{stream} : s.\text{timestamp} = t$ (always monitoring),0
P74,Continuous AI Monitoring,pattern,P.P74.2,Low-Latency Detection,$\forall a \in \text{Anomalies} : \Delta t_{detect} = t_{alert}(a) - t_{occur}(a) < 1s$,0
P74,Continuous AI Monitoring,pattern,P.P74.3,Threshold Sensitivity,$\forall m \in \text{Metrics} : |m| > T_{threshold}[m] \implies \exists a : a.\text{metric} = m$,0
P74,Continuous AI Monitoring,pattern,P.P74.4,False Positive Rate,$\frac{|\text{false\_positives}|}{|\text{all\_alerts}|} < \alpha$ where $\alpha < 0.05$ (acceptable rate),0
P75,Proactive Intervention,pattern,P.P75.1,Proactive Trigger,$\forall i \in \text{Interventions} : t_{intervene}(i) < t_{need}(i)$ (intervenes before need arises),0
P75,Proactive Intervention,pattern,P.P75.2,Cognitive Load Awareness,$\forall i : U_{user}.\text{load} > \theta_{high} \implies T_{timing}(i) = \text{defer}$ (respects cognitive state),0
P75,Proactive Intervention,pattern,P.P75.3,Confidence Threshold,$\forall p \in \text{Predictions} : p.\text{confidence} \geq \theta_{conf} \implies \text{intervene}(p)$,0
P75,Proactive Intervention,pattern,P.P75.4,User Acceptance Rate,"$\frac{|\text{accepted\_interventions}|}{|\text{all\_interventions}|} > 0.8$ (high acceptance, per PDF)",0
P76,Ambient AI,pattern,P.P76.1,Core Property 1,Formal specification for property 1,0
P76,Ambient AI,pattern,P.P76.2,Core Property 2,Formal specification for property 2,0
P76,Ambient AI,pattern,P.P76.3,Core Property 3,Formal specification for property 3,0
P77,Intelligent Interruption,pattern,P.P77.1,Core Property 1,Formal specification for property 1,0
P77,Intelligent Interruption,pattern,P.P77.2,Core Property 2,Formal specification for property 2,0
P77,Intelligent Interruption,pattern,P.P77.3,Core Property 3,Formal specification for property 3,0
P78,Background Task Management,pattern,P.P78.1,Core Property 1,Formal specification for property 1,0
P78,Background Task Management,pattern,P.P78.2,Core Property 2,Formal specification for property 2,0
P78,Background Task Management,pattern,P.P78.3,Core Property 3,Formal specification for property 3,0
P79,Anticipatory Action,pattern,P.P79.1,Core Property 1,Formal specification for property 1,0
P79,Anticipatory Action,pattern,P.P79.2,Core Property 2,Formal specification for property 2,0
P79,Anticipatory Action,pattern,P.P79.3,Core Property 3,Formal specification for property 3,0
P80,Voice Conversation,pattern,P.P80.1,Full-Duplex Communication,$\forall t : I_{speech}(t) \land O_{speech}(t)$ can occur simultaneously (bidirectional),0
P80,Voice Conversation,pattern,P.P80.2,Context Preservation,$\forall i : \text{Turn}_i \in M_{dialog} \implies \text{context}(\text{Turn}_{i+1}) \supseteq \text{context}(\text{Turn}_i)$,0
P80,Voice Conversation,pattern,P.P80.3,Low Latency,$\Delta t_{response} = t_{O_{speech}} - t_{I_{speech}} < 300ms$ (perceptual real-time),0
P80,Voice Conversation,pattern,P.P80.4,Confidence Threshold,"$\exists \theta \in (0,1) : \text{Confidence}(R_{intent}) \geq \theta \implies \text{execute}(R_{intent})$",0
P81,Voice Command with Visual Feedback,pattern,P.P81.1,Core Property 1,Formal specification for property 1,0
P81,Voice Command with Visual Feedback,pattern,P.P81.2,Core Property 2,Formal specification for property 2,0
P81,Voice Command with Visual Feedback,pattern,P.P81.3,Core Property 3,Formal specification for property 3,0
P82,Multimodal Input Fusion,pattern,P.P82.1,Core Property 1,Formal specification for property 1,0
P82,Multimodal Input Fusion,pattern,P.P82.2,Core Property 2,Formal specification for property 2,0
P82,Multimodal Input Fusion,pattern,P.P82.3,Core Property 3,Formal specification for property 3,0
P83,Voice-First Navigation,pattern,P.P83.1,Core Property 1,Formal specification for property 1,0
P83,Voice-First Navigation,pattern,P.P83.2,Core Property 2,Formal specification for property 2,0
P83,Voice-First Navigation,pattern,P.P83.3,Core Property 3,Formal specification for property 3,0
P84,Continuous Dictation,pattern,P.P84.1,Core Property 1,Formal specification for property 1,0
P84,Continuous Dictation,pattern,P.P84.2,Core Property 2,Formal specification for property 2,0
P84,Continuous Dictation,pattern,P.P84.3,Core Property 3,Formal specification for property 3,0
P85,Voice Disambiguation,pattern,P.P85.1,Core Property 1,Formal specification for property 1,0
P85,Voice Disambiguation,pattern,P.P85.2,Core Property 2,Formal specification for property 2,0
P85,Voice Disambiguation,pattern,P.P85.3,Core Property 3,Formal specification for property 3,0
P86,Approval Checkpoint,pattern,P.P86.1,Core Property 1,Formal specification for property 1,0
P86,Approval Checkpoint,pattern,P.P86.2,Core Property 2,Formal specification for property 2,0
P86,Approval Checkpoint,pattern,P.P86.3,Core Property 3,Formal specification for property 3,0
P87,Agency Slider,pattern,P.P87.1,Core Property 1,Formal specification for property 1,0
P87,Agency Slider,pattern,P.P87.2,Core Property 2,Formal specification for property 2,0
P87,Agency Slider,pattern,P.P87.3,Core Property 3,Formal specification for property 3,0
P88,Collaboration Mode Switcher,pattern,P.P88.1,Core Property 1,Formal specification for property 1,0
P88,Collaboration Mode Switcher,pattern,P.P88.2,Core Property 2,Formal specification for property 2,0
P88,Collaboration Mode Switcher,pattern,P.P88.3,Core Property 3,Formal specification for property 3,0
P89,Confidence Indicator,pattern,P.P89.1,Core Property 1,Formal specification for property 1,0
P89,Confidence Indicator,pattern,P.P89.2,Core Property 2,Formal specification for property 2,0
P89,Confidence Indicator,pattern,P.P89.3,Core Property 3,Formal specification for property 3,0
P90,Explanation on Demand,pattern,P.P90.1,Core Property 1,Formal specification for property 1,0
P90,Explanation on Demand,pattern,P.P90.2,Core Property 2,Formal specification for property 2,0
P90,Explanation on Demand,pattern,P.P90.3,Core Property 3,Formal specification for property 3,0
P91,Intervention Request,pattern,P.P91.1,Core Property 1,Formal specification for property 1,0
P91,Intervention Request,pattern,P.P91.2,Core Property 2,Formal specification for property 2,0
P91,Intervention Request,pattern,P.P91.3,Core Property 3,Formal specification for property 3,0
P92,Contextual Undo/Rollback,pattern,P.P92.1,Core Property 1,Formal specification for property 1,0
P92,Contextual Undo/Rollback,pattern,P.P92.2,Core Property 2,Formal specification for property 2,0
P92,Contextual Undo/Rollback,pattern,P.P92.3,Core Property 3,Formal specification for property 3,0
P93,Agent Thinking Indicator,pattern,P.P93.1,Core Property 1,Formal specification for property 1,0
P93,Agent Thinking Indicator,pattern,P.P93.2,Core Property 2,Formal specification for property 2,0
P93,Agent Thinking Indicator,pattern,P.P93.3,Core Property 3,Formal specification for property 3,0
P94,Tool Execution Visualization,pattern,P.P94.1,Core Property 1,Formal specification for property 1,0
P94,Tool Execution Visualization,pattern,P.P94.2,Core Property 2,Formal specification for property 2,0
P94,Tool Execution Visualization,pattern,P.P94.3,Core Property 3,Formal specification for property 3,0
P95,Multi-Step Progress,pattern,P.P95.1,Core Property 1,Formal specification for property 1,0
P95,Multi-Step Progress,pattern,P.P95.2,Core Property 2,Formal specification for property 2,0
P95,Multi-Step Progress,pattern,P.P95.3,Core Property 3,Formal specification for property 3,0
P96,Real-Time Confidence Display,pattern,P.P96.1,Core Property 1,Formal specification for property 1,0
P96,Real-Time Confidence Display,pattern,P.P96.2,Core Property 2,Formal specification for property 2,0
P96,Real-Time Confidence Display,pattern,P.P96.3,Core Property 3,Formal specification for property 3,0
P97,Resource Usage Indicator,pattern,P.P97.1,Core Property 1,Formal specification for property 1,0
P97,Resource Usage Indicator,pattern,P.P97.2,Core Property 2,Formal specification for property 2,0
P97,Resource Usage Indicator,pattern,P.P97.3,Core Property 3,Formal specification for property 3,0
P98,Agent State Timeline,pattern,P.P98.1,Core Property 1,Formal specification for property 1,0
P98,Agent State Timeline,pattern,P.P98.2,Core Property 2,Formal specification for property 2,0
P98,Agent State Timeline,pattern,P.P98.3,Core Property 3,Formal specification for property 3,0
P99,Knowledge Graph Explorer,pattern,P.P99.1,Core Property 1,Formal specification for property 1,0
P99,Knowledge Graph Explorer,pattern,P.P99.2,Core Property 2,Formal specification for property 2,0
P99,Knowledge Graph Explorer,pattern,P.P99.3,Core Property 3,Formal specification for property 3,0
P100,Source Citation,pattern,P.P100.1,Complete Citation,$\forall span \in \text{Content} : \exists s \in Sources : Inline_{refs}(span) = s.id$ (every claim cited),0
P100,Source Citation,pattern,P.P100.2,Verified Sources,$\forall s \in Sources : Verification(s.id) = \text{true}$ (all sources accessible),0
P100,Source Citation,pattern,P.P100.3,Confidence Transparency,"$\forall s \in Sources : s.confidence \in [0,1]$ is visible to user",0
P100,Source Citation,pattern,P.P100.4,Bidirectional Linking,$span \xrightarrow{\text{cites}} source \land source \xrightarrow{\text{cited-by}} span$ (navigable both ways),0
P101,Retrieval Path Visualization,pattern,P.P101.1,Path Explainability,"$\forall (n_i, e_i) \in Path_{retrieval} : \text{explain}(e_i) \to \text{why } n_{i} \to n_{i+1}$ (each hop justified)",0
P101,Retrieval Path Visualization,pattern,P.P101.2,Monotonic Relevance,"$\forall n_i, n_{i+1} \in Path_{retrieval} : Score_{relevance}(n_{i+1}) \leq Score_{relevance}(n_i)$ (decreasing along path)",0
P101,Retrieval Path Visualization,pattern,P.P101.3,Connected Path,$\forall i : \exists e \in \text{Edges} : e.source = n_i \land e.target = n_{i+1}$ (valid graph path),0
P101,Retrieval Path Visualization,pattern,P.P101.4,Multi-Hop Reasoning,$|Path_{retrieval}| \geq 1$ enables reasoning beyond direct neighbors,0
P102,Confidence-Based Highlighting,pattern,P.P102.1,Monotonic Color Mapping,"$\forall c_1, c_2 \in [0,1] : c_1 > c_2 \implies \text{brightness}(Colors(c_1)) > \text{brightness}(Colors(c_2))$",0
P102,Confidence-Based Highlighting,pattern,P.P102.2,Complete Coverage,"$\forall span \in Text : \exists c \in [0,1] : Conf_{scores}(span) = c$ (every span has confidence)",0
P102,Confidence-Based Highlighting,pattern,P.P102.3,Threshold Ordering,"$\forall i, j : i < j \implies Thresholds[i] < Thresholds[j]$ (increasing sequence)",0
P102,Confidence-Based Highlighting,pattern,P.P102.4,Visual Distinguishability,"$\forall t_i, t_{i+1} \in Thresholds : \Delta E(Colors(t_i), Colors(t_{i+1})) > \tau$ (perceptually distinct)",0
P103,Multi-Source Reconciliation,pattern,P.P103.1,Conflict Detection Completeness,"$\forall c_1, c_2 \in \text{Claims} : \text{contradicts}(c_1, c_2) \implies (c_1, c_2, t) \in Conflicts$ for some $t$",0
P103,Multi-Source Reconciliation,pattern,P.P103.2,Source Authority Weighting,$\text{consensus\_score}(claim) = \sum_{s \in \text{supporting}(claim)} w(s.authority)$ where $\sum w = 1$,0
P103,Multi-Source Reconciliation,pattern,P.P103.3,Transparency of Dissent,$\forall r \in \text{ResolvedClaim} : |r.dissenting\_sources| > 0 \implies \text{visible}(r.dissenting\_sources)$,0
P103,Multi-Source Reconciliation,pattern,P.P103.4,Temporal Consistency,"$\forall c_1, c_2 : c_1.timestamp < c_2.timestamp \implies \text{priority}(c_2) > \text{priority}(c_1)$ (recency bias)",0
P104,Graph Query Builder,pattern,P.P104.1,Visual-Textual Isomorphism,$\forall q : \text{semantics}(Q_{visual}) \equiv \text{semantics}(Cypher)$ (equivalent meaning),0
P104,Graph Query Builder,pattern,P.P104.2,Incremental Query Building,$Q_{visual}^{(t+1)} = Q_{visual}^{(t)} \oplus \text{addPattern}(\pi)$ (compositional),0
P104,Graph Query Builder,pattern,P.P104.3,Type Safety,$\forall e \in Q_{visual}.edges : \text{type}(e.source) \text{ compatible with } \text{type}(e.target)$,0
P104,Graph Query Builder,pattern,P.P104.4,Query Optimization,$Execute(Cypher) = Execute(\text{optimize}(Cypher))$ (semantic preserving optimization),0
P105,Semantic Similarity Visualizer,pattern,P.P105.1,Similarity Symmetry,"$\forall c_1, c_2 \in Concepts : Sim_{matrix}(c_1, c_2) = Sim_{matrix}(c_2, c_1)$ (symmetric)",0
P105,Semantic Similarity Visualizer,pattern,P.P105.2,Distance Preservation,"$\forall c_1, c_2 : Sim_{matrix}(c_1, c_2) > Sim_{matrix}(c_1, c_3) \implies$   $\|Layout(c_1) - Layout(c_2)\| < \|Layout(c_1) - Layout(c_3)\|$ (spatial proximity reflects similarity)",0
P105,Semantic Similarity Visualizer,pattern,P.P105.3,Threshold Filtering,"$\forall c_1, c_2 : Sim_{matrix}(c_1, c_2) < Threshold \implies \neg \text{visible}(\text{edge}(c_1, c_2))$",0
P105,Semantic Similarity Visualizer,pattern,P.P105.4,Self-Similarity Identity,"$\forall c \in Concepts : Sim_{matrix}(c, c) = 1$ (maximum self-similarity)",0
P106,Auto-Updating Content,pattern,P.P106.1,Core Property 1,Formal specification for property 1,0
P106,Auto-Updating Content,pattern,P.P106.2,Core Property 2,Formal specification for property 2,0
P106,Auto-Updating Content,pattern,P.P106.3,Core Property 3,Formal specification for property 3,0
P107,Suggested Edits,pattern,P.P107.1,Non-Overlapping Edits,"$\forall e_1, e_2 \in Improvements : e_1 \neq e_2 \implies e_1.span \cap e_2.span = \emptyset$ (disjoint)",0
P107,Suggested Edits,pattern,P.P107.2,Confidence-Based Ranking,"$\forall e_1, e_2 : Confidence(e_1) > Confidence(e_2) \implies \text{priority}(e_1) > \text{priority}(e_2)$",0
P107,Suggested Edits,pattern,P.P107.3,Explainable Suggestions,$\forall e \in Improvements : \exists r \in \text{String} : e.reason = r \land |r| > 0$ (all edits explained),0
P107,Suggested Edits,pattern,P.P107.4,Content Preservation,$\forall e \in Improvements : \text{semantics}(e.original) \approx \text{semantics}(e.replacement)$,0
P108,Cross-Document Linking,pattern,P.P108.1,Automatic Discovery,"$\forall d_1, d_2 \in Docs : Auto_{link}(d_1, d_2) > \theta \implies \exists l \in Relationships : l.source = d_1 \land l.target = d_2$",0
P108,Cross-Document Linking,pattern,P.P108.2,Bidirectional Navigation,$\forall l \in Relationships : l.bidirectional = \text{true} \implies \exists l' : l'.source = l.target \land l'.target = l.source$,0
P108,Cross-Document Linking,pattern,P.P108.3,Transitive Suggestions,"$(d_1, d_2) \in Relationships \land (d_2, d_3) \in Relationships \implies \text{suggest}(d_1, d_3)$ (transitive)",0
P108,Cross-Document Linking,pattern,P.P108.4,Semantic Consistency,"$\forall l : \text{similarity}(l.source.embedding, l.target.embedding) \geq \epsilon > 0$",0
P109,Outdated Content Detection,pattern,P.P109.1,Time-Based Decay,$\forall span : Freshness(span) = e^{-\lambda \cdot \Delta t}$ where $\Delta t = \text{now}() - \text{lastUpdated}(span)$,0
P109,Outdated Content Detection,pattern,P.P109.2,Source-Synchronized Staleness,$\forall s \in Sources : \text{sourceChanged}(s) \implies \exists a \in Alerts : a.\text{reason} = \text{source\_updated}$,0
P109,Outdated Content Detection,pattern,P.P109.3,Severity Threshold,$\forall a \in Alerts : Freshness(a.span) < \theta_{critical} \implies a.severity = \text{critical}$,0
P109,Outdated Content Detection,pattern,P.P109.4,Continuous Monitoring,"$\forall t \in \text{Time} : \exists \text{check}(Content, Sources) \text{ at interval } \Delta t_{check}$ (periodic)",0
P110,Collaborative Document Intelligence,pattern,P.P110.1,Conflict-Free Contributions,"$\forall c_1, c_2 \in Contributions : c_1.edit.span \cap c_2.edit.span \neq \emptyset \implies$   $\exists r \in \text{Resolution} : r(c_1, c_2) = c_{merged}$ (CRDT-like)",0
P110,Collaborative Document Intelligence,pattern,P.P110.2,Agent Specialization,"$\forall a \in Agents : \exists r \in \text{Role} : a.role = r \land \text{expert}(a, r)$",0
P110,Collaborative Document Intelligence,pattern,P.P110.3,Collaborative Convergence,$\lim_{t \to \infty} \text{quality}(\text{Document}_t) = \text{optimal}$ (agents improve document over time),0
P110,Collaborative Document Intelligence,pattern,P.P110.4,Attribution Transparency,$\forall span \in Document : \exists c \in Contributions : c.edit.span = span$ (traceable authorship),0
P111,Document Evolution Timeline,pattern,P.P111.1,Chronological Ordering,"$\forall v_i, v_{i+1} \in Versions : Timestamps(v_i) < Timestamps(v_{i+1})$ (monotonic time)",0
P111,Document Evolution Timeline,pattern,P.P111.2,Version Continuity,$\forall v_{i+1} \in Versions : \exists v_i : v_{i+1}.parent = v_i.id$ (except root version),0
P111,Document Evolution Timeline,pattern,P.P111.3,Complete Attribution,$\forall v \in Versions : Contributors(v) \neq \emptyset$ (every change has author),0
P111,Document Evolution Timeline,pattern,P.P111.4,Reconstructability,"$\forall v_i \in Versions : v_i = \text{apply}(v_0, \bigoplus_{j=1}^{i} Changes(v_{j-1}, v_j))$ (replay history)",0
P112,Event Stream Visualization,pattern,P.P112.1,Real-Time Responsiveness,$\forall e \in Events : \Delta t_{display}(e) = t_{render}(e) - e.timestamp < 100ms$ (low latency),0
P112,Event Stream Visualization,pattern,P.P112.2,Event Ordering,"$\forall e_1, e_2 \in Events : e_1.timestamp < e_2.timestamp \implies \text{position}(e_1) < \text{position}(e_2)$",0
P112,Event Stream Visualization,pattern,P.P112.3,Windowed Aggregation,$\forall w \in \text{Windows} : Aggregation(w) = f(\{e \in Events \mid e.timestamp \in w\})$,0
P112,Event Stream Visualization,pattern,P.P112.4,Filter Preservation,$\forall e \in Events : Filter(e) = \text{true} \implies e \in \text{VisibleEvents}$,0
P113,Event Replay Control,pattern,P.P113.1,Deterministic Replay,$\forall H \in \text{History} : State_{restore}(H) = State_{original}$ (reproducible),0
P113,Event Replay Control,pattern,P.P113.2,Speed Control,"$Playback.speed \in [0.1, 10] \implies \Delta t_{replay} = \frac{\Delta t_{original}}{Playback.speed}$",0
P113,Event Replay Control,pattern,P.P113.3,Event Causality Preservation,"$\forall e_1, e_2 \in History : e_1 \xrightarrow{\text{causes}} e_2 \implies \text{order}(e_1) < \text{order}(e_2)$ in replay",0
P113,Event Replay Control,pattern,P.P113.4,Selective Replay,$\text{replay}(Selector) = \{e \in History \mid Selector.predicate(e) \land e.timestamp \in Selector.range\}$,0
P114,Stream Backpressure,pattern,P.P114.1,Buffer Boundedness,$\forall t : |Buffer(t)| \leq \text{capacity}$ (no unbounded growth),0
P114,Stream Backpressure,pattern,P.P114.2,Rate Limiting,"$\forall \Delta t : |\{e \in \text{processed} \mid e.timestamp \in [t, t + \Delta t]\}| \leq Rate_{control} \times \Delta t$",0
P114,Stream Backpressure,pattern,P.P114.3,Backpressure Signal,"$|Buffer| > \theta \times \text{capacity} \implies \text{signal}(\text{upstream}, \text{slow\_down})$",0
P114,Stream Backpressure,pattern,P.P114.4,Fairness (when drop-random),"$\forall e_1, e_2 \in Buffer : P(\text{drop}(e_1)) = P(\text{drop}(e_2))$ (uniform probability)",0
P115,Event-Driven State Updates,pattern,P.P115.1,State Immutability,"$\forall e \in Events : Reducer(s, e) = s' \land s \neq s'$ (no mutation, new state returned)",0
P115,Event-Driven State Updates,pattern,P.P115.2,Reducer Determinism,"$\forall s, e : Reducer(s, e) = Reducer(s, e)$ (same input → same output)",0
P115,Event-Driven State Updates,pattern,P.P115.3,Event Sourcing,"$State_t = \text{foldl}(Reducer, State_0, \{e \in Event_{stream} \mid e.timestamp \leq t\})$",0
P115,Event-Driven State Updates,pattern,P.P115.4,UI Consistency,$\forall s : UI_{sync}(s) \implies \text{rendered\_state} = s$ (eventual consistency),0
P116,Multi-Stream Coordination UI,pattern,P.P116.1,Temporal Ordering,"$\forall s_1, s_2 \in Streams : Merge(\{s_1, s_2\}) = s' \implies$   $\forall e_1 \in s_1, e_2 \in s_2 : e_1.ts < e_2.ts \implies \text{order}(e_1, s') < \text{order}(e_2, s')$",0
P116,Multi-Stream Coordination UI,pattern,P.P116.2,Causal Consistency,"$\forall e_1, e_2 : e_1 \xrightarrow{\text{causes}} e_2 \implies e_1 \text{ appears before } e_2$ in merged stream",0
P116,Multi-Stream Coordination UI,pattern,P.P116.3,Lossless Merge,$\forall S \subseteq Streams : |\text{events}(Merge(S))| = \sum_{s \in S} |\text{events}(s)|$ (no events lost),0
P116,Multi-Stream Coordination UI,pattern,P.P116.4,Real-Time Coordination,$\forall s \in Streams : \Delta t_{merge}(s) < \epsilon$ (low latency merging),0
P117,Event Filter & Query,pattern,P.P117.1,Filter Composability,"$\forall f_1, f_2 \in Filters : \text{compose}(f_1, f_2) = \lambda e. f_1(e) \land f_2(e)$ (conjunction)",0
P117,Event Filter & Query,pattern,P.P117.2,Query Selectivity,$\forall q \in \text{Queries} : |\text{Results}(q)| \leq |\text{Stream}|$ (filtering reduces size),0
P117,Event Filter & Query,pattern,P.P117.3,Streaming Execution,$\forall e \in Stream : \text{latency}(\text{filter}(e)) < \Delta t_{threshold}$ (real-time filtering),0
P117,Event Filter & Query,pattern,P.P117.4,Pattern Matching Expressiveness,"$\text{Query}_{language} \supseteq \{\text{SEQ}, \text{AND}, \text{OR}, \text{NOT}, \text{WITHIN}\}$ (temporal operators)",0
P118,Domain Context Switcher,pattern,P.P118.1,Core Property 1,Formal specification for property 1,0
P118,Domain Context Switcher,pattern,P.P118.2,Core Property 2,Formal specification for property 2,0
P118,Domain Context Switcher,pattern,P.P118.3,Core Property 3,Formal specification for property 3,0
P119,Cross-Domain Integration View,pattern,P.P119.1,Domain Isolation,"$\forall d_1, d_2 \in Domains : d_1 \neq d_2 \implies d_1.\text{schema} \cap d_2.\text{schema} = \emptyset$ (separate contexts)",0
P119,Cross-Domain Integration View,pattern,P.P119.2,Integration Consistency,$\forall l \in Relationships : \exists t : l.\text{translator}(Data_{integrated}(l.\text{source})) \sim Data_{integrated}(l.\text{target})$,0
P119,Cross-Domain Integration View,pattern,P.P119.3,Context Preservation,$\forall d \in Domains : \text{semantics}(Data_{integrated}(d)) = \text{semantics}_d(\text{original\_data}(d))$,0
P119,Cross-Domain Integration View,pattern,P.P119.4,Agent Domain Assignment,$\forall a \in \text{Agents} : \exists! d \in Domains : a \in d.\text{agents}$ (unique assignment),0
P120,Domain-Specific Agent Activation,pattern,P.P120.1,Core Property 1,Formal specification for property 1,0
P120,Domain-Specific Agent Activation,pattern,P.P120.2,Core Property 2,Formal specification for property 2,0
P120,Domain-Specific Agent Activation,pattern,P.P120.3,Core Property 3,Formal specification for property 3,0
P121,Context Preservation Across Domains,pattern,P.P121.1,Core Property 1,Formal specification for property 1,0
P121,Context Preservation Across Domains,pattern,P.P121.2,Core Property 2,Formal specification for property 2,0
P121,Context Preservation Across Domains,pattern,P.P121.3,Core Property 3,Formal specification for property 3,0
P122,Multi-Domain Dashboard,pattern,P.P122.1,Core Property 1,Formal specification for property 1,0
P122,Multi-Domain Dashboard,pattern,P.P122.2,Core Property 2,Formal specification for property 2,0
P122,Multi-Domain Dashboard,pattern,P.P122.3,Core Property 3,Formal specification for property 3,0
P123,Domain Boundary Indicator,pattern,P.P123.1,Core Property 1,Formal specification for property 1,0
P123,Domain Boundary Indicator,pattern,P.P123.2,Core Property 2,Formal specification for property 2,0
P123,Domain Boundary Indicator,pattern,P.P123.3,Core Property 3,Formal specification for property 3,0
P124,Agent Trace Viewer,pattern,P.P124.1,Core Property 1,Formal specification for property 1,0
P124,Agent Trace Viewer,pattern,P.P124.2,Core Property 2,Formal specification for property 2,0
P124,Agent Trace Viewer,pattern,P.P124.3,Core Property 3,Formal specification for property 3,0
P125,Decision Explanation,pattern,P.P125.1,Core Property 1,Formal specification for property 1,0
P125,Decision Explanation,pattern,P.P125.2,Core Property 2,Formal specification for property 2,0
P125,Decision Explanation,pattern,P.P125.3,Core Property 3,Formal specification for property 3,0
P126,Token Usage Display,pattern,P.P126.1,Core Property 1,Formal specification for property 1,0
P126,Token Usage Display,pattern,P.P126.2,Core Property 2,Formal specification for property 2,0
P126,Token Usage Display,pattern,P.P126.3,Core Property 3,Formal specification for property 3,0
P127,Error Debug Interface,pattern,P.P127.1,Core Property 1,Formal specification for property 1,0
P127,Error Debug Interface,pattern,P.P127.2,Core Property 2,Formal specification for property 2,0
P127,Error Debug Interface,pattern,P.P127.3,Core Property 3,Formal specification for property 3,0
P128,A/B Test Results,pattern,P.P128.1,Core Property 1,Formal specification for property 1,0
P128,A/B Test Results,pattern,P.P128.2,Core Property 2,Formal specification for property 2,0
P128,A/B Test Results,pattern,P.P128.3,Core Property 3,Formal specification for property 3,0
P129,Performance Metrics Dashboard,pattern,P.P129.1,Core Property 1,Formal specification for property 1,0
P129,Performance Metrics Dashboard,pattern,P.P129.2,Core Property 2,Formal specification for property 2,0
P129,Performance Metrics Dashboard,pattern,P.P129.3,Core Property 3,Formal specification for property 3,0
P130,AI Agent Presence Indicator,pattern,P.P130.1,Core Property 1,Formal specification for property 1,0
P130,AI Agent Presence Indicator,pattern,P.P130.2,Core Property 2,Formal specification for property 2,0
P130,AI Agent Presence Indicator,pattern,P.P130.3,Core Property 3,Formal specification for property 3,0
P131,Multi-User + AI Avatar,pattern,P.P131.1,Core Property 1,Formal specification for property 1,0
P131,Multi-User + AI Avatar,pattern,P.P131.2,Core Property 2,Formal specification for property 2,0
P131,Multi-User + AI Avatar,pattern,P.P131.3,Core Property 3,Formal specification for property 3,0
P132,AI Cursor Sharing,pattern,P.P132.1,Core Property 1,Formal specification for property 1,0
P132,AI Cursor Sharing,pattern,P.P132.2,Core Property 2,Formal specification for property 2,0
P132,AI Cursor Sharing,pattern,P.P132.3,Core Property 3,Formal specification for property 3,0
P133,Activity Feed,pattern,P.P133.1,Core Property 1,Formal specification for property 1,0
P133,Activity Feed,pattern,P.P133.2,Core Property 2,Formal specification for property 2,0
P133,Activity Feed,pattern,P.P133.3,Core Property 3,Formal specification for property 3,0
P134,Collaboration Session,pattern,P.P134.1,Core Property 1,Formal specification for property 1,0
P134,Collaboration Session,pattern,P.P134.2,Core Property 2,Formal specification for property 2,0
P134,Collaboration Session,pattern,P.P134.3,Core Property 3,Formal specification for property 3,0
P135,Conflict Resolution Interface,pattern,P.P135.1,Core Property 1,Formal specification for property 1,0
P135,Conflict Resolution Interface,pattern,P.P135.2,Core Property 2,Formal specification for property 2,0
P135,Conflict Resolution Interface,pattern,P.P135.3,Core Property 3,Formal specification for property 3,0
P136,User Preference Learning,pattern,P.P136.1,Core Property 1,Formal specification for property 1,0
P136,User Preference Learning,pattern,P.P136.2,Core Property 2,Formal specification for property 2,0
P136,User Preference Learning,pattern,P.P136.3,Core Property 3,Formal specification for property 3,0
P137,Adaptive Interface,pattern,P.P137.1,Core Property 1,Formal specification for property 1,0
P137,Adaptive Interface,pattern,P.P137.2,Core Property 2,Formal specification for property 2,0
P137,Adaptive Interface,pattern,P.P137.3,Core Property 3,Formal specification for property 3,0
P138,Personalized Agent Configuration,pattern,P.P138.1,Core Property 1,Formal specification for property 1,0
P138,Personalized Agent Configuration,pattern,P.P138.2,Core Property 2,Formal specification for property 2,0
P138,Personalized Agent Configuration,pattern,P.P138.3,Core Property 3,Formal specification for property 3,0
P139,Learning Progress Indicator,pattern,P.P139.1,Core Property 1,Formal specification for property 1,0
P139,Learning Progress Indicator,pattern,P.P139.2,Core Property 2,Formal specification for property 2,0
P139,Learning Progress Indicator,pattern,P.P139.3,Core Property 3,Formal specification for property 3,0
P140,Reset/Retrain Controls,pattern,P.P140.1,Core Property 1,Formal specification for property 1,0
P140,Reset/Retrain Controls,pattern,P.P140.2,Core Property 2,Formal specification for property 2,0
P140,Reset/Retrain Controls,pattern,P.P140.3,Core Property 3,Formal specification for property 3,0
P141,Workflow Template Gallery,pattern,P.P141.1,Core Property 1,Formal specification for property 1,0
P141,Workflow Template Gallery,pattern,P.P141.2,Core Property 2,Formal specification for property 2,0
P141,Workflow Template Gallery,pattern,P.P141.3,Core Property 3,Formal specification for property 3,0
P142,Automation Builder,pattern,P.P142.1,Core Property 1,Formal specification for property 1,0
P142,Automation Builder,pattern,P.P142.2,Core Property 2,Formal specification for property 2,0
P142,Automation Builder,pattern,P.P142.3,Core Property 3,Formal specification for property 3,0
P143,Scheduled Agent,pattern,P.P143.1,Core Property 1,Formal specification for property 1,0
P143,Scheduled Agent,pattern,P.P143.2,Core Property 2,Formal specification for property 2,0
P143,Scheduled Agent,pattern,P.P143.3,Core Property 3,Formal specification for property 3,0
P144,Trigger-Action,pattern,P.P144.1,Core Property 1,Formal specification for property 1,0
P144,Trigger-Action,pattern,P.P144.2,Core Property 2,Formal specification for property 2,0
P144,Trigger-Action,pattern,P.P144.3,Core Property 3,Formal specification for property 3,0
P145,Workflow Monitoring Dashboard,pattern,P.P145.1,Core Property 1,Formal specification for property 1,0
P145,Workflow Monitoring Dashboard,pattern,P.P145.2,Core Property 2,Formal specification for property 2,0
P145,Workflow Monitoring Dashboard,pattern,P.P145.3,Core Property 3,Formal specification for property 3,0
P146,Token Budget Indicator,pattern,P.P146.1,Core Property 1,Formal specification for property 1,0
P146,Token Budget Indicator,pattern,P.P146.2,Core Property 2,Formal specification for property 2,0
P146,Token Budget Indicator,pattern,P.P146.3,Core Property 3,Formal specification for property 3,0
P147,Cost Estimation Preview,pattern,P.P147.1,Core Property 1,Formal specification for property 1,0
P147,Cost Estimation Preview,pattern,P.P147.2,Core Property 2,Formal specification for property 2,0
P147,Cost Estimation Preview,pattern,P.P147.3,Core Property 3,Formal specification for property 3,0
P148,Resource Limit Controls,pattern,P.P148.1,Core Property 1,Formal specification for property 1,0
P148,Resource Limit Controls,pattern,P.P148.2,Core Property 2,Formal specification for property 2,0
P148,Resource Limit Controls,pattern,P.P148.3,Core Property 3,Formal specification for property 3,0
P149,Usage Analytics Dashboard,pattern,P.P149.1,Core Property 1,Formal specification for property 1,0
P149,Usage Analytics Dashboard,pattern,P.P149.2,Core Property 2,Formal specification for property 2,0
P149,Usage Analytics Dashboard,pattern,P.P149.3,Core Property 3,Formal specification for property 3,0
P150,Rate Limit Warning,pattern,P.P150.1,Core Property 1,Formal specification for property 1,0
P150,Rate Limit Warning,pattern,P.P150.2,Core Property 2,Formal specification for property 2,0
P150,Rate Limit Warning,pattern,P.P150.3,Core Property 3,Formal specification for property 3,0
P152,Audit Trail Viewer,pattern,P.P152.1,Core Property 1,Formal specification for property 1,0
P152,Audit Trail Viewer,pattern,P.P152.2,Core Property 2,Formal specification for property 2,0
P152,Audit Trail Viewer,pattern,P.P152.3,Core Property 3,Formal specification for property 3,0
P153,Data Access Transparency,pattern,P.P153.1,Core Property 1,Formal specification for property 1,0
P153,Data Access Transparency,pattern,P.P153.2,Core Property 2,Formal specification for property 2,0
P153,Data Access Transparency,pattern,P.P153.3,Core Property 3,Formal specification for property 3,0
P154,Secure Credential Management,pattern,P.P154.1,Core Property 1,Formal specification for property 1,0
P154,Secure Credential Management,pattern,P.P154.2,Core Property 2,Formal specification for property 2,0
P154,Secure Credential Management,pattern,P.P154.3,Core Property 3,Formal specification for property 3,0
P155,Trust Score Indicator,pattern,P.P155.1,Core Property 1,Formal specification for property 1,0
P155,Trust Score Indicator,pattern,P.P155.2,Core Property 2,Formal specification for property 2,0
P155,Trust Score Indicator,pattern,P.P155.3,Core Property 3,Formal specification for property 3,0
